Expression,Lemmatized_Form,Type,Confidence,Length,Source_URL
"Die Zukunft","die zukunft","COLLOCATION",0,502,2,"https://de.wikipedia.org/wiki/Deutsche_Sprache"
"Englische","englische","COMPOUND_NOUN",0,800,1,"https://de.wikipedia.org/wiki/Deutsche_Sprache"
"im Jahre","im jahr","COLLOCATION",0,593,2,"https://de.wikipedia.org/wiki/Deutsche_Sprache"
"- 11-012458-0","- 11-012458-0","COLLOCATION",0,712,2,"https://de.wikipedia.org/wiki/Deutsche_Sprache"
"S. 20","s. 20","COLLOCATION",0,522,2,"https://de.wikipedia.org/wiki/Deutsche_Sprache"
"Schreibung","schreibung","COMPOUND_NOUN",0,800,1,"https://de.wikipedia.org/wiki/Deutsche_Sprache"
"Stammesdialekte","stammesdialekte","COMPOUND_NOUN",0,800,1,"https://de.wikipedia.org/wiki/Deutsche_Sprache"
"betrieben wird","betrieben wird","COLLOCATION",0,855,2,"https://de.wikipedia.org/wiki/Deutsche_Sprache"
"neben Französisch","neben französisch","COLLOCATION",0,618,2,"https://de.wikipedia.org/wiki/Deutsche_Sprache"
"öffentlichen Ämter","öffentlichen ämt","COLLOCATION",1,000,2,"https://de.wikipedia.org/wiki/Deutsche_Sprache"
"De Origem","de origem","COLLOCATION",0,845,2,"https://de.wikipedia.org/wiki/Deutsche_Sprache"
"und 56","und 56","COLLOCATION",0,600,2,"https://de.wikipedia.org/wiki/Deutsche_Sprache"
"Sprachcodes nach","sprachcodes nach","COLLOCATION",0,835,2,"https://de.wikipedia.org/wiki/Deutsche_Sprache"
"des Dialektkontinuums","des dialektkontinuums","COLLOCATION",0,621,2,"https://de.wikipedia.org/wiki/Deutsche_Sprache"
"Vorvogtländisch Süd","vorvogtländisch süd","COLLOCATION",1,000,2,"https://de.wikipedia.org/wiki/Deutsche_Sprache"
"und entferne","und entferne","COLLOCATION",0,600,2,"https://de.wikipedia.org/wiki/Deutsche_Sprache"
"existierte vor","existierte vor","PHRASAL_VERB",0,700,2,"https://de.wikipedia.org/wiki/Deutsche_Sprache"
"Datenerhebung","datenerhebung","COMPOUND_NOUN",0,800,1,"https://de.wikipedia.org/wiki/Deutsche_Sprache"
"Zugang zu","zugang zu","PHRASAL_VERB",0,700,2,"https://de.wikipedia.org/wiki/Deutsche_Sprache"
"Mobilität","mobilität","COMPOUND_NOUN",0,800,1,"https://de.wikipedia.org/wiki/Deutsche_Sprache"
"Umerziehung von","umerziehung von","COLLOCATION",0,600,2,"https://de.wikipedia.org/wiki/Deutsche_Sprache"
"Zürich betrieben","zürich betrieben","COLLOCATION",0,600,2,"https://de.wikipedia.org/wiki/Deutsche_Sprache"
"S. 12","s. 12","COLLOCATION",0,685,2,"https://de.wikipedia.org/wiki/Deutsche_Sprache"
"Volkssprache","volkssprache","COMPOUND_NOUN",0,800,1,"https://de.wikipedia.org/wiki/Deutsche_Sprache"
"Nouvelles d'","nouvelles d'","COLLOCATION",1,000,2,"https://de.wikipedia.org/wiki/Deutsche_Sprache"
"überregionale und","überregional und","COLLOCATION",0,600,2,"https://de.wikipedia.org/wiki/Deutsche_Sprache"
"wird als","wird als","COLLOCATION",0,600,2,"https://de.wikipedia.org/wiki/Deutsche_Sprache"
"Jacob Grimm","jacob grimm","COLLOCATION",1,000,2,"https://de.wikipedia.org/wiki/Deutsche_Sprache"
"Minderheitensprachen sind","minderheitensprachen sind","COLLOCATION",0,585,2,"https://de.wikipedia.org/wiki/Deutsche_Sprache"
"im Bereich","im bereich","COLLOCATION",0,557,2,"https://de.wikipedia.org/wiki/Deutsche_Sprache"
"beträgt vielleicht","beträgt vielleicht","COLLOCATION",0,600,2,"https://de.wikipedia.org/wiki/Deutsche_Sprache"
"Regionen","regionen","COMPOUND_NOUN",0,800,1,"https://de.wikipedia.org/wiki/Deutsche_Sprache"
"Eine Zeitreise","eine zeitreise","NAMED_ENTITY",0,850,2,"https://de.wikipedia.org/wiki/Deutsche_Sprache"
"Bevölkerung sprechen","bevölkerung sprechen","COLLOCATION",0,600,2,"https://de.wikipedia.org/wiki/Deutsche_Sprache"
"die nach","die nach","PHRASAL_VERB",0,700,2,"https://de.wikipedia.org/wiki/Deutsche_Sprache"
"Schwedisch","schwedisch","COMPOUND_NOUN",0,800,1,"https://de.wikipedia.org/wiki/Deutsche_Sprache"
"Lautverschiebung nicht","lautverschiebung nicht","COLLOCATION",0,694,2,"https://de.wikipedia.org/wiki/Deutsche_Sprache"
"Varietäten und","varietät und","COLLOCATION",0,600,2,"https://de.wikipedia.org/wiki/Deutsche_Sprache"
"die zweite hochdeutsche","die zweit hochdeutsche","COLLOCATION",0,650,3,"https://de.wikipedia.org/wiki/Deutsche_Sprache"
"sich seit","sich seit","COLLOCATION",0,600,2,"https://de.wikipedia.org/wiki/Deutsche_Sprache"
"EHF Fédération Internationale","ehf fédération internationale","NAMED_ENTITY",0,850,3,"https://de.wikipedia.org/wiki/Deutsche_Sprache"
"Mazedonische","mazedonische","COMPOUND_NOUN",0,800,1,"https://de.wikipedia.org/wiki/Deutsche_Sprache"
"et de","et de","COLLOCATION",0,718,2,"https://de.wikipedia.org/wiki/Deutsche_Sprache"
"Basketball –","basketball –","COLLOCATION",0,771,2,"https://de.wikipedia.org/wiki/Deutsche_Sprache"
"de Luge","de luge","COLLOCATION",0,845,2,"https://de.wikipedia.org/wiki/Deutsche_Sprache"
"– Euromosaik-","– euromosaik-","COLLOCATION",0,729,2,"https://de.wikipedia.org/wiki/Deutsche_Sprache"
"Vororten","vororten","COMPOUND_NOUN",0,800,1,"https://de.wikipedia.org/wiki/Deutsche_Sprache"
"Vogtländisch Vorvogtländisch","vogtländisch vorvogtländisch","COLLOCATION",1,000,2,"https://de.wikipedia.org/wiki/Deutsche_Sprache"
"Commission","commission","COMPOUND_NOUN",0,800,1,"https://de.wikipedia.org/wiki/Deutsche_Sprache"
"Zeitung oder","zeitung oder","COLLOCATION",0,600,2,"https://de.wikipedia.org/wiki/Deutsche_Sprache"
"die in","die in","PHRASAL_VERB",0,700,2,"https://de.wikipedia.org/wiki/Deutsche_Sprache"
"a b","a b","COLLOCATION",0,822,2,"https://de.wikipedia.org/wiki/Deutsche_Sprache"
"Fahnenflucht","fahnenflucht","COMPOUND_NOUN",0,800,1,"https://de.wikipedia.org/wiki/Deutsche_Sprache"
"Vokabulars","vokabulars","COMPOUND_NOUN",0,800,1,"https://de.wikipedia.org/wiki/Deutsche_Sprache"
"Ostniederdeutsch )","ostniederdeutsch )","COLLOCATION",0,501,2,"https://de.wikipedia.org/wiki/Deutsche_Sprache"
"mit aber","mit aber","PHRASAL_VERB",0,750,2,"https://de.wikipedia.org/wiki/Deutsche_Sprache"
"Les parcours","les parcours","COLLOCATION",1,000,2,"https://de.wikipedia.org/wiki/Deutsche_Sprache"
"Nur zwei","nur zwei","COLLOCATION",0,697,2,"https://de.wikipedia.org/wiki/Deutsche_Sprache"
"in Denmark","in denmark","COLLOCATION",0,540,2,"https://de.wikipedia.org/wiki/Deutsche_Sprache"
"Braunfels","braunfels","COMPOUND_NOUN",0,800,1,"https://de.wikipedia.org/wiki/Deutsche_Sprache"
"Sprachgewohnheiten","sprachgewohnheiten","COMPOUND_NOUN",0,800,1,"https://de.wikipedia.org/wiki/Deutsche_Sprache"
"Mittelhochdeutsch (","mittelhochdeutsch (","COLLOCATION",0,500,2,"https://de.wikipedia.org/wiki/Deutsche_Sprache"
"Historischen","historischen","COMPOUND_NOUN",0,800,1,"https://de.wikipedia.org/wiki/Deutsche_Sprache"
"sächsische Kanzleisprache","sächsische kanzleisprache","COLLOCATION",1,000,2,"https://de.wikipedia.org/wiki/Deutsche_Sprache"
"MB )","mb )","COLLOCATION",0,560,2,"https://de.wikipedia.org/wiki/Deutsche_Sprache"
"Besonders","besonders","COMPOUND_NOUN",0,800,1,"https://de.wikipedia.org/wiki/Deutsche_Sprache"
"als eigenständige","als eigenständige","COLLOCATION",0,667,2,"https://de.wikipedia.org/wiki/Deutsche_Sprache"
"und 20","und 20","COLLOCATION",0,600,2,"https://de.wikipedia.org/wiki/Deutsche_Sprache"
"das Fersental und","das fersental und","COLLOCATION",0,650,3,"https://de.wikipedia.org/wiki/Deutsche_Sprache"
"Schifferausdrücke","schifferausdrücke","COMPOUND_NOUN",0,800,1,"https://de.wikipedia.org/wiki/Deutsche_Sprache"
"zu eine","zu eine","PHRASAL_VERB",0,750,2,"https://de.wikipedia.org/wiki/Deutsche_Sprache"
"einer Gallup","einer gallup","COLLOCATION",0,888,2,"https://de.wikipedia.org/wiki/Deutsche_Sprache"
"Österreichs","österreichs","COMPOUND_NOUN",0,800,1,"https://de.wikipedia.org/wiki/Deutsche_Sprache"
"Muttersprache","muttersprache","COMPOUND_NOUN",0,800,1,"https://de.wikipedia.org/wiki/Deutsche_Sprache"
"Schwäbisch -","schwäbisch -","COLLOCATION",0,612,2,"https://de.wikipedia.org/wiki/Deutsche_Sprache"
"- Alemannisch","- alemannisch","COLLOCATION",0,570,2,"https://de.wikipedia.org/wiki/Deutsche_Sprache"
"war es","war es","COLLOCATION",0,519,2,"https://de.wikipedia.org/wiki/Deutsche_Sprache"
"ausgestorben )","ausgestorben )","COLLOCATION",0,501,2,"https://de.wikipedia.org/wiki/Deutsche_Sprache"
"auf dialektaler","auf dialektaler","PHRASAL_VERB",0,750,2,"https://de.wikipedia.org/wiki/Deutsche_Sprache"
"statistical agency","statistical agency","COLLOCATION",0,600,2,"https://de.wikipedia.org/wiki/Deutsche_Sprache"
"Berlin /","berlin /","COLLOCATION",0,843,2,"https://de.wikipedia.org/wiki/Deutsche_Sprache"
"Elsässer gaben","elsäss gaben","COLLOCATION",0,600,2,"https://de.wikipedia.org/wiki/Deutsche_Sprache"
"Zunahme","zunahme","COMPOUND_NOUN",0,800,1,"https://de.wikipedia.org/wiki/Deutsche_Sprache"
"( 0,52","( 0,52","COLLOCATION",0,559,2,"https://de.wikipedia.org/wiki/Deutsche_Sprache"
"vom Niederländischen","vom niederländischen","COLLOCATION",0,623,2,"https://de.wikipedia.org/wiki/Deutsche_Sprache"
"Rechtschreibung mit","rechtschreibung mit","PHRASAL_VERB",0,700,2,"https://de.wikipedia.org/wiki/Deutsche_Sprache"
"Pickelhaube","pickelhaube","COMPOUND_NOUN",0,800,1,"https://de.wikipedia.org/wiki/Deutsche_Sprache"
"setzte sich","setzte sich","COLLOCATION",0,833,2,"https://de.wikipedia.org/wiki/Deutsche_Sprache"
"deutsche Muttersprachler","deutsche muttersprachler","COLLOCATION",0,664,2,"https://de.wikipedia.org/wiki/Deutsche_Sprache"
"Conversation","conversation","COMPOUND_NOUN",0,800,1,"https://de.wikipedia.org/wiki/Deutsche_Sprache"
"4 Millionen","4 millionen","COLLOCATION",0,663,2,"https://de.wikipedia.org/wiki/Deutsche_Sprache"
"Schwäbisch Bairisch","schwäbisch bairisch","COLLOCATION",1,000,2,"https://de.wikipedia.org/wiki/Deutsche_Sprache"
"Languages of","languages of","COLLOCATION",0,904,2,"https://de.wikipedia.org/wiki/Deutsche_Sprache"
"und nur","und nur","COLLOCATION",0,600,2,"https://de.wikipedia.org/wiki/Deutsche_Sprache"
"Ein Wörterbuch","ein wörterbuch","NAMED_ENTITY",0,850,2,"https://de.wikipedia.org/wiki/Deutsche_Sprache"
"folgende :","folgende :","COLLOCATION",0,572,2,"https://de.wikipedia.org/wiki/Deutsche_Sprache"
"Baden )","baden )","COLLOCATION",0,560,2,"https://de.wikipedia.org/wiki/Deutsche_Sprache"
"drei Amtssprachen","drei amtssprachen","COLLOCATION",0,904,2,"https://de.wikipedia.org/wiki/Deutsche_Sprache"
"Pfeifer","pfeifer","COMPOUND_NOUN",0,800,1,"https://de.wikipedia.org/wiki/Deutsche_Sprache"
"Unter Standardabweichung","unter standardabweichung","PHRASAL_VERB",0,750,2,"https://de.wikipedia.org/wiki/Deutsche_Sprache"
"Tschechien","tschechien","COMPOUND_NOUN",0,800,1,"https://de.wikipedia.org/wiki/Deutsche_Sprache"
"den ostpommerschen","den ostpommerschen","COLLOCATION",0,656,2,"https://de.wikipedia.org/wiki/Deutsche_Sprache"
"eine Untertitelung der","eine untertitelung der","COLLOCATION",0,650,3,"https://de.wikipedia.org/wiki/Deutsche_Sprache"
"Schwäbisch","schwäbisch","COMPOUND_NOUN",0,800,1,"https://de.wikipedia.org/wiki/Deutsche_Sprache"
"Doppelidentität","doppelidentität","COMPOUND_NOUN",0,800,1,"https://de.wikipedia.org/wiki/Deutsche_Sprache"
"Sprachbereiche","sprachbereiche","COMPOUND_NOUN",0,800,1,"https://de.wikipedia.org/wiki/Deutsche_Sprache"
"vor und","vor und","PHRASAL_VERB",0,750,2,"https://de.wikipedia.org/wiki/Deutsche_Sprache"
"Dialekt Plautdietsch","dialekt plautdietsch","COLLOCATION",0,600,2,"https://de.wikipedia.org/wiki/Deutsche_Sprache"
"ein Forschung","ein forschung","PHRASAL_VERB",0,750,2,"https://de.wikipedia.org/wiki/Deutsche_Sprache"
"zu haben","zu haben","PHRASAL_VERB",0,750,2,"https://de.wikipedia.org/wiki/Deutsche_Sprache"
"elsässischen Zeitungen","elsässischen zeitungen","COLLOCATION",0,933,2,"https://de.wikipedia.org/wiki/Deutsche_Sprache"
"Limburg -Weilburg","limburg -weilburg","COLLOCATION",1,000,2,"https://de.wikipedia.org/wiki/Deutsche_Sprache"
"Orts -","orts -","COLLOCATION",0,712,2,"https://de.wikipedia.org/wiki/Deutsche_Sprache"
"Parterre","parterre","COMPOUND_NOUN",0,800,1,"https://de.wikipedia.org/wiki/Deutsche_Sprache"
"Genres Schlager","genres schlager","NAMED_ENTITY",0,850,2,"https://de.wikipedia.org/wiki/Deutsche_Sprache"
"deutscher Unterrichtssprache","deutsch unterrichtssprache","COLLOCATION",0,600,2,"https://de.wikipedia.org/wiki/Deutsche_Sprache"
"und wer","und wer","COLLOCATION",0,600,2,"https://de.wikipedia.org/wiki/Deutsche_Sprache"
"Fremdsprache","fremdsprache","COMPOUND_NOUN",0,800,1,"https://de.wikipedia.org/wiki/Deutsche_Sprache"
"Mischsprache Missingsch","mischsprache missingsch","NAMED_ENTITY",0,850,2,"https://de.wikipedia.org/wiki/Deutsche_Sprache"
"Trottoir","trottoir","COMPOUND_NOUN",0,800,1,"https://de.wikipedia.org/wiki/Deutsche_Sprache"
"den slawischen","den slawischen","COLLOCATION",0,615,2,"https://de.wikipedia.org/wiki/Deutsche_Sprache"
"Millionen Erstsprachler","millionen erstsprachler","COLLOCATION",0,863,2,"https://de.wikipedia.org/wiki/Deutsche_Sprache"
"Nordniederdeutsch ""","nordniederdeutsch ""","COLLOCATION",0,629,2,"https://de.wikipedia.org/wiki/Deutsche_Sprache"
"Seebold","seebold","COMPOUND_NOUN",0,800,1,"https://de.wikipedia.org/wiki/Deutsche_Sprache"
"deutsche Standardsprache","deutsch standardsprache","COLLOCATION",0,600,2,"https://de.wikipedia.org/wiki/Deutsche_Sprache"
"erweiterte Auflage","erweiterte auflage","COLLOCATION",0,972,2,"https://de.wikipedia.org/wiki/Deutsche_Sprache"
"die Beseitigung der","die beseitigung der","COLLOCATION",0,650,3,"https://de.wikipedia.org/wiki/Deutsche_Sprache"
"E Cultural","e cultural","COLLOCATION",1,000,2,"https://de.wikipedia.org/wiki/Deutsche_Sprache"
"anderen germanischen","anderen germanischen","COLLOCATION",0,734,2,"https://de.wikipedia.org/wiki/Deutsche_Sprache"
"des Mittellands","des mittellands","COLLOCATION",0,695,2,"https://de.wikipedia.org/wiki/Deutsche_Sprache"
"Ein Handbuch","ein handbuch","COLLOCATION",0,795,2,"https://de.wikipedia.org/wiki/Deutsche_Sprache"
"Otfrieds","otfrieds","COMPOUND_NOUN",0,800,1,"https://de.wikipedia.org/wiki/Deutsche_Sprache"
"Lateinisch","lateinisch","COMPOUND_NOUN",0,800,1,"https://de.wikipedia.org/wiki/Deutsche_Sprache"
"Woiwodschaft","woiwodschaft","COMPOUND_NOUN",0,800,1,"https://de.wikipedia.org/wiki/Deutsche_Sprache"
"ostpommerschen oder","ostpommerschen oder","COLLOCATION",0,711,2,"https://de.wikipedia.org/wiki/Deutsche_Sprache"
"n )","n )","COLLOCATION",0,501,2,"https://de.wikipedia.org/wiki/Deutsche_Sprache"
"zu beobachten","zu beobachten","PHRASAL_VERB",0,750,2,"https://de.wikipedia.org/wiki/Deutsche_Sprache"
"kann daher","kann daher","COLLOCATION",1,000,2,"https://de.wikipedia.org/wiki/Deutsche_Sprache"
"Sprachentwicklung","sprachentwicklung","COMPOUND_NOUN",0,800,1,"https://de.wikipedia.org/wiki/Deutsche_Sprache"
"Archive )","archiv )","COLLOCATION",0,560,2,"https://de.wikipedia.org/wiki/Deutsche_Sprache"
"völlig neu","völlig neu","COLLOCATION",0,600,2,"https://de.wikipedia.org/wiki/Deutsche_Sprache"
"sich aufgrund","sich aufgrund","COLLOCATION",0,616,2,"https://de.wikipedia.org/wiki/Deutsche_Sprache"
"municípios brasileiros","municípios brasileiros","COLLOCATION",1,000,2,"https://de.wikipedia.org/wiki/Deutsche_Sprache"
"Ursprung","ursprung","COMPOUND_NOUN",0,800,1,"https://de.wikipedia.org/wiki/Deutsche_Sprache"
"von brasilianischen","von brasilianischen","COLLOCATION",0,725,2,"https://de.wikipedia.org/wiki/Deutsche_Sprache"
"100 Millionen","100 millionen","COLLOCATION",0,763,2,"https://de.wikipedia.org/wiki/Deutsche_Sprache"
"so viele","so viel","COLLOCATION",0,985,2,"https://de.wikipedia.org/wiki/Deutsche_Sprache"
"Sprechern kaum","sprechern kaum","COLLOCATION",0,600,2,"https://de.wikipedia.org/wiki/Deutsche_Sprache"
"Intensität","intensität","COMPOUND_NOUN",0,800,1,"https://de.wikipedia.org/wiki/Deutsche_Sprache"
"22 Prozent","22 prozent","COLLOCATION",0,745,2,"https://de.wikipedia.org/wiki/Deutsche_Sprache"
"Sprachpanschern","sprachpanschern","COMPOUND_NOUN",0,800,1,"https://de.wikipedia.org/wiki/Deutsche_Sprache"
"hunsrückischen Dialekt","hunsrückisch dialekt","COLLOCATION",0,850,2,"https://de.wikipedia.org/wiki/Deutsche_Sprache"
"Nach die","nach die","PHRASAL_VERB",0,750,2,"https://de.wikipedia.org/wiki/Deutsche_Sprache"
"Langobardische","langobardische","COMPOUND_NOUN",0,800,1,"https://de.wikipedia.org/wiki/Deutsche_Sprache"
"die nach Englisch","die nach englisch","COLLOCATION",0,650,3,"https://de.wikipedia.org/wiki/Deutsche_Sprache"
"Einwohnern","einwohnern","COMPOUND_NOUN",0,800,1,"https://de.wikipedia.org/wiki/Deutsche_Sprache"
"Gemeinschaft","gemeinschaft","COMPOUND_NOUN",0,800,1,"https://de.wikipedia.org/wiki/Deutsche_Sprache"
"bis Dezember","bis dezember","COLLOCATION",0,593,2,"https://de.wikipedia.org/wiki/Deutsche_Sprache"
"Etymologisches","etymologisches","COMPOUND_NOUN",0,800,1,"https://de.wikipedia.org/wiki/Deutsche_Sprache"
"Althochdeutsch (","althochdeutsch (","COLLOCATION",0,559,2,"https://de.wikipedia.org/wiki/Deutsche_Sprache"
"Domestic Life","domestic life","COLLOCATION",0,600,2,"https://de.wikipedia.org/wiki/Deutsche_Sprache"
"wie zum","wi zum","COLLOCATION",0,600,2,"https://de.wikipedia.org/wiki/Deutsche_Sprache"
"Vergleich zu","vergleich zu","COLLOCATION",0,600,2,"https://de.wikipedia.org/wiki/Deutsche_Sprache"
"Januar 2010","januar 2010","COLLOCATION",0,791,2,"https://de.wikipedia.org/wiki/Deutsche_Sprache"
"dänischen Sprache","dänischen sprach","COLLOCATION",0,810,2,"https://de.wikipedia.org/wiki/Deutsche_Sprache"
"Universität Leipzig","universität leipzig","COLLOCATION",1,000,2,"https://de.wikipedia.org/wiki/Deutsche_Sprache"
"Süd -","süd -","COLLOCATION",0,653,2,"https://de.wikipedia.org/wiki/Deutsche_Sprache"
"Januar 2007","januar 2007","COLLOCATION",0,919,2,"https://de.wikipedia.org/wiki/Deutsche_Sprache"
"les cultures","les cultures","COLLOCATION",1,000,2,"https://de.wikipedia.org/wiki/Deutsche_Sprache"
"zumeist nur","zumeist nur","COLLOCATION",0,600,2,"https://de.wikipedia.org/wiki/Deutsche_Sprache"
"parcours francoallemands","parcours francoallemands","COLLOCATION",1,000,2,"https://de.wikipedia.org/wiki/Deutsche_Sprache"
"leichter als","leichter als","COLLOCATION",0,709,2,"https://de.wikipedia.org/wiki/Deutsche_Sprache"
"Monophthongierung","monophthongierung","COMPOUND_NOUN",0,800,1,"https://de.wikipedia.org/wiki/Deutsche_Sprache"
"unbeschadet der","unbeschadet der","COLLOCATION",0,600,2,"https://de.wikipedia.org/wiki/Deutsche_Sprache"
"Typisch","typisch","COMPOUND_NOUN",0,800,1,"https://de.wikipedia.org/wiki/Deutsche_Sprache"
"Landfriede","landfriede","COMPOUND_NOUN",0,800,1,"https://de.wikipedia.org/wiki/Deutsche_Sprache"
"= Lautübertragung","= lautübertragung","COLLOCATION",1,000,2,"https://de.wikipedia.org/wiki/Deutsche_Sprache"
"Anmerkung","anmerkung","COMPOUND_NOUN",0,800,1,"https://de.wikipedia.org/wiki/Deutsche_Sprache"
"immer mehr","immer mehr","COLLOCATION",0,978,2,"https://de.wikipedia.org/wiki/Deutsche_Sprache"
"Werner Besch","werner besch","COLLOCATION",1,000,2,"https://de.wikipedia.org/wiki/Deutsche_Sprache"
"zu §","zu §","COLLOCATION",0,569,2,"https://de.wikipedia.org/wiki/Deutsche_Sprache"
"Oberdeutsch Alemannisch","oberdeutsch alemannisch","COLLOCATION",1,000,2,"https://de.wikipedia.org/wiki/Deutsche_Sprache"
"alleinige Amtssprache","alleinige amtssprache","COLLOCATION",0,950,2,"https://de.wikipedia.org/wiki/Deutsche_Sprache"
"Lateinisch geschrieben","lateinisch geschrieben","COLLOCATION",0,600,2,"https://de.wikipedia.org/wiki/Deutsche_Sprache"
"Mischform mit","mischform mit","COLLOCATION",0,756,2,"https://de.wikipedia.org/wiki/Deutsche_Sprache"
"Europäische Handballföderation","europäisch handballföderation","COLLOCATION",1,000,2,"https://de.wikipedia.org/wiki/Deutsche_Sprache"
"im Gegensatz zu","im gegensatz zu","PREPOSITIONAL_PHRASE",0,900,3,"https://de.wikipedia.org/wiki/Deutsche_Sprache"
"begann mit","begann mit","PHRASAL_VERB",0,700,2,"https://de.wikipedia.org/wiki/Deutsche_Sprache"
"Vocabularius","vocabularius","COMPOUND_NOUN",0,800,1,"https://de.wikipedia.org/wiki/Deutsche_Sprache"
"Schiedssprüche","schiedssprüche","COMPOUND_NOUN",0,800,1,"https://de.wikipedia.org/wiki/Deutsche_Sprache"
"– Versuch","– versuch","COLLOCATION",0,712,2,"https://de.wikipedia.org/wiki/Deutsche_Sprache"
"vom 2","vom 2","COLLOCATION",0,501,2,"https://de.wikipedia.org/wiki/Deutsche_Sprache"
"als Fremdsprache","als fremdsprache","COLLOCATION",0,692,2,"https://de.wikipedia.org/wiki/Deutsche_Sprache"
"dominierende Rolle","dominierend rolle","COLLOCATION",0,600,2,"https://de.wikipedia.org/wiki/Deutsche_Sprache"
"Luxembourg","luxembourg","COMPOUND_NOUN",0,800,1,"https://de.wikipedia.org/wiki/Deutsche_Sprache"
"Ein dieses","ein dieses","PHRASAL_VERB",0,750,2,"https://de.wikipedia.org/wiki/Deutsche_Sprache"
"Ein dieser","ein dieser","PHRASAL_VERB",0,750,2,"https://de.wikipedia.org/wiki/Deutsche_Sprache"
"vom 4","vom 4","COLLOCATION",0,540,2,"https://de.wikipedia.org/wiki/Deutsche_Sprache"
"European Football","european football","COLLOCATION",1,000,2,"https://de.wikipedia.org/wiki/Deutsche_Sprache"
"niederdeutschen Dialekte","niederdeutschen dialekte","COLLOCATION",0,685,2,"https://de.wikipedia.org/wiki/Deutsche_Sprache"
"vom 8","vom 8","COLLOCATION",0,652,2,"https://de.wikipedia.org/wiki/Deutsche_Sprache"
"deutsche Sprache","deutsch sprache","COLLOCATION",0,600,2,"https://de.wikipedia.org/wiki/Deutsche_Sprache"
"ein und weist","ein und weist","COLLOCATION",0,650,3,"https://de.wikipedia.org/wiki/Deutsche_Sprache"
"Dominanz","dominanz","COMPOUND_NOUN",0,800,1,"https://de.wikipedia.org/wiki/Deutsche_Sprache"
"Sprache weltweit","sprach weltweit","COLLOCATION",0,600,2,"https://de.wikipedia.org/wiki/Deutsche_Sprache"
"Strassen -","strassen -","COLLOCATION",0,712,2,"https://de.wikipedia.org/wiki/Deutsche_Sprache"
"oberdeutschen Dialekten","oberdeutschen dialekten","COLLOCATION",1,000,2,"https://de.wikipedia.org/wiki/Deutsche_Sprache"
"Vermischung und","vermischung und","COLLOCATION",0,600,2,"https://de.wikipedia.org/wiki/Deutsche_Sprache"
"Schriftstellerin","schriftstellerin","COMPOUND_NOUN",0,800,1,"https://de.wikipedia.org/wiki/Deutsche_Sprache"
"vor die","vor die","PHRASAL_VERB",0,750,2,"https://de.wikipedia.org/wiki/Deutsche_Sprache"
"Einteilung der","einteilung der","COLLOCATION",0,531,2,"https://de.wikipedia.org/wiki/Deutsche_Sprache"
"umgangssprachlich ""","umgangssprachlich ""","COLLOCATION",0,555,2,"https://de.wikipedia.org/wiki/Deutsche_Sprache"
"Arbeitsgruppe Deutsch","arbeitsgruppe deutsch","COLLOCATION",0,699,2,"https://de.wikipedia.org/wiki/Deutsche_Sprache"
"Homepages","homepages","COMPOUND_NOUN",0,800,1,"https://de.wikipedia.org/wiki/Deutsche_Sprache"
"besteht auch","besteht auch","COLLOCATION",0,600,2,"https://de.wikipedia.org/wiki/Deutsche_Sprache"
"Romanes","romanes","COMPOUND_NOUN",0,800,1,"https://de.wikipedia.org/wiki/Deutsche_Sprache"
"Gemeinsamkeit","gemeinsamkeit","COMPOUND_NOUN",0,800,1,"https://de.wikipedia.org/wiki/Deutsche_Sprache"
"Lautverschiebung in","lautverschiebung in","PHRASAL_VERB",0,700,2,"https://de.wikipedia.org/wiki/Deutsche_Sprache"
"Duitsers","duitsers","COMPOUND_NOUN",0,800,1,"https://de.wikipedia.org/wiki/Deutsche_Sprache"
"Bruch und","bruch und","COLLOCATION",0,600,2,"https://de.wikipedia.org/wiki/Deutsche_Sprache"
"im Einzelnen","im einzelnen","COLLOCATION",0,629,2,"https://de.wikipedia.org/wiki/Deutsche_Sprache"
"Hohenlohisch Unterfränkisch","hohenlohisch unterfränkisch","COLLOCATION",1,000,2,"https://de.wikipedia.org/wiki/Deutsche_Sprache"
"aus es","aus es","PHRASAL_VERB",0,750,2,"https://de.wikipedia.org/wiki/Deutsche_Sprache"
"im Burgenland","im burgenland","COLLOCATION",0,671,2,"https://de.wikipedia.org/wiki/Deutsche_Sprache"
"Öfteren","öfteren","COMPOUND_NOUN",0,800,1,"https://de.wikipedia.org/wiki/Deutsche_Sprache"
"Germânica (","germânica (","COLLOCATION",0,559,2,"https://de.wikipedia.org/wiki/Deutsche_Sprache"
"Ponaschemu","ponaschemu","COMPOUND_NOUN",0,800,1,"https://de.wikipedia.org/wiki/Deutsche_Sprache"
"Bürgerinformationsportal der","bürgerinformationsportal der","COLLOCATION",0,600,2,"https://de.wikipedia.org/wiki/Deutsche_Sprache"
"Unterrichtssprache","unterrichtssprache","COMPOUND_NOUN",0,800,1,"https://de.wikipedia.org/wiki/Deutsche_Sprache"
"Wirtschaftskraft","wirtschaftskraft","COMPOUND_NOUN",0,800,1,"https://de.wikipedia.org/wiki/Deutsche_Sprache"
"Juli 2019","juli 2019","COLLOCATION",0,781,2,"https://de.wikipedia.org/wiki/Deutsche_Sprache"
"vor den","vor den","PHRASAL_VERB",0,750,2,"https://de.wikipedia.org/wiki/Deutsche_Sprache"
"Anreicherung","anreicherung","COMPOUND_NOUN",0,800,1,"https://de.wikipedia.org/wiki/Deutsche_Sprache"
"wie auch","wi auch","COLLOCATION",0,600,2,"https://de.wikipedia.org/wiki/Deutsche_Sprache"
"Herausgabe","herausgabe","COMPOUND_NOUN",0,800,1,"https://de.wikipedia.org/wiki/Deutsche_Sprache"
"Sprachgrenze","sprachgrenze","COMPOUND_NOUN",0,800,1,"https://de.wikipedia.org/wiki/Deutsche_Sprache"
"Bairisch","bairisch","COMPOUND_NOUN",0,800,1,"https://de.wikipedia.org/wiki/Deutsche_Sprache"
"Ähnliches","ähnliches","COMPOUND_NOUN",0,800,1,"https://de.wikipedia.org/wiki/Deutsche_Sprache"
"eine Varietät","eine varietät","COLLOCATION",0,591,2,"https://de.wikipedia.org/wiki/Deutsche_Sprache"
"über eine","über eine","PHRASAL_VERB",0,750,2,"https://de.wikipedia.org/wiki/Deutsche_Sprache"
"Dienste","dienste","COMPOUND_NOUN",0,800,1,"https://de.wikipedia.org/wiki/Deutsche_Sprache"
"Eigentum","eigentum","COMPOUND_NOUN",0,800,1,"https://de.wikipedia.org/wiki/Deutsche_Sprache"
"auf direkten","auf direkten","PHRASAL_VERB",0,750,2,"https://de.wikipedia.org/wiki/Deutsche_Sprache"
"Riograndenser","riograndenser","COMPOUND_NOUN",0,800,1,"https://de.wikipedia.org/wiki/Deutsche_Sprache"
"findet man","findet man","COLLOCATION",0,881,2,"https://de.wikipedia.org/wiki/Deutsche_Sprache"
"Empfangsantenne","empfangsantenne","COMPOUND_NOUN",0,800,1,"https://de.wikipedia.org/wiki/Deutsche_Sprache"
"Thüringisch -Obersächsisch","thüringisch -obersächsisch","COLLOCATION",1,000,2,"https://de.wikipedia.org/wiki/Deutsche_Sprache"
"Geleend","geleend","COMPOUND_NOUN",0,800,1,"https://de.wikipedia.org/wiki/Deutsche_Sprache"
"Sprache aus","sprach aus","COLLOCATION",0,600,2,"https://de.wikipedia.org/wiki/Deutsche_Sprache"
"ESA Organisation","esa organisation","NAMED_ENTITY",0,850,2,"https://de.wikipedia.org/wiki/Deutsche_Sprache"
"Reiches","reiches","COMPOUND_NOUN",0,800,1,"https://de.wikipedia.org/wiki/Deutsche_Sprache"
"und östlich","und östlich","COLLOCATION",0,526,2,"https://de.wikipedia.org/wiki/Deutsche_Sprache"
"suchen ist","such ist","COLLOCATION",0,600,2,"https://de.wikipedia.org/wiki/Deutsche_Sprache"
"aus go","aus go","PHRASAL_VERB",0,750,2,"https://de.wikipedia.org/wiki/Deutsche_Sprache"
"Behaghel","behaghel","COMPOUND_NOUN",0,800,1,"https://de.wikipedia.org/wiki/Deutsche_Sprache"
"Menschenrechte","menschenrechte","COMPOUND_NOUN",0,800,1,"https://de.wikipedia.org/wiki/Deutsche_Sprache"
"überarbeitete und","überarbeitet und","COLLOCATION",0,600,2,"https://de.wikipedia.org/wiki/Deutsche_Sprache"
"Normierung zurück","normierung zurück","COLLOCATION",0,600,2,"https://de.wikipedia.org/wiki/Deutsche_Sprache"
"werden können","werden können","COLLOCATION",0,794,2,"https://de.wikipedia.org/wiki/Deutsche_Sprache"
"Pomerode","pomerode","COMPOUND_NOUN",0,800,1,"https://de.wikipedia.org/wiki/Deutsche_Sprache"
"vom Spätmittelalter","vom spätmittelalter","COLLOCATION",0,814,2,"https://de.wikipedia.org/wiki/Deutsche_Sprache"
"in Lothringen","in lothringen","COLLOCATION",0,540,2,"https://de.wikipedia.org/wiki/Deutsche_Sprache"
"Mittellands und","mittellands und","COLLOCATION",0,558,2,"https://de.wikipedia.org/wiki/Deutsche_Sprache"
"Bevölkerungsgruppe des","bevölkerungsgruppe des","COLLOCATION",0,636,2,"https://de.wikipedia.org/wiki/Deutsche_Sprache"
"Schriftwerke","schriftwerke","COMPOUND_NOUN",0,800,1,"https://de.wikipedia.org/wiki/Deutsche_Sprache"
") Ostfälisch",") ostfälisch","COLLOCATION",0,560,2,"https://de.wikipedia.org/wiki/Deutsche_Sprache"
"wie z","wi z","COLLOCATION",0,600,2,"https://de.wikipedia.org/wiki/Deutsche_Sprache"
"Alexander Graf","alexander graf","COLLOCATION",1,000,2,"https://de.wikipedia.org/wiki/Deutsche_Sprache"
"wie beispielsweise","wi beispielsweise","COLLOCATION",0,698,2,"https://de.wikipedia.org/wiki/Deutsche_Sprache"
"sind gesetzlich","sind gesetzlich","COLLOCATION",0,759,2,"https://de.wikipedia.org/wiki/Deutsche_Sprache"
"Kandidat","kandidat","COMPOUND_NOUN",0,800,1,"https://de.wikipedia.org/wiki/Deutsche_Sprache"
"fast ausschliesslich","fast ausschliesslich","COLLOCATION",0,998,2,"https://de.wikipedia.org/wiki/Deutsche_Sprache"
"Wolfgang Pfeifer","wolfgang pfeifer","NAMED_ENTITY",0,850,2,"https://de.wikipedia.org/wiki/Deutsche_Sprache"
"Gressoney","gressoney","COMPOUND_NOUN",0,800,1,"https://de.wikipedia.org/wiki/Deutsche_Sprache"
"heidnisch '","heidnisch '","COLLOCATION",1,000,2,"https://de.wikipedia.org/wiki/Deutsche_Sprache"
"Teil vollzogen","teil vollzogen","COLLOCATION",0,802,2,"https://de.wikipedia.org/wiki/Deutsche_Sprache"
"gleichzeitig mit","gleichzeitig mit","COLLOCATION",0,600,2,"https://de.wikipedia.org/wiki/Deutsche_Sprache"
"das Schweizer","das schweizer","COLLOCATION",0,623,2,"https://de.wikipedia.org/wiki/Deutsche_Sprache"
"Assimilation","assimilation","COMPOUND_NOUN",0,800,1,"https://de.wikipedia.org/wiki/Deutsche_Sprache"
"kaum vorhanden","kaum vorhanden","COLLOCATION",1,000,2,"https://de.wikipedia.org/wiki/Deutsche_Sprache"
"der Bevölkerung der","der bevölkerung der","COLLOCATION",0,650,3,"https://de.wikipedia.org/wiki/Deutsche_Sprache"
"Nach den","nach den","PHRASAL_VERB",0,750,2,"https://de.wikipedia.org/wiki/Deutsche_Sprache"
"nach dem","nach dem","PHRASAL_VERB",0,750,2,"https://de.wikipedia.org/wiki/Deutsche_Sprache"
"ihrer gesamtstaatlichen","ihr gesamtstaatlichen","COLLOCATION",0,600,2,"https://de.wikipedia.org/wiki/Deutsche_Sprache"
"Sprachen","sprachen","COMPOUND_NOUN",0,800,1,"https://de.wikipedia.org/wiki/Deutsche_Sprache"
"de Basketball","de basketball","COLLOCATION",0,845,2,"https://de.wikipedia.org/wiki/Deutsche_Sprache"
"Verkehrs -","verkehrs -","COLLOCATION",0,712,2,"https://de.wikipedia.org/wiki/Deutsche_Sprache"
"Singular und","singular und","COLLOCATION",0,600,2,"https://de.wikipedia.org/wiki/Deutsche_Sprache"
"Höchstalemannisch (","höchstalemannisch (","COLLOCATION",0,559,2,"https://de.wikipedia.org/wiki/Deutsche_Sprache"
"manchmal gemischt","manchmal gemischt","COLLOCATION",0,600,2,"https://de.wikipedia.org/wiki/Deutsche_Sprache"
"nach des","nach des","PHRASAL_VERB",0,750,2,"https://de.wikipedia.org/wiki/Deutsche_Sprache"
"den Jahren","den jahren","COLLOCATION",0,582,2,"https://de.wikipedia.org/wiki/Deutsche_Sprache"
"Luxemburg","luxemburg","COMPOUND_NOUN",0,800,1,"https://de.wikipedia.org/wiki/Deutsche_Sprache"
"und schreiben","und schreiben","COLLOCATION",0,600,2,"https://de.wikipedia.org/wiki/Deutsche_Sprache"
"Mittelalter","mittelalter","COMPOUND_NOUN",0,800,1,"https://de.wikipedia.org/wiki/Deutsche_Sprache"
"wurden die","wurd die","COLLOCATION",0,561,2,"https://de.wikipedia.org/wiki/Deutsche_Sprache"
"deutscher Sprachraum","deutscher sprachraum","COLLOCATION",0,746,2,"https://de.wikipedia.org/wiki/Deutsche_Sprache"
"Europeans and","europeans and","COLLOCATION",1,000,2,"https://de.wikipedia.org/wiki/Deutsche_Sprache"
"Assimilationsdruck","assimilationsdruck","COMPOUND_NOUN",0,800,1,"https://de.wikipedia.org/wiki/Deutsche_Sprache"
"lateinische als","lateinisch als","COLLOCATION",0,600,2,"https://de.wikipedia.org/wiki/Deutsche_Sprache"
"Luftfahrt","luftfahrt","COMPOUND_NOUN",0,800,1,"https://de.wikipedia.org/wiki/Deutsche_Sprache"
"Übergang zu","übergang zu","PHRASAL_VERB",0,700,2,"https://de.wikipedia.org/wiki/Deutsche_Sprache"
"Hochdeutsch 30,6","hochdeutsch 30,6","COLLOCATION",0,600,2,"https://de.wikipedia.org/wiki/Deutsche_Sprache"
"Herkunft sind","herkunft sind","COLLOCATION",0,685,2,"https://de.wikipedia.org/wiki/Deutsche_Sprache"
"Ländern nicht","ländern nicht","COLLOCATION",0,600,2,"https://de.wikipedia.org/wiki/Deutsche_Sprache"
"Umgangssprache","umgangssprache","COMPOUND_NOUN",0,800,1,"https://de.wikipedia.org/wiki/Deutsche_Sprache"
"darüber hinaus","darüber hinaus","COLLOCATION",1,000,2,"https://de.wikipedia.org/wiki/Deutsche_Sprache"
"Seitdem","seitdem","COMPOUND_NOUN",0,800,1,"https://de.wikipedia.org/wiki/Deutsche_Sprache"
"Instituto de","instituto de","COLLOCATION",0,845,2,"https://de.wikipedia.org/wiki/Deutsche_Sprache"
"über sehr","über sehr","PHRASAL_VERB",0,750,2,"https://de.wikipedia.org/wiki/Deutsche_Sprache"
"anderen Sprachen","anderen sprachen","COLLOCATION",0,617,2,"https://de.wikipedia.org/wiki/Deutsche_Sprache"
"Memento vom","memento vom","COLLOCATION",0,840,2,"https://de.wikipedia.org/wiki/Deutsche_Sprache"
"erlernt haben","erlernt haben","COLLOCATION",1,000,2,"https://de.wikipedia.org/wiki/Deutsche_Sprache"
"Alemannisch im","alemannisch im","COLLOCATION",0,529,2,"https://de.wikipedia.org/wiki/Deutsche_Sprache"
"bis zur","bis zur","COLLOCATION",0,608,2,"https://de.wikipedia.org/wiki/Deutsche_Sprache"
"und gesamten","und gesamten","COLLOCATION",0,600,2,"https://de.wikipedia.org/wiki/Deutsche_Sprache"
"die zweite","die zweit","COLLOCATION",0,529,2,"https://de.wikipedia.org/wiki/Deutsche_Sprache"
"Sprache aber","sprach aber","COLLOCATION",0,600,2,"https://de.wikipedia.org/wiki/Deutsche_Sprache"
"aber nicht","aber nicht","COLLOCATION",0,503,2,"https://de.wikipedia.org/wiki/Deutsche_Sprache"
"die zu","die zu","PHRASAL_VERB",0,700,2,"https://de.wikipedia.org/wiki/Deutsche_Sprache"
"Volksbezeichnung","volksbezeichnung","COMPOUND_NOUN",0,800,1,"https://de.wikipedia.org/wiki/Deutsche_Sprache"
"Sprechern","sprechern","COMPOUND_NOUN",0,800,1,"https://de.wikipedia.org/wiki/Deutsche_Sprache"
"mehrere Standardvarietäten","mehrere standardvarietäten","COLLOCATION",1,000,2,"https://de.wikipedia.org/wiki/Deutsche_Sprache"
"Juni 2014","juni 2014","COLLOCATION",0,857,2,"https://de.wikipedia.org/wiki/Deutsche_Sprache"
"Variante des","variante des","COLLOCATION",0,695,2,"https://de.wikipedia.org/wiki/Deutsche_Sprache"
"zu Rechtschreibung","zu rechtschreibung","PHRASAL_VERB",0,750,2,"https://de.wikipedia.org/wiki/Deutsche_Sprache"
"Mitte des","mitte des","COLLOCATION",0,695,2,"https://de.wikipedia.org/wiki/Deutsche_Sprache"
"Beitrag auf","beitrag auf","COLLOCATION",0,777,2,"https://de.wikipedia.org/wiki/Deutsche_Sprache"
"südlichste Teil","südlichste teil","COLLOCATION",0,902,2,"https://de.wikipedia.org/wiki/Deutsche_Sprache"
"rund 7,5","rund 7,5","COLLOCATION",0,895,2,"https://de.wikipedia.org/wiki/Deutsche_Sprache"
"Situation","situation","COMPOUND_NOUN",0,800,1,"https://de.wikipedia.org/wiki/Deutsche_Sprache"
"Schlager","schlager","COMPOUND_NOUN",0,800,1,"https://de.wikipedia.org/wiki/Deutsche_Sprache"
"Während","während","COMPOUND_NOUN",0,800,1,"https://de.wikipedia.org/wiki/Deutsche_Sprache"
"Languages","languages","COMPOUND_NOUN",0,800,1,"https://de.wikipedia.org/wiki/Deutsche_Sprache"
"( Mischform","( mischform","COLLOCATION",0,527,2,"https://de.wikipedia.org/wiki/Deutsche_Sprache"
"Anschrift","anschrift","COMPOUND_NOUN",0,800,1,"https://de.wikipedia.org/wiki/Deutsche_Sprache"
"Telephon","telephon","COMPOUND_NOUN",0,800,1,"https://de.wikipedia.org/wiki/Deutsche_Sprache"
"erlernen sie","erlernen sie","COLLOCATION",0,859,2,"https://de.wikipedia.org/wiki/Deutsche_Sprache"
"gesamtstaatlicher Ebene","gesamtstaatlicher ebene","COLLOCATION",1,000,2,"https://de.wikipedia.org/wiki/Deutsche_Sprache"
"Religion","religion","COMPOUND_NOUN",0,800,1,"https://de.wikipedia.org/wiki/Deutsche_Sprache"
"mitteldeutschenmittelfränkischen und","mitteldeutschenmittelfränkisch und","COLLOCATION",0,600,2,"https://de.wikipedia.org/wiki/Deutsche_Sprache"
"als nationale","als nationale","COLLOCATION",0,709,2,"https://de.wikipedia.org/wiki/Deutsche_Sprache"
"Kamerun leichter","kamerun leichter","COLLOCATION",1,000,2,"https://de.wikipedia.org/wiki/Deutsche_Sprache"
"Tageszeitung Luxemburger Wort","tageszeitung luxemburger wort","NAMED_ENTITY",0,850,3,"https://de.wikipedia.org/wiki/Deutsche_Sprache"
"Aussprache","aussprache","COMPOUND_NOUN",0,800,1,"https://de.wikipedia.org/wiki/Deutsche_Sprache"
"zu hatten","zu hatten","PHRASAL_VERB",0,750,2,"https://de.wikipedia.org/wiki/Deutsche_Sprache"
"– FIL","– fil","COLLOCATION",0,771,2,"https://de.wikipedia.org/wiki/Deutsche_Sprache"
"Internationale Biathlon","internationale biathlon","COLLOCATION",1,000,2,"https://de.wikipedia.org/wiki/Deutsche_Sprache"
"– FIG","– fig","COLLOCATION",0,771,2,"https://de.wikipedia.org/wiki/Deutsche_Sprache"
"im Laufe","im laufe","COLLOCATION",0,671,2,"https://de.wikipedia.org/wiki/Deutsche_Sprache"
"Juli 2025","juli 2025","COLLOCATION",1,000,2,"https://de.wikipedia.org/wiki/Deutsche_Sprache"
"Verbreitung","verbreitung","COMPOUND_NOUN",0,800,1,"https://de.wikipedia.org/wiki/Deutsche_Sprache"
"und Wahrscheinlichkeit","und wahrscheinlichkeit","COLLOCATION",0,600,2,"https://de.wikipedia.org/wiki/Deutsche_Sprache"
"Rechtsbücher","rechtsbücher","COMPOUND_NOUN",0,800,1,"https://de.wikipedia.org/wiki/Deutsche_Sprache"
"Rio Grande","rio grande","COLLOCATION",1,000,2,"https://de.wikipedia.org/wiki/Deutsche_Sprache"
"Arbeitssprache","arbeitssprache","COMPOUND_NOUN",0,800,1,"https://de.wikipedia.org/wiki/Deutsche_Sprache"
"deutschsprachigen Ländern","deutschsprachigen ländern","COLLOCATION",0,798,2,"https://de.wikipedia.org/wiki/Deutsche_Sprache"
"– FIS","– fis","COLLOCATION",0,771,2,"https://de.wikipedia.org/wiki/Deutsche_Sprache"
"und noch","und noch","COLLOCATION",0,600,2,"https://de.wikipedia.org/wiki/Deutsche_Sprache"
"hinaus ist","hinaus ist","COLLOCATION",0,545,2,"https://de.wikipedia.org/wiki/Deutsche_Sprache"
"Urkunde","urkunde","COMPOUND_NOUN",0,800,1,"https://de.wikipedia.org/wiki/Deutsche_Sprache"
"nach und","nach und","PHRASAL_VERB",0,750,2,"https://de.wikipedia.org/wiki/Deutsche_Sprache"
"Grobeinteilung","grobeinteilung","COMPOUND_NOUN",0,800,1,"https://de.wikipedia.org/wiki/Deutsche_Sprache"
"der späteren","der späteren","COLLOCATION",0,531,2,"https://de.wikipedia.org/wiki/Deutsche_Sprache"
"Benrather Linie","benrather linie","COLLOCATION",1,000,2,"https://de.wikipedia.org/wiki/Deutsche_Sprache"
"Medizinsprache verwendet","medizinsprach verwendet","COLLOCATION",0,600,2,"https://de.wikipedia.org/wiki/Deutsche_Sprache"
"ein Teil","ein teil","COLLOCATION",0,525,2,"https://de.wikipedia.org/wiki/Deutsche_Sprache"
"den oberrheinischen und","den oberrheinisch und","COLLOCATION",0,650,3,"https://de.wikipedia.org/wiki/Deutsche_Sprache"
"Patentorganisation","patentorganisation","COMPOUND_NOUN",0,800,1,"https://de.wikipedia.org/wiki/Deutsche_Sprache"
"… ]","… ]","COLLOCATION",1,000,2,"https://de.wikipedia.org/wiki/Deutsche_Sprache"
"Universität Zürich","universität zürich","COLLOCATION",1,000,2,"https://de.wikipedia.org/wiki/Deutsche_Sprache"
"April 2015","april 2015","COLLOCATION",0,873,2,"https://de.wikipedia.org/wiki/Deutsche_Sprache"
"Niedersächsisch im","niedersächsisch im","COLLOCATION",0,671,2,"https://de.wikipedia.org/wiki/Deutsche_Sprache"
"Begriffen wie","begriffen wie","COLLOCATION",0,950,2,"https://de.wikipedia.org/wiki/Deutsche_Sprache"
"Webseite in","webseite in","PHRASAL_VERB",0,700,2,"https://de.wikipedia.org/wiki/Deutsche_Sprache"
"April 2014","april 2014","COLLOCATION",0,761,2,"https://de.wikipedia.org/wiki/Deutsche_Sprache"
"Missingsch","missingsch","COMPOUND_NOUN",0,800,1,"https://de.wikipedia.org/wiki/Deutsche_Sprache"
"ins Deutsche","ins deutsche","COLLOCATION",0,586,2,"https://de.wikipedia.org/wiki/Deutsche_Sprache"
"FIG Fédération","fig fédération","COLLOCATION",1,000,2,"https://de.wikipedia.org/wiki/Deutsche_Sprache"
"Jahrhundert ausgestorben","jahrhundert ausgestorben","COLLOCATION",0,872,2,"https://de.wikipedia.org/wiki/Deutsche_Sprache"
"dem Jahr","dem jahr","COLLOCATION",0,647,2,"https://de.wikipedia.org/wiki/Deutsche_Sprache"
"de línguas","de línguas","COLLOCATION",0,845,2,"https://de.wikipedia.org/wiki/Deutsche_Sprache"
"sondern sind","sondern sind","COLLOCATION",0,718,2,"https://de.wikipedia.org/wiki/Deutsche_Sprache"
"nicht an","nicht an","PHRASAL_VERB",0,700,2,"https://de.wikipedia.org/wiki/Deutsche_Sprache"
"Zeitalter des","zeitalt des","COLLOCATION",0,600,2,"https://de.wikipedia.org/wiki/Deutsche_Sprache"
"Bayerisches","bayerisches","COMPOUND_NOUN",0,800,1,"https://de.wikipedia.org/wiki/Deutsche_Sprache"
"Konrad Duden","konrad duden","COLLOCATION",1,000,2,"https://de.wikipedia.org/wiki/Deutsche_Sprache"
"der österreichischen","der österreichischen","COLLOCATION",0,531,2,"https://de.wikipedia.org/wiki/Deutsche_Sprache"
"April 2024","april 2024","COLLOCATION",0,828,2,"https://de.wikipedia.org/wiki/Deutsche_Sprache"
"Wechsel","wechsel","COMPOUND_NOUN",0,800,1,"https://de.wikipedia.org/wiki/Deutsche_Sprache"
"nach dieser","nach dieser","PHRASAL_VERB",0,750,2,"https://de.wikipedia.org/wiki/Deutsche_Sprache"
"bis zum","bis zum","COLLOCATION",0,507,2,"https://de.wikipedia.org/wiki/Deutsche_Sprache"
"Status als","status als","COLLOCATION",0,521,2,"https://de.wikipedia.org/wiki/Deutsche_Sprache"
"Sprachgebiets","sprachgebiets","COMPOUND_NOUN",0,800,1,"https://de.wikipedia.org/wiki/Deutsche_Sprache"
"Mecklenburgisch -Vorpommersch","mecklenburgisch -vorpommersch","COLLOCATION",1,000,2,"https://de.wikipedia.org/wiki/Deutsche_Sprache"
"Versuch einer","versuch einer","COLLOCATION",0,829,2,"https://de.wikipedia.org/wiki/Deutsche_Sprache"
"Studie aus","studie aus","COLLOCATION",0,664,2,"https://de.wikipedia.org/wiki/Deutsche_Sprache"
"Landesteilen","landesteilen","COMPOUND_NOUN",0,800,1,"https://de.wikipedia.org/wiki/Deutsche_Sprache"
"Wortformen","wortformen","COMPOUND_NOUN",0,800,1,"https://de.wikipedia.org/wiki/Deutsche_Sprache"
"Rotwelsch","rotwelsch","COMPOUND_NOUN",0,800,1,"https://de.wikipedia.org/wiki/Deutsche_Sprache"
"Online -Version","online -version","COLLOCATION",1,000,2,"https://de.wikipedia.org/wiki/Deutsche_Sprache"
"Garderobe","garderobe","COMPOUND_NOUN",0,800,1,"https://de.wikipedia.org/wiki/Deutsche_Sprache"
"germanischen Sprachen","germanischen sprachen","COLLOCATION",0,749,2,"https://de.wikipedia.org/wiki/Deutsche_Sprache"
"20 %","20 %","COLLOCATION",0,508,2,"https://de.wikipedia.org/wiki/Deutsche_Sprache"
"Schweiz","schweiz","COMPOUND_NOUN",0,800,1,"https://de.wikipedia.org/wiki/Deutsche_Sprache"
"europäischen Bürger","europäischen bürger","COLLOCATION",0,991,2,"https://de.wikipedia.org/wiki/Deutsche_Sprache"
"auf gedruckten","auf gedruckten","PHRASAL_VERB",0,750,2,"https://de.wikipedia.org/wiki/Deutsche_Sprache"
"1,5 Millionen","1,5 millionen","COLLOCATION",0,831,2,"https://de.wikipedia.org/wiki/Deutsche_Sprache"
"geben über","geben über","PHRASAL_VERB",0,700,2,"https://de.wikipedia.org/wiki/Deutsche_Sprache"
"Düdelingen","düdelingen","COMPOUND_NOUN",0,800,1,"https://de.wikipedia.org/wiki/Deutsche_Sprache"
"Volksname","volksname","COMPOUND_NOUN",0,800,1,"https://de.wikipedia.org/wiki/Deutsche_Sprache"
"Bereich der","bereich der","COLLOCATION",0,600,2,"https://de.wikipedia.org/wiki/Deutsche_Sprache"
"Bereich des","bereich des","COLLOCATION",0,600,2,"https://de.wikipedia.org/wiki/Deutsche_Sprache"
"und schliesst","und schliesst","COLLOCATION",0,600,2,"https://de.wikipedia.org/wiki/Deutsche_Sprache"
"Desenvolvimento em","desenvolvimento em","COLLOCATION",1,000,2,"https://de.wikipedia.org/wiki/Deutsche_Sprache"
"Schlesien","schlesien","COMPOUND_NOUN",0,800,1,"https://de.wikipedia.org/wiki/Deutsche_Sprache"
"im Ausland","im ausland","COLLOCATION",0,671,2,"https://de.wikipedia.org/wiki/Deutsche_Sprache"
"Zweitsprachlern","zweitsprachlern","COMPOUND_NOUN",0,800,1,"https://de.wikipedia.org/wiki/Deutsche_Sprache"
"FIBA Fédération Internationale","fiba fédération internationale","NAMED_ENTITY",0,850,3,"https://de.wikipedia.org/wiki/Deutsche_Sprache"
"Abänderung","abänderung","COMPOUND_NOUN",0,800,1,"https://de.wikipedia.org/wiki/Deutsche_Sprache"
"Seemannssprache","seemannssprache","COMPOUND_NOUN",0,800,1,"https://de.wikipedia.org/wiki/Deutsche_Sprache"
"Schreibweise","schreibweise","COMPOUND_NOUN",0,800,1,"https://de.wikipedia.org/wiki/Deutsche_Sprache"
"Wortarten","wortarten","COMPOUND_NOUN",0,800,1,"https://de.wikipedia.org/wiki/Deutsche_Sprache"
"auch ein","auch ein","COLLOCATION",0,600,2,"https://de.wikipedia.org/wiki/Deutsche_Sprache"
"Angebote","angebote","COMPOUND_NOUN",0,800,1,"https://de.wikipedia.org/wiki/Deutsche_Sprache"
"des Elsässischen","des elsässischen","COLLOCATION",0,578,2,"https://de.wikipedia.org/wiki/Deutsche_Sprache"
"erscheint neben","erscheint neben","COLLOCATION",0,600,2,"https://de.wikipedia.org/wiki/Deutsche_Sprache"
"es bereits","es bereits","COLLOCATION",0,728,2,"https://de.wikipedia.org/wiki/Deutsche_Sprache"
"zu betrachten","zu betrachten","PHRASAL_VERB",0,750,2,"https://de.wikipedia.org/wiki/Deutsche_Sprache"
"Innerhalb","innerhalb","COMPOUND_NOUN",0,800,1,"https://de.wikipedia.org/wiki/Deutsche_Sprache"
"Sinnherkunft vieler","sinnherkunft vieler","COLLOCATION",0,600,2,"https://de.wikipedia.org/wiki/Deutsche_Sprache"
"um überregionalen","um überregionalen","PHRASAL_VERB",0,750,2,"https://de.wikipedia.org/wiki/Deutsche_Sprache"
"des Englischen","des englischen","COLLOCATION",0,514,2,"https://de.wikipedia.org/wiki/Deutsche_Sprache"
"Mittelalemannisch (","mittelalemannisch (","COLLOCATION",0,559,2,"https://de.wikipedia.org/wiki/Deutsche_Sprache"
"um überregionales","um überregionales","PHRASAL_VERB",0,750,2,"https://de.wikipedia.org/wiki/Deutsche_Sprache"
"Schienenverkehrs","schienenverkehrs","COMPOUND_NOUN",0,800,1,"https://de.wikipedia.org/wiki/Deutsche_Sprache"
"Graf Lambsdorff","graf lambsdorff","COLLOCATION",1,000,2,"https://de.wikipedia.org/wiki/Deutsche_Sprache"
"Einwohnerzahl","einwohnerzahl","COMPOUND_NOUN",0,800,1,"https://de.wikipedia.org/wiki/Deutsche_Sprache"
"den anderen","den anderen","COLLOCATION",0,600,2,"https://de.wikipedia.org/wiki/Deutsche_Sprache"
"( Memento","( memento","COLLOCATION",0,559,2,"https://de.wikipedia.org/wiki/Deutsche_Sprache"
"unter anderem","unter anderem","COLLOCATION",0,926,2,"https://de.wikipedia.org/wiki/Deutsche_Sprache"
"nach mit","nach mit","PHRASAL_VERB",0,750,2,"https://de.wikipedia.org/wiki/Deutsche_Sprache"
"gut 3000","gut 3000","COLLOCATION",1,000,2,"https://de.wikipedia.org/wiki/Deutsche_Sprache"
"Vertreibung","vertreibung","COMPOUND_NOUN",0,800,1,"https://de.wikipedia.org/wiki/Deutsche_Sprache"
"Mehrheit","mehrheit","COMPOUND_NOUN",0,800,1,"https://de.wikipedia.org/wiki/Deutsche_Sprache"
"Dialektsprache","dialektsprache","COMPOUND_NOUN",0,800,1,"https://de.wikipedia.org/wiki/Deutsche_Sprache"
"spricht man","spricht man","COLLOCATION",0,840,2,"https://de.wikipedia.org/wiki/Deutsche_Sprache"
"Ansbachisch Erzgebirgisch","ansbachisch erzgebirgisch","COLLOCATION",1,000,2,"https://de.wikipedia.org/wiki/Deutsche_Sprache"
"mit mit","mit mit","PHRASAL_VERB",0,750,2,"https://de.wikipedia.org/wiki/Deutsche_Sprache"
"Vorarlberg )","vorarlberg )","COLLOCATION",0,560,2,"https://de.wikipedia.org/wiki/Deutsche_Sprache"
"nach Englisch","nach englisch","COLLOCATION",0,600,2,"https://de.wikipedia.org/wiki/Deutsche_Sprache"
"Sprachkontaktforschung","sprachkontaktforschung","COMPOUND_NOUN",0,800,1,"https://de.wikipedia.org/wiki/Deutsche_Sprache"
"Mutter -","mutter -","COLLOCATION",0,712,2,"https://de.wikipedia.org/wiki/Deutsche_Sprache"
"Waisenhauses","waisenhauses","COMPOUND_NOUN",0,800,1,"https://de.wikipedia.org/wiki/Deutsche_Sprache"
"Course –","course –","COLLOCATION",0,771,2,"https://de.wikipedia.org/wiki/Deutsche_Sprache"
"Jahrhundert war","jahrhundert war","COLLOCATION",0,531,2,"https://de.wikipedia.org/wiki/Deutsche_Sprache"
"Entwicklung","entwicklung","COMPOUND_NOUN",0,800,1,"https://de.wikipedia.org/wiki/Deutsche_Sprache"
"sinokoreanischer statt","sinokoreanisch statt","COLLOCATION",0,600,2,"https://de.wikipedia.org/wiki/Deutsche_Sprache"
"nach Bezeichnung","nach bezeichnung","PHRASAL_VERB",0,750,2,"https://de.wikipedia.org/wiki/Deutsche_Sprache"
"unerwünscht oder","unerwünscht oder","COLLOCATION",0,600,2,"https://de.wikipedia.org/wiki/Deutsche_Sprache"
"Luxemburgs","luxemburgs","COMPOUND_NOUN",0,800,1,"https://de.wikipedia.org/wiki/Deutsche_Sprache"
"auf Zusammenhang","auf zusammenhang","PHRASAL_VERB",0,750,2,"https://de.wikipedia.org/wiki/Deutsche_Sprache"
"Cultural Do","cultural do","COLLOCATION",1,000,2,"https://de.wikipedia.org/wiki/Deutsche_Sprache"
"FIS Internationale","fis internationale","COLLOCATION",1,000,2,"https://de.wikipedia.org/wiki/Deutsche_Sprache"
"Form von","form von","COLLOCATION",0,538,2,"https://de.wikipedia.org/wiki/Deutsche_Sprache"
"Schleswig -","schleswig -","COLLOCATION",0,699,2,"https://de.wikipedia.org/wiki/Deutsche_Sprache"
"auf gesamtstaatlicher","auf gesamtstaatlicher","COLLOCATION",0,777,2,"https://de.wikipedia.org/wiki/Deutsche_Sprache"
"ziemlich gering","ziemlich gering","COLLOCATION",0,600,2,"https://de.wikipedia.org/wiki/Deutsche_Sprache"
"bis ins","bis ins","COLLOCATION",0,844,2,"https://de.wikipedia.org/wiki/Deutsche_Sprache"
"Vorlage","vorlage","COMPOUND_NOUN",0,800,1,"https://de.wikipedia.org/wiki/Deutsche_Sprache"
"Unterdrückung oder","unterdrückung oder","COLLOCATION",0,600,2,"https://de.wikipedia.org/wiki/Deutsche_Sprache"
"Directmedia","directmedia","COMPOUND_NOUN",0,800,1,"https://de.wikipedia.org/wiki/Deutsche_Sprache"
"unter transkulturellen","unter transkulturellen","PHRASAL_VERB",0,750,2,"https://de.wikipedia.org/wiki/Deutsche_Sprache"
"3 -","3 -","COLLOCATION",0,579,2,"https://de.wikipedia.org/wiki/Deutsche_Sprache"
"östlich des","östlich des","COLLOCATION",0,663,2,"https://de.wikipedia.org/wiki/Deutsche_Sprache"
"main 20","main 20","COLLOCATION",0,600,2,"https://de.wikipedia.org/wiki/Deutsche_Sprache"
") Höchstalemannisch",") höchstalemannisch","COLLOCATION",0,560,2,"https://de.wikipedia.org/wiki/Deutsche_Sprache"
"unter slawischen","unter slawischen","COLLOCATION",0,785,2,"https://de.wikipedia.org/wiki/Deutsche_Sprache"
"mit einem","mit einem","COLLOCATION",0,507,2,"https://de.wikipedia.org/wiki/Deutsche_Sprache"
"Historischen Seminar","historischen seminar","NAMED_ENTITY",0,850,2,"https://de.wikipedia.org/wiki/Deutsche_Sprache"
"Gallup -","gallup -","COLLOCATION",0,712,2,"https://de.wikipedia.org/wiki/Deutsche_Sprache"
"Demzufolge müssen","demzufolg müssen","COLLOCATION",0,600,2,"https://de.wikipedia.org/wiki/Deutsche_Sprache"
"Ansätze","ansätze","COMPOUND_NOUN",0,800,1,"https://de.wikipedia.org/wiki/Deutsche_Sprache"
"Herrschaft","herrschaft","COMPOUND_NOUN",0,800,1,"https://de.wikipedia.org/wiki/Deutsche_Sprache"
"Paraguays","paraguays","COMPOUND_NOUN",0,800,1,"https://de.wikipedia.org/wiki/Deutsche_Sprache"
"Die Volkszählung","die volkszählung","NAMED_ENTITY",0,850,2,"https://de.wikipedia.org/wiki/Deutsche_Sprache"
"Seit Mitte","seit mitte","COLLOCATION",0,834,2,"https://de.wikipedia.org/wiki/Deutsche_Sprache"
"der Bevölkerung sprechen","der bevölkerung sprechen","COLLOCATION",0,650,3,"https://de.wikipedia.org/wiki/Deutsche_Sprache"
"Mehrzahl","mehrzahl","COMPOUND_NOUN",0,800,1,"https://de.wikipedia.org/wiki/Deutsche_Sprache"
"Leben waren","leb waren","COLLOCATION",0,600,2,"https://de.wikipedia.org/wiki/Deutsche_Sprache"
"dem Lateinischen","dem lateinischen","COLLOCATION",0,660,2,"https://de.wikipedia.org/wiki/Deutsche_Sprache"
"das Standarddeutsch","das standarddeutsch","COLLOCATION",0,542,2,"https://de.wikipedia.org/wiki/Deutsche_Sprache"
"Friesische","friesische","COMPOUND_NOUN",0,800,1,"https://de.wikipedia.org/wiki/Deutsche_Sprache"
"Imports","imports","COMPOUND_NOUN",0,800,1,"https://de.wikipedia.org/wiki/Deutsche_Sprache"
"jeder anderen","jeder anderen","COLLOCATION",0,834,2,"https://de.wikipedia.org/wiki/Deutsche_Sprache"
"zu lassen","zu lassen","PHRASAL_VERB",0,750,2,"https://de.wikipedia.org/wiki/Deutsche_Sprache"
"Privathaushalte","privathaushalte","COMPOUND_NOUN",0,800,1,"https://de.wikipedia.org/wiki/Deutsche_Sprache"
"unter Rechtschreibung","unter rechtschreibung","PHRASAL_VERB",0,750,2,"https://de.wikipedia.org/wiki/Deutsche_Sprache"
"Wissenschaft","wissenschaft","COMPOUND_NOUN",0,800,1,"https://de.wikipedia.org/wiki/Deutsche_Sprache"
"Schätzungsweise","schätzungsweise","COMPOUND_NOUN",0,800,1,"https://de.wikipedia.org/wiki/Deutsche_Sprache"
"Vorschau","vorschau","COMPOUND_NOUN",0,800,1,"https://de.wikipedia.org/wiki/Deutsche_Sprache"
"Regionalsprache","regionalsprache","COMPOUND_NOUN",0,800,1,"https://de.wikipedia.org/wiki/Deutsche_Sprache"
"hin die","hin die","PHRASAL_VERB",0,750,2,"https://de.wikipedia.org/wiki/Deutsche_Sprache"
"Ulrich Ammon","ulrich ammon","COLLOCATION",1,000,2,"https://de.wikipedia.org/wiki/Deutsche_Sprache"
"mittel -","mittel -","COLLOCATION",0,712,2,"https://de.wikipedia.org/wiki/Deutsche_Sprache"
"unter eine","unter eine","PHRASAL_VERB",0,750,2,"https://de.wikipedia.org/wiki/Deutsche_Sprache"
"Sprache beeinflusst","sprache beeinflusst","COLLOCATION",0,549,2,"https://de.wikipedia.org/wiki/Deutsche_Sprache"
"deutschen Muttersprachler","deutschen muttersprachler","COLLOCATION",0,618,2,"https://de.wikipedia.org/wiki/Deutsche_Sprache"
"an bildeten","an bildeten","PHRASAL_VERB",0,750,2,"https://de.wikipedia.org/wiki/Deutsche_Sprache"
"des Juras","des juras","COLLOCATION",0,695,2,"https://de.wikipedia.org/wiki/Deutsche_Sprache"
"Zugehörigkeit","zugehörigkeit","COMPOUND_NOUN",0,800,1,"https://de.wikipedia.org/wiki/Deutsche_Sprache"
"zweite deutsche","zweit deutsche","COLLOCATION",0,600,2,"https://de.wikipedia.org/wiki/Deutsche_Sprache"
"Synonym","synonym","COMPOUND_NOUN",0,800,1,"https://de.wikipedia.org/wiki/Deutsche_Sprache"
"Allgemeine Deutsche Sprachverein","allgemeine deutsche sprachverein","NAMED_ENTITY",0,850,3,"https://de.wikipedia.org/wiki/Deutsche_Sprache"
"zu gehören","zu gehören","PHRASAL_VERB",0,750,2,"https://de.wikipedia.org/wiki/Deutsche_Sprache"
"Südwesten nicht","südwest nicht","COLLOCATION",0,600,2,"https://de.wikipedia.org/wiki/Deutsche_Sprache"
"Demokratisches","demokratisches","COMPOUND_NOUN",0,800,1,"https://de.wikipedia.org/wiki/Deutsche_Sprache"
"Südbrasilien","südbrasilien","COMPOUND_NOUN",0,800,1,"https://de.wikipedia.org/wiki/Deutsche_Sprache"
"Dokumente","dokumente","COMPOUND_NOUN",0,800,1,"https://de.wikipedia.org/wiki/Deutsche_Sprache"
"den Fürstenhöfen","den fürstenhöfen","COLLOCATION",0,600,2,"https://de.wikipedia.org/wiki/Deutsche_Sprache"
"der Vergangenheit","der vergangenheit","COLLOCATION",0,531,2,"https://de.wikipedia.org/wiki/Deutsche_Sprache"
"Língua Hunsrik","língua hunsrik","COLLOCATION",1,000,2,"https://de.wikipedia.org/wiki/Deutsche_Sprache"
"Dennoch haben","dennoch haben","COLLOCATION",0,881,2,"https://de.wikipedia.org/wiki/Deutsche_Sprache"
"zu sein","zu sein","COLLOCATION",0,606,2,"https://de.wikipedia.org/wiki/Deutsche_Sprache"
"-550- 08778-0","-550- 08778-0","COLLOCATION",0,600,2,"https://de.wikipedia.org/wiki/Deutsche_Sprache"
"Startups","startups","COMPOUND_NOUN",0,800,1,"https://de.wikipedia.org/wiki/Deutsche_Sprache"
"American Community","american community","COLLOCATION",0,600,2,"https://de.wikipedia.org/wiki/Deutsche_Sprache"
"besonderer Zuschlag","besonder zuschlag","COLLOCATION",0,600,2,"https://de.wikipedia.org/wiki/Deutsche_Sprache"
"zu sehr","zu sehr","PHRASAL_VERB",0,750,2,"https://de.wikipedia.org/wiki/Deutsche_Sprache"
"Einwanderung","einwanderung","COMPOUND_NOUN",0,800,1,"https://de.wikipedia.org/wiki/Deutsche_Sprache"
"auf für","auf für","PHRASAL_VERB",0,750,2,"https://de.wikipedia.org/wiki/Deutsche_Sprache"
"Jan Goossens","jan goossens","COLLOCATION",1,000,2,"https://de.wikipedia.org/wiki/Deutsche_Sprache"
"Spanisch","spanisch","COMPOUND_NOUN",0,800,1,"https://de.wikipedia.org/wiki/Deutsche_Sprache"
"Rumänien","rumänien","COMPOUND_NOUN",0,800,1,"https://de.wikipedia.org/wiki/Deutsche_Sprache"
"die mit","die mit","PHRASAL_VERB",0,700,2,"https://de.wikipedia.org/wiki/Deutsche_Sprache"
"auf diese","auf diese","PHRASAL_VERB",0,750,2,"https://de.wikipedia.org/wiki/Deutsche_Sprache"
"Peter von","peter von","COLLOCATION",0,677,2,"https://de.wikipedia.org/wiki/Deutsche_Sprache"
"Alphabet","alphabet","COMPOUND_NOUN",0,800,1,"https://de.wikipedia.org/wiki/Deutsche_Sprache"
"Bestimmte Sprachbereiche","bestimmt sprachbereiche","COLLOCATION",0,600,2,"https://de.wikipedia.org/wiki/Deutsche_Sprache"
"Das Wort","das wort","COLLOCATION",0,564,2,"https://de.wikipedia.org/wiki/Deutsche_Sprache"
"trennt das","trennt das","COLLOCATION",0,600,2,"https://de.wikipedia.org/wiki/Deutsche_Sprache"
"Vergangenheit","vergangenheit","COMPOUND_NOUN",0,800,1,"https://de.wikipedia.org/wiki/Deutsche_Sprache"
"über denen","über denen","PHRASAL_VERB",0,750,2,"https://de.wikipedia.org/wiki/Deutsche_Sprache"
"im Sinne","im sinn","COLLOCATION",0,629,2,"https://de.wikipedia.org/wiki/Deutsche_Sprache"
"jedoch mittlerweile","jedoch mittlerweile","COLLOCATION",0,600,2,"https://de.wikipedia.org/wiki/Deutsche_Sprache"
"Umfrage","umfrage","COMPOUND_NOUN",0,800,1,"https://de.wikipedia.org/wiki/Deutsche_Sprache"
"und oberdeutschen","und oberdeutschen","COLLOCATION",0,526,2,"https://de.wikipedia.org/wiki/Deutsche_Sprache"
"aus entstanden","aus entstanden","PHRASAL_VERB",0,750,2,"https://de.wikipedia.org/wiki/Deutsche_Sprache"
"; abgerufen","; abgerufen","COLLOCATION",0,523,2,"https://de.wikipedia.org/wiki/Deutsche_Sprache"
"an Bevölkerung","an bevölkerung","PHRASAL_VERB",0,750,2,"https://de.wikipedia.org/wiki/Deutsche_Sprache"
"Bundeszentrale für","bundeszentrale für","COLLOCATION",0,750,2,"https://de.wikipedia.org/wiki/Deutsche_Sprache"
"Parteien","parteien","COMPOUND_NOUN",0,800,1,"https://de.wikipedia.org/wiki/Deutsche_Sprache"
"Unterscheidung","unterscheidung","COMPOUND_NOUN",0,800,1,"https://de.wikipedia.org/wiki/Deutsche_Sprache"
"auf stellen","auf stellen","PHRASAL_VERB",0,750,2,"https://de.wikipedia.org/wiki/Deutsche_Sprache"
"Bereich war","bereich war","COLLOCATION",0,600,2,"https://de.wikipedia.org/wiki/Deutsche_Sprache"
"Ukrainisch","ukrainisch","COMPOUND_NOUN",0,800,1,"https://de.wikipedia.org/wiki/Deutsche_Sprache"
"deutsche Schriftsprache","deutsche schriftsprache","COLLOCATION",0,513,2,"https://de.wikipedia.org/wiki/Deutsche_Sprache"
"Werkzeug","werkzeug","COMPOUND_NOUN",0,800,1,"https://de.wikipedia.org/wiki/Deutsche_Sprache"
"b c","b c","COLLOCATION",0,890,2,"https://de.wikipedia.org/wiki/Deutsche_Sprache"
"Vorgänger","vorgänger","COMPOUND_NOUN",0,800,1,"https://de.wikipedia.org/wiki/Deutsche_Sprache"
"Aufnahme","aufnahme","COMPOUND_NOUN",0,800,1,"https://de.wikipedia.org/wiki/Deutsche_Sprache"
"Population","population","COMPOUND_NOUN",0,800,1,"https://de.wikipedia.org/wiki/Deutsche_Sprache"
"etwa 1,5","etwa 1,5","COLLOCATION",0,766,2,"https://de.wikipedia.org/wiki/Deutsche_Sprache"
"Insgesamt sprechen","insgesamt sprechen","COLLOCATION",0,940,2,"https://de.wikipedia.org/wiki/Deutsche_Sprache"
"Sverige","sverige","COMPOUND_NOUN",0,800,1,"https://de.wikipedia.org/wiki/Deutsche_Sprache"
"aus rund","aus rund","PHRASAL_VERB",0,750,2,"https://de.wikipedia.org/wiki/Deutsche_Sprache"
"gelang mit","gelang mit","PHRASAL_VERB",0,700,2,"https://de.wikipedia.org/wiki/Deutsche_Sprache"
"aus betrachten","aus betrachten","PHRASAL_VERB",0,750,2,"https://de.wikipedia.org/wiki/Deutsche_Sprache"
"mit bildeten","mit bildeten","PHRASAL_VERB",0,750,2,"https://de.wikipedia.org/wiki/Deutsche_Sprache"
"hochdeutsche Lautverschiebung","hochdeutsche lautverschiebung","COLLOCATION",0,885,2,"https://de.wikipedia.org/wiki/Deutsche_Sprache"
"jedoch nur","jedoch nur","COLLOCATION",0,523,2,"https://de.wikipedia.org/wiki/Deutsche_Sprache"
"die deutsche Gemeinde","die deutsch gemeinde","COLLOCATION",0,650,3,"https://de.wikipedia.org/wiki/Deutsche_Sprache"
"gab es","gab es","COLLOCATION",0,834,2,"https://de.wikipedia.org/wiki/Deutsche_Sprache"
"an mit","an mit","PHRASAL_VERB",0,750,2,"https://de.wikipedia.org/wiki/Deutsche_Sprache"
"sondern auch","sondern auch","COLLOCATION",0,600,2,"https://de.wikipedia.org/wiki/Deutsche_Sprache"
"- 8233","- 8233","COLLOCATION",0,712,2,"https://de.wikipedia.org/wiki/Deutsche_Sprache"
"zu aufstellen","zu aufstellen","PHRASAL_VERB",0,750,2,"https://de.wikipedia.org/wiki/Deutsche_Sprache"
"auf Staaten","auf staaten","PHRASAL_VERB",0,750,2,"https://de.wikipedia.org/wiki/Deutsche_Sprache"
"Fürstenhöfen","fürstenhöfen","COMPOUND_NOUN",0,800,1,"https://de.wikipedia.org/wiki/Deutsche_Sprache"
"auf genannt","auf genannt","PHRASAL_VERB",0,750,2,"https://de.wikipedia.org/wiki/Deutsche_Sprache"
"Gefolge der","gefolg der","COLLOCATION",0,600,2,"https://de.wikipedia.org/wiki/Deutsche_Sprache"
"Diese und","dies und","COLLOCATION",0,600,2,"https://de.wikipedia.org/wiki/Deutsche_Sprache"
"Departements","departements","COMPOUND_NOUN",0,800,1,"https://de.wikipedia.org/wiki/Deutsche_Sprache"
"Numerus","numerus","COMPOUND_NOUN",0,800,1,"https://de.wikipedia.org/wiki/Deutsche_Sprache"
"deutsche Minderheit","deutsche minderheit","COLLOCATION",0,609,2,"https://de.wikipedia.org/wiki/Deutsche_Sprache"
"Erscheinungen des","erscheinungen des","COLLOCATION",0,695,2,"https://de.wikipedia.org/wiki/Deutsche_Sprache"
"und weiteren","und weiteren","COLLOCATION",0,600,2,"https://de.wikipedia.org/wiki/Deutsche_Sprache"
"Einkommen","einkommen","COMPOUND_NOUN",0,800,1,"https://de.wikipedia.org/wiki/Deutsche_Sprache"
"Präpositionen","präpositionen","COMPOUND_NOUN",0,800,1,"https://de.wikipedia.org/wiki/Deutsche_Sprache"
"deutsche Rechtschreibung","deutsche rechtschreibung","COLLOCATION",0,571,2,"https://de.wikipedia.org/wiki/Deutsche_Sprache"
"Grundgesetz","grundgesetz","COMPOUND_NOUN",0,800,1,"https://de.wikipedia.org/wiki/Deutsche_Sprache"
"Tendenz zur","tendenz zur","COLLOCATION",0,720,2,"https://de.wikipedia.org/wiki/Deutsche_Sprache"
"die Dialektologie","die dialektologie","COLLOCATION",0,502,2,"https://de.wikipedia.org/wiki/Deutsche_Sprache"
"konnten sich","konnten sich","COLLOCATION",0,774,2,"https://de.wikipedia.org/wiki/Deutsche_Sprache"
"Wörter durch","wörter durch","COLLOCATION",0,597,2,"https://de.wikipedia.org/wiki/Deutsche_Sprache"
"Ein weiteres","ein weiteres","PHRASAL_VERB",0,750,2,"https://de.wikipedia.org/wiki/Deutsche_Sprache"
"die alpinen","die alpinen","COLLOCATION",0,561,2,"https://de.wikipedia.org/wiki/Deutsche_Sprache"
"deutschen Sprachraumes","deutsch sprachraumes","COLLOCATION",0,600,2,"https://de.wikipedia.org/wiki/Deutsche_Sprache"
"Geschichte","geschichte","COMPOUND_NOUN",0,800,1,"https://de.wikipedia.org/wiki/Deutsche_Sprache"
"Stefan Sonderegger","stefan sonderegger","COLLOCATION",1,000,2,"https://de.wikipedia.org/wiki/Deutsche_Sprache"
"heutigen deutschen","heutigen deutschen","COLLOCATION",0,523,2,"https://de.wikipedia.org/wiki/Deutsche_Sprache"
"Sprachbezeichnung","sprachbezeichnung","COMPOUND_NOUN",0,800,1,"https://de.wikipedia.org/wiki/Deutsche_Sprache"
"Sprachgruppe","sprachgruppe","COMPOUND_NOUN",0,800,1,"https://de.wikipedia.org/wiki/Deutsche_Sprache"
"Voraussetzung","voraussetzung","COMPOUND_NOUN",0,800,1,"https://de.wikipedia.org/wiki/Deutsche_Sprache"
"Übergang von","übergang von","PHRASAL_VERB",0,700,2,"https://de.wikipedia.org/wiki/Deutsche_Sprache"
"Wortgeschichtliches","wortgeschichtliches","COMPOUND_NOUN",0,800,1,"https://de.wikipedia.org/wiki/Deutsche_Sprache"
"978-3 -423-03025-0","978-3 -423-03025-0","COLLOCATION",1,000,2,"https://de.wikipedia.org/wiki/Deutsche_Sprache"
"regional leicht","regional leicht","COLLOCATION",0,600,2,"https://de.wikipedia.org/wiki/Deutsche_Sprache"
"zu gelang","zu gelang","PHRASAL_VERB",0,750,2,"https://de.wikipedia.org/wiki/Deutsche_Sprache"
"mit und","mit und","PHRASAL_VERB",0,750,2,"https://de.wikipedia.org/wiki/Deutsche_Sprache"
"Februar 2010","februar 2010","COLLOCATION",0,861,2,"https://de.wikipedia.org/wiki/Deutsche_Sprache"
"/ New","/ new","COLLOCATION",0,917,2,"https://de.wikipedia.org/wiki/Deutsche_Sprache"
"Matrose","matrose","COMPOUND_NOUN",0,800,1,"https://de.wikipedia.org/wiki/Deutsche_Sprache"
"zur Standardsprache","zur standardsprache","COLLOCATION",0,546,2,"https://de.wikipedia.org/wiki/Deutsche_Sprache"
"- Linie","- linie","COLLOCATION",0,589,2,"https://de.wikipedia.org/wiki/Deutsche_Sprache"
"auf heute","auf heute","PHRASAL_VERB",0,750,2,"https://de.wikipedia.org/wiki/Deutsche_Sprache"
"Februar 2016","februar 2016","COLLOCATION",1,000,2,"https://de.wikipedia.org/wiki/Deutsche_Sprache"
"mehr Menschen","mehr menschen","COLLOCATION",0,669,2,"https://de.wikipedia.org/wiki/Deutsche_Sprache"
"Gerichtssprache","gerichtssprache","COMPOUND_NOUN",0,800,1,"https://de.wikipedia.org/wiki/Deutsche_Sprache"
"wenn von","wenn von","PHRASAL_VERB",0,700,2,"https://de.wikipedia.org/wiki/Deutsche_Sprache"
"ihre Schriftwerke","ihr schriftwerke","COLLOCATION",0,600,2,"https://de.wikipedia.org/wiki/Deutsche_Sprache"
"Deutschstämmige","deutschstämmige","COMPOUND_NOUN",0,800,1,"https://de.wikipedia.org/wiki/Deutsche_Sprache"
"Beseitigung der","beseitigung der","COLLOCATION",0,600,2,"https://de.wikipedia.org/wiki/Deutsche_Sprache"
"Handbuch zur","handbuch zur","COLLOCATION",0,778,2,"https://de.wikipedia.org/wiki/Deutsche_Sprache"
"Rechtschreibnormierung","rechtschreibnormierung","COMPOUND_NOUN",0,800,1,"https://de.wikipedia.org/wiki/Deutsche_Sprache"
"dieser Angabe","dieser angabe","COLLOCATION",0,891,2,"https://de.wikipedia.org/wiki/Deutsche_Sprache"
"Jürgen Macha","jürgen macha","COLLOCATION",1,000,2,"https://de.wikipedia.org/wiki/Deutsche_Sprache"
"Hörfunksendung","hörfunksendung","COMPOUND_NOUN",0,800,1,"https://de.wikipedia.org/wiki/Deutsche_Sprache"
"Umsetzungen","umsetzungen","COMPOUND_NOUN",0,800,1,"https://de.wikipedia.org/wiki/Deutsche_Sprache"
"von ihnen","von ihnen","COLLOCATION",0,725,2,"https://de.wikipedia.org/wiki/Deutsche_Sprache"
"Schätzungen","schätzungen","COMPOUND_NOUN",0,800,1,"https://de.wikipedia.org/wiki/Deutsche_Sprache"
"Originale","originale","COMPOUND_NOUN",0,800,1,"https://de.wikipedia.org/wiki/Deutsche_Sprache"
") Oberdeutsch",") oberdeutsch","COLLOCATION",0,560,2,"https://de.wikipedia.org/wiki/Deutsche_Sprache"
"Internationale","internationale","COMPOUND_NOUN",0,800,1,"https://de.wikipedia.org/wiki/Deutsche_Sprache"
"bei stattfindenden","bei stattfindenden","PHRASAL_VERB",0,750,2,"https://de.wikipedia.org/wiki/Deutsche_Sprache"
"Durchschnittsalter","durchschnittsalter","COMPOUND_NOUN",0,800,1,"https://de.wikipedia.org/wiki/Deutsche_Sprache"
"Legitimation","legitimation","COMPOUND_NOUN",0,800,1,"https://de.wikipedia.org/wiki/Deutsche_Sprache"
"Statistisches","statistisches","COMPOUND_NOUN",0,800,1,"https://de.wikipedia.org/wiki/Deutsche_Sprache"
"einem geringen","einem geringen","COLLOCATION",0,933,2,"https://de.wikipedia.org/wiki/Deutsche_Sprache"
"Schwedisches Statistisches","schwedisches statistisches","NAMED_ENTITY",0,850,2,"https://de.wikipedia.org/wiki/Deutsche_Sprache"
"oder hunsrückischen","oder hunsrückisch","COLLOCATION",0,588,2,"https://de.wikipedia.org/wiki/Deutsche_Sprache"
"Jh. )","jh. )","COLLOCATION",0,560,2,"https://de.wikipedia.org/wiki/Deutsche_Sprache"
"Selbständigkeit","selbständigkeit","COMPOUND_NOUN",0,800,1,"https://de.wikipedia.org/wiki/Deutsche_Sprache"
"als Muttersprache","als muttersprache","COLLOCATION",0,641,2,"https://de.wikipedia.org/wiki/Deutsche_Sprache"
"den Vereinigten","den vereinigten","COLLOCATION",0,615,2,"https://de.wikipedia.org/wiki/Deutsche_Sprache"
"die zweite bzw","die zweit bzw","COLLOCATION",0,650,3,"https://de.wikipedia.org/wiki/Deutsche_Sprache"
"Menschen erlernen","menschen erlernen","COLLOCATION",0,890,2,"https://de.wikipedia.org/wiki/Deutsche_Sprache"
"ausschliesslich Deutsch","ausschliesslich deutsch","COLLOCATION",0,526,2,"https://de.wikipedia.org/wiki/Deutsche_Sprache"
"zu signifikanten","zu signifikanten","PHRASAL_VERB",0,750,2,"https://de.wikipedia.org/wiki/Deutsche_Sprache"
"und würden","und würden","COLLOCATION",0,600,2,"https://de.wikipedia.org/wiki/Deutsche_Sprache"
"Do Rio","do rio","COLLOCATION",0,914,2,"https://de.wikipedia.org/wiki/Deutsche_Sprache"
") Mittelalemannisch",") mittelalemannisch","COLLOCATION",0,560,2,"https://de.wikipedia.org/wiki/Deutsche_Sprache"
"Volkszählung 2011","volkszählung 2011","COLLOCATION",0,861,2,"https://de.wikipedia.org/wiki/Deutsche_Sprache"
"European Commission","european commission","COLLOCATION",1,000,2,"https://de.wikipedia.org/wiki/Deutsche_Sprache"
"Staatsangehörigkeit","staatsangehörigkeit","COMPOUND_NOUN",0,800,1,"https://de.wikipedia.org/wiki/Deutsche_Sprache"
"unabhängig von","unabhängig von","COLLOCATION",0,600,2,"https://de.wikipedia.org/wiki/Deutsche_Sprache"
"jedoch war","jedoch war","COLLOCATION",0,600,2,"https://de.wikipedia.org/wiki/Deutsche_Sprache"
"deutschen verwandt","deutsch verwandt","COLLOCATION",0,600,2,"https://de.wikipedia.org/wiki/Deutsche_Sprache"
"Zahl der","zahl der","COLLOCATION",0,600,2,"https://de.wikipedia.org/wiki/Deutsche_Sprache"
"vor allem","vor allem","COLLOCATION",0,935,2,"https://de.wikipedia.org/wiki/Deutsche_Sprache"
"Kolonialsprache","kolonialsprache","COMPOUND_NOUN",0,800,1,"https://de.wikipedia.org/wiki/Deutsche_Sprache"
"Gemeinde List","gemeinde list","NAMED_ENTITY",0,850,2,"https://de.wikipedia.org/wiki/Deutsche_Sprache"
"Hermannstadt","hermannstadt","COMPOUND_NOUN",0,800,1,"https://de.wikipedia.org/wiki/Deutsche_Sprache"
"worden sein","word sein","COLLOCATION",0,600,2,"https://de.wikipedia.org/wiki/Deutsche_Sprache"
"Internetauftritt","internetauftritt","COMPOUND_NOUN",0,800,1,"https://de.wikipedia.org/wiki/Deutsche_Sprache"
"Eurobarometers","eurobarometers","COMPOUND_NOUN",0,800,1,"https://de.wikipedia.org/wiki/Deutsche_Sprache"
"– IBU","– ibu","COLLOCATION",0,771,2,"https://de.wikipedia.org/wiki/Deutsche_Sprache"
"einer Amtssprache","einer amtssprache","COLLOCATION",0,507,2,"https://de.wikipedia.org/wiki/Deutsche_Sprache"
"Finanziert wird","finanziert wird","COLLOCATION",0,600,2,"https://de.wikipedia.org/wiki/Deutsche_Sprache"
"niederdeutsche Sprache","niederdeutsche sprache","COLLOCATION",0,559,2,"https://de.wikipedia.org/wiki/Deutsche_Sprache"
"Verfügung","verfügung","COMPOUND_NOUN",0,800,1,"https://de.wikipedia.org/wiki/Deutsche_Sprache"
"Februar 2023","februar 2023","COLLOCATION",0,950,2,"https://de.wikipedia.org/wiki/Deutsche_Sprache"
"zwei Numeri","zwei numeri","COLLOCATION",0,600,2,"https://de.wikipedia.org/wiki/Deutsche_Sprache"
"wird aber","wird aber","COLLOCATION",0,600,2,"https://de.wikipedia.org/wiki/Deutsche_Sprache"
"New York","new york","COLLOCATION",1,000,2,"https://de.wikipedia.org/wiki/Deutsche_Sprache"
"Herkunft","herkunft","COMPOUND_NOUN",0,800,1,"https://de.wikipedia.org/wiki/Deutsche_Sprache"
"Erforschung","erforschung","COMPOUND_NOUN",0,800,1,"https://de.wikipedia.org/wiki/Deutsche_Sprache"
"duiskkagiella oder","duiskkagiella oder","COLLOCATION",0,600,2,"https://de.wikipedia.org/wiki/Deutsche_Sprache"
"Niederpreussisch Ostpommersch","niederpreussisch ostpommersch","COLLOCATION",1,000,2,"https://de.wikipedia.org/wiki/Deutsche_Sprache"
"geschah vor","geschah vor","PHRASAL_VERB",0,700,2,"https://de.wikipedia.org/wiki/Deutsche_Sprache"
"öffentlichen Leben","öffentlichen leb","COLLOCATION",1,000,2,"https://de.wikipedia.org/wiki/Deutsche_Sprache"
"Hochalemannisch (","hochalemannisch (","COLLOCATION",0,559,2,"https://de.wikipedia.org/wiki/Deutsche_Sprache"
"hat sich","hat sich","COLLOCATION",0,611,2,"https://de.wikipedia.org/wiki/Deutsche_Sprache"
"Goossens","goossens","COMPOUND_NOUN",0,800,1,"https://de.wikipedia.org/wiki/Deutsche_Sprache"
"Schriftlichkeit","schriftlichkeit","COMPOUND_NOUN",0,800,1,"https://de.wikipedia.org/wiki/Deutsche_Sprache"
"nicht aber","nicht aber","COLLOCATION",0,600,2,"https://de.wikipedia.org/wiki/Deutsche_Sprache"
"Slowenisch in","slowenisch in","COLLOCATION",0,540,2,"https://de.wikipedia.org/wiki/Deutsche_Sprache"
"Kolonie","kolonie","COMPOUND_NOUN",0,800,1,"https://de.wikipedia.org/wiki/Deutsche_Sprache"
"nicht mehr","nicht mehr","COLLOCATION",0,733,2,"https://de.wikipedia.org/wiki/Deutsche_Sprache"
"in Australien","in australien","COLLOCATION",0,540,2,"https://de.wikipedia.org/wiki/Deutsche_Sprache"
"Informationsquelle","informationsquelle","COMPOUND_NOUN",0,800,1,"https://de.wikipedia.org/wiki/Deutsche_Sprache"
"den beiden","den beiden","COLLOCATION",0,615,2,"https://de.wikipedia.org/wiki/Deutsche_Sprache"
"nach eine","nach eine","PHRASAL_VERB",0,750,2,"https://de.wikipedia.org/wiki/Deutsche_Sprache"
"am 1","am 1","COLLOCATION",0,681,2,"https://de.wikipedia.org/wiki/Deutsche_Sprache"
"November bis","november bis","COLLOCATION",0,556,2,"https://de.wikipedia.org/wiki/Deutsche_Sprache"
"' heidnisch","' heidnisch","COLLOCATION",1,000,2,"https://de.wikipedia.org/wiki/Deutsche_Sprache"
"des Wortes","des wortes","COLLOCATION",0,636,2,"https://de.wikipedia.org/wiki/Deutsche_Sprache"
"Metaphern aus","metaphern aus","COLLOCATION",0,600,2,"https://de.wikipedia.org/wiki/Deutsche_Sprache"
"Sprache bzw","sprach bzw","COLLOCATION",0,600,2,"https://de.wikipedia.org/wiki/Deutsche_Sprache"
"Rätoromanen","rätoromanen","COMPOUND_NOUN",0,800,1,"https://de.wikipedia.org/wiki/Deutsche_Sprache"
"wie es","wi es","COLLOCATION",0,600,2,"https://de.wikipedia.org/wiki/Deutsche_Sprache"
"mit die","mit die","PHRASAL_VERB",0,750,2,"https://de.wikipedia.org/wiki/Deutsche_Sprache"
"2012 –","2012 –","COLLOCATION",0,501,2,"https://de.wikipedia.org/wiki/Deutsche_Sprache"
"Umlaute","umlaute","COMPOUND_NOUN",0,800,1,"https://de.wikipedia.org/wiki/Deutsche_Sprache"
"nur noch","nur noch","COLLOCATION",0,650,2,"https://de.wikipedia.org/wiki/Deutsche_Sprache"
"Beispiele für","beispiele für","COLLOCATION",0,650,2,"https://de.wikipedia.org/wiki/Deutsche_Sprache"
"Wien gemäss","wien gemäss","COLLOCATION",0,964,2,"https://de.wikipedia.org/wiki/Deutsche_Sprache"
"West -","west -","COLLOCATION",0,712,2,"https://de.wikipedia.org/wiki/Deutsche_Sprache"
"den überregionalen","den überregionalen","COLLOCATION",0,600,2,"https://de.wikipedia.org/wiki/Deutsche_Sprache"
"des American Community","des american community","COLLOCATION",0,650,3,"https://de.wikipedia.org/wiki/Deutsche_Sprache"
"Bürgermeister","bürgermeister","COMPOUND_NOUN",0,800,1,"https://de.wikipedia.org/wiki/Deutsche_Sprache"
"Elsässisch zu","elsässisch zu","COLLOCATION",0,686,2,"https://de.wikipedia.org/wiki/Deutsche_Sprache"
"in Vorarlberg","in vorarlberg","COLLOCATION",0,540,2,"https://de.wikipedia.org/wiki/Deutsche_Sprache"
"– FIBT","– fibt","COLLOCATION",0,771,2,"https://de.wikipedia.org/wiki/Deutsche_Sprache"
"Estado Do","estado do","COLLOCATION",1,000,2,"https://de.wikipedia.org/wiki/Deutsche_Sprache"
"e -ISBN","e -isbn","COLLOCATION",1,000,2,"https://de.wikipedia.org/wiki/Deutsche_Sprache"
"Studie :","studie :","COLLOCATION",0,508,2,"https://de.wikipedia.org/wiki/Deutsche_Sprache"
"Euromosaik- Studie","euromosaik- studie","COLLOCATION",1,000,2,"https://de.wikipedia.org/wiki/Deutsche_Sprache"
"Institutionen","institutionen","COMPOUND_NOUN",0,800,1,"https://de.wikipedia.org/wiki/Deutsche_Sprache"
"Die Zugehörigkeit","die zugehörigkeit","COLLOCATION",0,502,2,"https://de.wikipedia.org/wiki/Deutsche_Sprache"
"daher heute","dah heute","COLLOCATION",0,600,2,"https://de.wikipedia.org/wiki/Deutsche_Sprache"
"zur Verfügung","zur verfügung","COLLOCATION",0,878,2,"https://de.wikipedia.org/wiki/Deutsche_Sprache"
"Fédération Internationale","fédération internationale","COLLOCATION",1,000,2,"https://de.wikipedia.org/wiki/Deutsche_Sprache"
"Handbuch deutscher","handbuch deutscher","COLLOCATION",0,600,2,"https://de.wikipedia.org/wiki/Deutsche_Sprache"
"Lautwandels","lautwandels","COMPOUND_NOUN",0,800,1,"https://de.wikipedia.org/wiki/Deutsche_Sprache"
"0,6 Millionen","0,6 millionen","COLLOCATION",0,863,2,"https://de.wikipedia.org/wiki/Deutsche_Sprache"
"Grundlage","grundlage","COMPOUND_NOUN",0,800,1,"https://de.wikipedia.org/wiki/Deutsche_Sprache"
"unter diejenige","unter diejenige","PHRASAL_VERB",0,750,2,"https://de.wikipedia.org/wiki/Deutsche_Sprache"
"im öffentlichen","im öffentlichen","COLLOCATION",0,571,2,"https://de.wikipedia.org/wiki/Deutsche_Sprache"
"eingeführt haben","eingeführt haben","COLLOCATION",1,000,2,"https://de.wikipedia.org/wiki/Deutsche_Sprache"
"Unklar ist","unklar ist","COLLOCATION",0,600,2,"https://de.wikipedia.org/wiki/Deutsche_Sprache"
"de Tobogganing","de tobogganing","COLLOCATION",0,845,2,"https://de.wikipedia.org/wiki/Deutsche_Sprache"
"mit gebraucht","mit gebraucht","PHRASAL_VERB",0,750,2,"https://de.wikipedia.org/wiki/Deutsche_Sprache"
"Europäische Union","europäisch union","COLLOCATION",0,948,2,"https://de.wikipedia.org/wiki/Deutsche_Sprache"
"Diese sind","dies sind","COLLOCATION",0,600,2,"https://de.wikipedia.org/wiki/Deutsche_Sprache"
"zählen beispielsweise","zähl beispielsweise","COLLOCATION",0,600,2,"https://de.wikipedia.org/wiki/Deutsche_Sprache"
"Eingriffe","eingriffe","COMPOUND_NOUN",0,800,1,"https://de.wikipedia.org/wiki/Deutsche_Sprache"
"Teil III Romani","teil iii romani","NAMED_ENTITY",0,850,3,"https://de.wikipedia.org/wiki/Deutsche_Sprache"
"von Polenz","von polenz","COLLOCATION",0,699,2,"https://de.wikipedia.org/wiki/Deutsche_Sprache"
"EHF Fédération","ehf fédération","COLLOCATION",1,000,2,"https://de.wikipedia.org/wiki/Deutsche_Sprache"
"Differenzierung","differenzierung","COMPOUND_NOUN",0,800,1,"https://de.wikipedia.org/wiki/Deutsche_Sprache"
"Internetseite","internetseite","COMPOUND_NOUN",0,800,1,"https://de.wikipedia.org/wiki/Deutsche_Sprache"
"auf denen","auf denen","PHRASAL_VERB",0,750,2,"https://de.wikipedia.org/wiki/Deutsche_Sprache"
"Malmedy sowie","malmedy sowie","COLLOCATION",0,600,2,"https://de.wikipedia.org/wiki/Deutsche_Sprache"
"– FIBA","– fiba","COLLOCATION",0,771,2,"https://de.wikipedia.org/wiki/Deutsche_Sprache"
"zu vermeiden","zu vermeiden","COLLOCATION",0,786,2,"https://de.wikipedia.org/wiki/Deutsche_Sprache"
"in Kärnten","in kärnten","COLLOCATION",0,540,2,"https://de.wikipedia.org/wiki/Deutsche_Sprache"
"Bestandteil des","bestandteil des","COLLOCATION",0,695,2,"https://de.wikipedia.org/wiki/Deutsche_Sprache"
"Mittelfränkisch (","mittelfränkisch (","COLLOCATION",0,527,2,"https://de.wikipedia.org/wiki/Deutsche_Sprache"
"Woiwodschaft Opole","woiwodschaft opole","COLLOCATION",1,000,2,"https://de.wikipedia.org/wiki/Deutsche_Sprache"
"ab einem","ab einem","PHRASAL_VERB",0,750,2,"https://de.wikipedia.org/wiki/Deutsche_Sprache"
"Vorstoss","vorstoss","COMPOUND_NOUN",0,800,1,"https://de.wikipedia.org/wiki/Deutsche_Sprache"
"letzten Volkszählung","letzten volkszählung","COLLOCATION",1,000,2,"https://de.wikipedia.org/wiki/Deutsche_Sprache"
"Überschichtung","überschichtung","COMPOUND_NOUN",0,800,1,"https://de.wikipedia.org/wiki/Deutsche_Sprache"
"auf repräsentativen","auf repräsentativen","PHRASAL_VERB",0,750,2,"https://de.wikipedia.org/wiki/Deutsche_Sprache"
"Anerkennung","anerkennung","COMPOUND_NOUN",0,800,1,"https://de.wikipedia.org/wiki/Deutsche_Sprache"
"am 8","am 8","COLLOCATION",0,568,2,"https://de.wikipedia.org/wiki/Deutsche_Sprache"
"Dialektkontinuums","dialektkontinuums","COMPOUND_NOUN",0,800,1,"https://de.wikipedia.org/wiki/Deutsche_Sprache"
"das Lateinische als","das lateinisch als","COLLOCATION",0,650,3,"https://de.wikipedia.org/wiki/Deutsche_Sprache"
"darunter rund","darunt rund","COLLOCATION",0,600,2,"https://de.wikipedia.org/wiki/Deutsche_Sprache"
"nach diese","nach diese","PHRASAL_VERB",0,750,2,"https://de.wikipedia.org/wiki/Deutsche_Sprache"
"Investigação e","investigação e","COLLOCATION",1,000,2,"https://de.wikipedia.org/wiki/Deutsche_Sprache"
"am 7","am 7","COLLOCATION",0,623,2,"https://de.wikipedia.org/wiki/Deutsche_Sprache"
"III Friesisch","iii friesisch","NAMED_ENTITY",0,850,2,"https://de.wikipedia.org/wiki/Deutsche_Sprache"
"am 6","am 6","COLLOCATION",0,614,2,"https://de.wikipedia.org/wiki/Deutsche_Sprache"
"ethnologue.com (","ethnologue.com (","COLLOCATION",0,500,2,"https://de.wikipedia.org/wiki/Deutsche_Sprache"
"geniesst alle","geniesst alle","COLLOCATION",0,600,2,"https://de.wikipedia.org/wiki/Deutsche_Sprache"
"genauer :","genauer :","COLLOCATION",0,630,2,"https://de.wikipedia.org/wiki/Deutsche_Sprache"
") Ostmitteldeutsch",") ostmitteldeutsch","COLLOCATION",0,518,2,"https://de.wikipedia.org/wiki/Deutsche_Sprache"
"Websites","websites","COMPOUND_NOUN",0,800,1,"https://de.wikipedia.org/wiki/Deutsche_Sprache"
"aus stammende","aus stammende","PHRASAL_VERB",0,750,2,"https://de.wikipedia.org/wiki/Deutsche_Sprache"
"sind viele","sind viele","COLLOCATION",0,600,2,"https://de.wikipedia.org/wiki/Deutsche_Sprache"
"Umgangssprache verstärkt","umgangssprach verstärkt","COLLOCATION",0,600,2,"https://de.wikipedia.org/wiki/Deutsche_Sprache"
"grossen Einfluss","grossen einfluss","COLLOCATION",0,950,2,"https://de.wikipedia.org/wiki/Deutsche_Sprache"
"mischt in","mischt in","COLLOCATION",0,540,2,"https://de.wikipedia.org/wiki/Deutsche_Sprache"
"Auf festsetzen","auf festsetzen","PHRASAL_VERB",0,750,2,"https://de.wikipedia.org/wiki/Deutsche_Sprache"
"Bayerisches Staatsministerium","bayerisches staatsministerium","NAMED_ENTITY",0,850,2,"https://de.wikipedia.org/wiki/Deutsche_Sprache"
"Präsident","präsident","COMPOUND_NOUN",0,800,1,"https://de.wikipedia.org/wiki/Deutsche_Sprache"
"fast ausgestorben","fast ausgestorben","COLLOCATION",0,600,2,"https://de.wikipedia.org/wiki/Deutsche_Sprache"
"den 1990er","den 1990er","COLLOCATION",0,600,2,"https://de.wikipedia.org/wiki/Deutsche_Sprache"
"Zweitsprache","zweitsprache","COMPOUND_NOUN",0,800,1,"https://de.wikipedia.org/wiki/Deutsche_Sprache"
"Zum einen","zum einen","COLLOCATION",0,626,2,"https://de.wikipedia.org/wiki/Deutsche_Sprache"
"Taiwanisch","taiwanisch","COMPOUND_NOUN",0,800,1,"https://de.wikipedia.org/wiki/Deutsche_Sprache"
"auf Beeinflussung","auf beeinflussung","PHRASAL_VERB",0,750,2,"https://de.wikipedia.org/wiki/Deutsche_Sprache"
"langue et","langue et","COLLOCATION",1,000,2,"https://de.wikipedia.org/wiki/Deutsche_Sprache"
"die Umgangssprache verstärkt","die umgangssprach verstärkt","COLLOCATION",0,650,3,"https://de.wikipedia.org/wiki/Deutsche_Sprache"
"Ständigen Arbeitsgruppe","ständigen arbeitsgruppe","COLLOCATION",1,000,2,"https://de.wikipedia.org/wiki/Deutsche_Sprache"
"Fränkisch ""","fränkisch ""","COLLOCATION",0,629,2,"https://de.wikipedia.org/wiki/Deutsche_Sprache"
"siehe auch","siehe auch","COLLOCATION",0,700,2,"https://de.wikipedia.org/wiki/Deutsche_Sprache"
"Burgenlandkroatisch im","burgenlandkroatisch im","COLLOCATION",0,671,2,"https://de.wikipedia.org/wiki/Deutsche_Sprache"
"mit Rechtschreibung","mit rechtschreibung","PHRASAL_VERB",0,750,2,"https://de.wikipedia.org/wiki/Deutsche_Sprache"
"diversité linguistique","diversité linguistique","COLLOCATION",0,600,2,"https://de.wikipedia.org/wiki/Deutsche_Sprache"
"im späten","im späten","COLLOCATION",0,612,2,"https://de.wikipedia.org/wiki/Deutsche_Sprache"
"Dezember 2013","dezember 2013","COLLOCATION",0,790,2,"https://de.wikipedia.org/wiki/Deutsche_Sprache"
"Dezember 2014","dezember 2014","COLLOCATION",0,722,2,"https://de.wikipedia.org/wiki/Deutsche_Sprache"
"Unserdeutsch","unserdeutsch","COMPOUND_NOUN",0,800,1,"https://de.wikipedia.org/wiki/Deutsche_Sprache"
"Wikisource","wikisource","COMPOUND_NOUN",0,800,1,"https://de.wikipedia.org/wiki/Deutsche_Sprache"
"einer Erhebung","einer erhebung","COLLOCATION",0,729,2,"https://de.wikipedia.org/wiki/Deutsche_Sprache"
"Sprachgebiet","sprachgebiet","COMPOUND_NOUN",0,800,1,"https://de.wikipedia.org/wiki/Deutsche_Sprache"
"an gering","an gering","PHRASAL_VERB",0,750,2,"https://de.wikipedia.org/wiki/Deutsche_Sprache"
"Dezember 2021","dezember 2021","COLLOCATION",0,790,2,"https://de.wikipedia.org/wiki/Deutsche_Sprache"
"Stroessners","stroessners","COMPOUND_NOUN",0,800,1,"https://de.wikipedia.org/wiki/Deutsche_Sprache"
"abgerufen am","abgerufen am","COLLOCATION",0,814,2,"https://de.wikipedia.org/wiki/Deutsche_Sprache"
"an die","an die","PHRASAL_VERB",0,750,2,"https://de.wikipedia.org/wiki/Deutsche_Sprache"
"etwa 100","etwa 100","COLLOCATION",0,798,2,"https://de.wikipedia.org/wiki/Deutsche_Sprache"
"Martin Luther","martin luther","COLLOCATION",1,000,2,"https://de.wikipedia.org/wiki/Deutsche_Sprache"
"deutschen Sprachraum","deutschen sprachraum","COLLOCATION",0,608,2,"https://de.wikipedia.org/wiki/Deutsche_Sprache"
"Werner König","werner könig","COLLOCATION",1,000,2,"https://de.wikipedia.org/wiki/Deutsche_Sprache"
"Synchronisation","synchronisation","COMPOUND_NOUN",0,800,1,"https://de.wikipedia.org/wiki/Deutsche_Sprache"
"Craeybeckx","craeybeckx","COMPOUND_NOUN",0,800,1,"https://de.wikipedia.org/wiki/Deutsche_Sprache"
"oder gar","oder gar","COLLOCATION",0,769,2,"https://de.wikipedia.org/wiki/Deutsche_Sprache"
"die Sinnherkunft vieler","die sinnherkunft vieler","COLLOCATION",0,650,3,"https://de.wikipedia.org/wiki/Deutsche_Sprache"
"Dialekt","dialekt","COMPOUND_NOUN",0,800,1,"https://de.wikipedia.org/wiki/Deutsche_Sprache"
"Volkszählungen","volkszählungen","COMPOUND_NOUN",0,800,1,"https://de.wikipedia.org/wiki/Deutsche_Sprache"
"Anstieg","anstieg","COMPOUND_NOUN",0,800,1,"https://de.wikipedia.org/wiki/Deutsche_Sprache"
"zu Gerichtsverfassungsgesetzes","zu gerichtsverfassungsgesetzes","PHRASAL_VERB",0,750,2,"https://de.wikipedia.org/wiki/Deutsche_Sprache"
"und selbst","und selbst","COLLOCATION",0,600,2,"https://de.wikipedia.org/wiki/Deutsche_Sprache"
"vor diese","vor diese","PHRASAL_VERB",0,750,2,"https://de.wikipedia.org/wiki/Deutsche_Sprache"
"Texten für","texten für","PHRASAL_VERB",0,700,2,"https://de.wikipedia.org/wiki/Deutsche_Sprache"
"Wörterbuch staatlich","wörterbuch staatlich","COLLOCATION",0,600,2,"https://de.wikipedia.org/wiki/Deutsche_Sprache"
"noch etwa","noch etwa","COLLOCATION",0,503,2,"https://de.wikipedia.org/wiki/Deutsche_Sprache"
"ebenso wie","ebenso wi","COLLOCATION",0,876,2,"https://de.wikipedia.org/wiki/Deutsche_Sprache"
"Wortes ""","wortes ""","COLLOCATION",0,629,2,"https://de.wikipedia.org/wiki/Deutsche_Sprache"
"mit Belgiens","mit belgiens","PHRASAL_VERB",0,750,2,"https://de.wikipedia.org/wiki/Deutsche_Sprache"
"geben Deutsch","geben deutsch","COLLOCATION",0,599,2,"https://de.wikipedia.org/wiki/Deutsche_Sprache"
"und sind","und sind","COLLOCATION",0,600,2,"https://de.wikipedia.org/wiki/Deutsche_Sprache"
"– FIFA","– fifa","COLLOCATION",0,771,2,"https://de.wikipedia.org/wiki/Deutsche_Sprache"
"unrealistisch wie","unrealistisch wie","COLLOCATION",0,600,2,"https://de.wikipedia.org/wiki/Deutsche_Sprache"
"und allgemeinen","und allgemeinen","COLLOCATION",0,600,2,"https://de.wikipedia.org/wiki/Deutsche_Sprache"
"an und","an und","PHRASAL_VERB",0,750,2,"https://de.wikipedia.org/wiki/Deutsche_Sprache"
"eher entscheiden","eh entscheiden","COLLOCATION",0,600,2,"https://de.wikipedia.org/wiki/Deutsche_Sprache"
"fünf Millionen","fünf millionen","COLLOCATION",0,805,2,"https://de.wikipedia.org/wiki/Deutsche_Sprache"
"mit den","mit den","PHRASAL_VERB",0,750,2,"https://de.wikipedia.org/wiki/Deutsche_Sprache"
"Verkehrssprache","verkehrssprache","COMPOUND_NOUN",0,800,1,"https://de.wikipedia.org/wiki/Deutsche_Sprache"
"Bevölkerung der","bevölkerung der","COLLOCATION",0,600,2,"https://de.wikipedia.org/wiki/Deutsche_Sprache"
"Massenmedien","massenmedien","COMPOUND_NOUN",0,800,1,"https://de.wikipedia.org/wiki/Deutsche_Sprache"
"noch nicht","noch nicht","COLLOCATION",0,503,2,"https://de.wikipedia.org/wiki/Deutsche_Sprache"
"Dreissigjährigen Krieg","dreissigjährigen krieg","COLLOCATION",1,000,2,"https://de.wikipedia.org/wiki/Deutsche_Sprache"
"↑ a","↑ a","COLLOCATION",0,614,2,"https://de.wikipedia.org/wiki/Deutsche_Sprache"
"mit des","mit des","PHRASAL_VERB",0,750,2,"https://de.wikipedia.org/wiki/Deutsche_Sprache"
"Conducteur","conducteur","COMPOUND_NOUN",0,800,1,"https://de.wikipedia.org/wiki/Deutsche_Sprache"
"Rechtswissenschaft","rechtswissenschaft","COMPOUND_NOUN",0,800,1,"https://de.wikipedia.org/wiki/Deutsche_Sprache"
"Bezeichnung für","bezeichnung für","PHRASAL_VERB",0,700,2,"https://de.wikipedia.org/wiki/Deutsche_Sprache"
"deutsche Sprachgebiet","deutsche sprachgebiet","COLLOCATION",0,645,2,"https://de.wikipedia.org/wiki/Deutsche_Sprache"
"ein Bevölkerung","ein bevölkerung","PHRASAL_VERB",0,750,2,"https://de.wikipedia.org/wiki/Deutsche_Sprache"
"Dezember 2008","dezember 2008","COLLOCATION",0,934,2,"https://de.wikipedia.org/wiki/Deutsche_Sprache"
"Gastarbeiter","gastarbeiter","COMPOUND_NOUN",0,800,1,"https://de.wikipedia.org/wiki/Deutsche_Sprache"
"Birgit Wolf","birgit wolf","NAMED_ENTITY",0,850,2,"https://de.wikipedia.org/wiki/Deutsche_Sprache"
"zwar begrenzt","zwar begrenzt","COLLOCATION",0,600,2,"https://de.wikipedia.org/wiki/Deutsche_Sprache"
"Luxemburger","luxemburger","COMPOUND_NOUN",0,800,1,"https://de.wikipedia.org/wiki/Deutsche_Sprache"
"Fassungen massgebend","fassung massgebend","COLLOCATION",0,600,2,"https://de.wikipedia.org/wiki/Deutsche_Sprache"
"allem durch","allem durch","COLLOCATION",0,568,2,"https://de.wikipedia.org/wiki/Deutsche_Sprache"
"Dezember 2005","dezember 2005","COLLOCATION",0,776,2,"https://de.wikipedia.org/wiki/Deutsche_Sprache"
"Staaten von","staaten von","PHRASAL_VERB",0,700,2,"https://de.wikipedia.org/wiki/Deutsche_Sprache"
"Bildung","bildung","COMPOUND_NOUN",0,800,1,"https://de.wikipedia.org/wiki/Deutsche_Sprache"
"Fachkräftemangel","fachkräftemangel","COMPOUND_NOUN",0,800,1,"https://de.wikipedia.org/wiki/Deutsche_Sprache"
"engeren Sinne","engeren sinne","COLLOCATION",1,000,2,"https://de.wikipedia.org/wiki/Deutsche_Sprache"
"Rheinfränkisch (","rheinfränkisch (","COLLOCATION",0,500,2,"https://de.wikipedia.org/wiki/Deutsche_Sprache"
"den gescheiterten","den gescheiterten","COLLOCATION",0,600,2,"https://de.wikipedia.org/wiki/Deutsche_Sprache"
"Biathlon -Union","biathlon -union","COLLOCATION",1,000,2,"https://de.wikipedia.org/wiki/Deutsche_Sprache"
"Dichtung um","dichtung um","COLLOCATION",0,600,2,"https://de.wikipedia.org/wiki/Deutsche_Sprache"
"Ausländer","ausländer","COMPOUND_NOUN",0,800,1,"https://de.wikipedia.org/wiki/Deutsche_Sprache"
"Wörterbuch","wörterbuch","COMPOUND_NOUN",0,800,1,"https://de.wikipedia.org/wiki/Deutsche_Sprache"
"Dialektforschung","dialektforschung","COMPOUND_NOUN",0,800,1,"https://de.wikipedia.org/wiki/Deutsche_Sprache"
"des Goethe","des goethe","COLLOCATION",0,595,2,"https://de.wikipedia.org/wiki/Deutsche_Sprache"
"Bevölkerung in","bevölkerung in","PHRASAL_VERB",0,700,2,"https://de.wikipedia.org/wiki/Deutsche_Sprache"
"↑ LEI","↑ lei","COLLOCATION",0,714,2,"https://de.wikipedia.org/wiki/Deutsche_Sprache"
"Competitors","competitors","COMPOUND_NOUN",0,800,1,"https://de.wikipedia.org/wiki/Deutsche_Sprache"
"unter Letzebuergesch","unter letzebuergesch","PHRASAL_VERB",0,750,2,"https://de.wikipedia.org/wiki/Deutsche_Sprache"
"↑ Les","↑ les","COLLOCATION",0,581,2,"https://de.wikipedia.org/wiki/Deutsche_Sprache"
"wie das","wi das","COLLOCATION",0,600,2,"https://de.wikipedia.org/wiki/Deutsche_Sprache"
"und Amtssprache","und amtssprache","COLLOCATION",0,600,2,"https://de.wikipedia.org/wiki/Deutsche_Sprache"
"Ortsschilder","ortsschilder","COMPOUND_NOUN",0,800,1,"https://de.wikipedia.org/wiki/Deutsche_Sprache"
"gelten für","gelten für","PHRASAL_VERB",0,700,2,"https://de.wikipedia.org/wiki/Deutsche_Sprache"
"oft nicht","oft nicht","COLLOCATION",0,594,2,"https://de.wikipedia.org/wiki/Deutsche_Sprache"
"dieser Zeit","dies zeit","COLLOCATION",0,715,2,"https://de.wikipedia.org/wiki/Deutsche_Sprache"
"hochdeutsche Standardsprache","hochdeutsche standardsprache","COLLOCATION",0,698,2,"https://de.wikipedia.org/wiki/Deutsche_Sprache"
"Superregionalisierung ist","superregionalisierung ist","COLLOCATION",0,600,2,"https://de.wikipedia.org/wiki/Deutsche_Sprache"
"unterschiedlicher Intensität","unterschiedlich intensität","COLLOCATION",0,600,2,"https://de.wikipedia.org/wiki/Deutsche_Sprache"
"Sprache weit","sprach weit","COLLOCATION",0,600,2,"https://de.wikipedia.org/wiki/Deutsche_Sprache"
"im heutigen","im heutig","COLLOCATION",0,671,2,"https://de.wikipedia.org/wiki/Deutsche_Sprache"
"wurde die","wurd die","COLLOCATION",0,561,2,"https://de.wikipedia.org/wiki/Deutsche_Sprache"
"Europäische Patentorganisation","europäisch patentorganisation","COLLOCATION",0,600,2,"https://de.wikipedia.org/wiki/Deutsche_Sprache"
"Einwohnern Südtirols","einwohnern südtirols","NAMED_ENTITY",0,850,2,"https://de.wikipedia.org/wiki/Deutsche_Sprache"
"Websites Deutsch","websites deutsch","NAMED_ENTITY",0,850,2,"https://de.wikipedia.org/wiki/Deutsche_Sprache"
"Programm","programm","COMPOUND_NOUN",0,800,1,"https://de.wikipedia.org/wiki/Deutsche_Sprache"
"an den","an den","PHRASAL_VERB",0,750,2,"https://de.wikipedia.org/wiki/Deutsche_Sprache"
"das Mittelhochdeutsche","das mittelhochdeutsche","COLLOCATION",0,723,2,"https://de.wikipedia.org/wiki/Deutsche_Sprache"
"– UEFA","– uefa","COLLOCATION",0,771,2,"https://de.wikipedia.org/wiki/Deutsche_Sprache"
"Ski –","ski –","COLLOCATION",0,771,2,"https://de.wikipedia.org/wiki/Deutsche_Sprache"
"↑ Peter","↑ peter","COLLOCATION",0,591,2,"https://de.wikipedia.org/wiki/Deutsche_Sprache"
"vor Entstehung","vor entstehung","PHRASAL_VERB",0,750,2,"https://de.wikipedia.org/wiki/Deutsche_Sprache"
"Ländern ausserhalb","ländern ausserhalb","COLLOCATION",0,600,2,"https://de.wikipedia.org/wiki/Deutsche_Sprache"
"TVP Opole","tvp opole","NAMED_ENTITY",0,850,2,"https://de.wikipedia.org/wiki/Deutsche_Sprache"
"auf gut","auf gut","PHRASAL_VERB",0,750,2,"https://de.wikipedia.org/wiki/Deutsche_Sprache"
"eine Umerziehung von","eine umerziehung von","COLLOCATION",0,650,3,"https://de.wikipedia.org/wiki/Deutsche_Sprache"
"Association","association","COMPOUND_NOUN",0,800,1,"https://de.wikipedia.org/wiki/Deutsche_Sprache"
"mit selbst","mit selbst","PHRASAL_VERB",0,750,2,"https://de.wikipedia.org/wiki/Deutsche_Sprache"
"Kolonialdialekte )","kolonialdialekte )","COLLOCATION",0,560,2,"https://de.wikipedia.org/wiki/Deutsche_Sprache"
"Schulze","schulze","COMPOUND_NOUN",0,800,1,"https://de.wikipedia.org/wiki/Deutsche_Sprache"
"Gebrauch","gebrauch","COMPOUND_NOUN",0,800,1,"https://de.wikipedia.org/wiki/Deutsche_Sprache"
"Urkundensprache","urkundensprache","COMPOUND_NOUN",0,800,1,"https://de.wikipedia.org/wiki/Deutsche_Sprache"
"and Its","and its","COLLOCATION",1,000,2,"https://de.wikipedia.org/wiki/Deutsche_Sprache"
"Landes Deutsch","landes deutsch","NAMED_ENTITY",0,850,2,"https://de.wikipedia.org/wiki/Deutsche_Sprache"
"als Minderheiten","als minderheiten","COLLOCATION",0,550,2,"https://de.wikipedia.org/wiki/Deutsche_Sprache"
"Teilung Deutschlands","teilung deutschlands","NAMED_ENTITY",0,850,2,"https://de.wikipedia.org/wiki/Deutsche_Sprache"
"im Ostseeraum","im ostseeraum","COLLOCATION",0,612,2,"https://de.wikipedia.org/wiki/Deutsche_Sprache"
"Diese österreichische","dies österreichische","COLLOCATION",0,600,2,"https://de.wikipedia.org/wiki/Deutsche_Sprache"
"Europäischen Charta","europäischen charta","COLLOCATION",0,950,2,"https://de.wikipedia.org/wiki/Deutsche_Sprache"
"im weiteren","im weiter","COLLOCATION",0,597,2,"https://de.wikipedia.org/wiki/Deutsche_Sprache"
"Vorgang","vorgang","COMPOUND_NOUN",0,800,1,"https://de.wikipedia.org/wiki/Deutsche_Sprache"
"Schriftsprache","schriftsprache","COMPOUND_NOUN",0,800,1,"https://de.wikipedia.org/wiki/Deutsche_Sprache"
"Eine Ausnahme","eine ausnahme","COLLOCATION",0,791,2,"https://de.wikipedia.org/wiki/Deutsche_Sprache"
"Jahr 2002","jahr 2002","COLLOCATION",0,972,2,"https://de.wikipedia.org/wiki/Deutsche_Sprache"
"Breitenwirkung","breitenwirkung","COMPOUND_NOUN",0,800,1,"https://de.wikipedia.org/wiki/Deutsche_Sprache"
"Jürgen Trabant","jürgen trabant","COLLOCATION",1,000,2,"https://de.wikipedia.org/wiki/Deutsche_Sprache"
"ein mundartliches","ein mundartliches","PHRASAL_VERB",0,750,2,"https://de.wikipedia.org/wiki/Deutsche_Sprache"
"Jahr 2000","jahr 2000","COLLOCATION",0,914,2,"https://de.wikipedia.org/wiki/Deutsche_Sprache"
"Mitteldeutsch Westmitteldeutsch","mitteldeutsch westmitteldeutsch","COLLOCATION",1,000,2,"https://de.wikipedia.org/wiki/Deutsche_Sprache"
"der den slawischen","der den slawischen","COLLOCATION",0,650,3,"https://de.wikipedia.org/wiki/Deutsche_Sprache"
"Teil III","teil iii","COLLOCATION",0,873,2,"https://de.wikipedia.org/wiki/Deutsche_Sprache"
"oder Minderheitensprachen","oder minderheitensprachen","COLLOCATION",0,537,2,"https://de.wikipedia.org/wiki/Deutsche_Sprache"
"im Sinn","im sinn","COLLOCATION",0,629,2,"https://de.wikipedia.org/wiki/Deutsche_Sprache"
"hier aber","hi aber","COLLOCATION",0,600,2,"https://de.wikipedia.org/wiki/Deutsche_Sprache"
"Dialekte zur","dialekt zur","COLLOCATION",0,600,2,"https://de.wikipedia.org/wiki/Deutsche_Sprache"
"Präpositionen und","präpositionen und","COLLOCATION",0,558,2,"https://de.wikipedia.org/wiki/Deutsche_Sprache"
"Bereich ist","bereich ist","COLLOCATION",0,600,2,"https://de.wikipedia.org/wiki/Deutsche_Sprache"
"Ländern und","ländern und","COLLOCATION",0,600,2,"https://de.wikipedia.org/wiki/Deutsche_Sprache"
"auf mundartliches","auf mundartliches","PHRASAL_VERB",0,750,2,"https://de.wikipedia.org/wiki/Deutsche_Sprache"
"Verfremdung","verfremdung","COMPOUND_NOUN",0,800,1,"https://de.wikipedia.org/wiki/Deutsche_Sprache"
"zu denen","zu denen","PHRASAL_VERB",0,750,2,"https://de.wikipedia.org/wiki/Deutsche_Sprache"
"das Englische","das englische","COLLOCATION",0,601,2,"https://de.wikipedia.org/wiki/Deutsche_Sprache"
"vom Original","vom original","COLLOCATION",0,808,2,"https://de.wikipedia.org/wiki/Deutsche_Sprache"
"Sprache Westgermanisch","sprach westgermanisch","COLLOCATION",0,600,2,"https://de.wikipedia.org/wiki/Deutsche_Sprache"
"um touristisches","um touristisches","PHRASAL_VERB",0,750,2,"https://de.wikipedia.org/wiki/Deutsche_Sprache"
"Form des","form des","COLLOCATION",0,600,2,"https://de.wikipedia.org/wiki/Deutsche_Sprache"
"Patentamt in","patentamt in","COLLOCATION",0,540,2,"https://de.wikipedia.org/wiki/Deutsche_Sprache"
"Bereich jedoch","bereich jedoch","COLLOCATION",0,600,2,"https://de.wikipedia.org/wiki/Deutsche_Sprache"
"Union of","union of","COLLOCATION",0,759,2,"https://de.wikipedia.org/wiki/Deutsche_Sprache"
"zahlenmässig bedeutendste","zahlenmässig bedeutendste","COLLOCATION",0,600,2,"https://de.wikipedia.org/wiki/Deutsche_Sprache"
"– EHF","– ehf","COLLOCATION",0,771,2,"https://de.wikipedia.org/wiki/Deutsche_Sprache"
"damit an","damit an","PHRASAL_VERB",0,700,2,"https://de.wikipedia.org/wiki/Deutsche_Sprache"
"Schriftbild","schriftbild","COMPOUND_NOUN",0,800,1,"https://de.wikipedia.org/wiki/Deutsche_Sprache"
"Sprachvarietät","sprachvarietät","COMPOUND_NOUN",0,800,1,"https://de.wikipedia.org/wiki/Deutsche_Sprache"
"Tschechischen Republik","tschechischen republik","COLLOCATION",1,000,2,"https://de.wikipedia.org/wiki/Deutsche_Sprache"
"Mit gemeint","mit gemeint","PHRASAL_VERB",0,750,2,"https://de.wikipedia.org/wiki/Deutsche_Sprache"
"aus einige","aus einige","PHRASAL_VERB",0,750,2,"https://de.wikipedia.org/wiki/Deutsche_Sprache"
"brasilianischen Gemeinden","brasilianischen gemeinden","COLLOCATION",1,000,2,"https://de.wikipedia.org/wiki/Deutsche_Sprache"
"weite Verbreitung","weite verbreitung","COLLOCATION",1,000,2,"https://de.wikipedia.org/wiki/Deutsche_Sprache"
"Schweizer","schweizer","COMPOUND_NOUN",0,800,1,"https://de.wikipedia.org/wiki/Deutsche_Sprache"
"der Slowakei","der slowakei","COLLOCATION",0,531,2,"https://de.wikipedia.org/wiki/Deutsche_Sprache"
"zur Gegenwart","zur gegenwart","COLLOCATION",0,852,2,"https://de.wikipedia.org/wiki/Deutsche_Sprache"
"§ 184","§ 184","COLLOCATION",1,000,2,"https://de.wikipedia.org/wiki/Deutsche_Sprache"
"Atlas Deutsche","atlas deutsche","COLLOCATION",0,613,2,"https://de.wikipedia.org/wiki/Deutsche_Sprache"
"und liegt","und liegt","COLLOCATION",0,600,2,"https://de.wikipedia.org/wiki/Deutsche_Sprache"
"neben dem","neben dem","COLLOCATION",0,557,2,"https://de.wikipedia.org/wiki/Deutsche_Sprache"
"Zeitung ist","zeitung ist","COLLOCATION",0,600,2,"https://de.wikipedia.org/wiki/Deutsche_Sprache"
"105 Millionen","105 millionen","COLLOCATION",0,805,2,"https://de.wikipedia.org/wiki/Deutsche_Sprache"
"Süden des","süd des","COLLOCATION",0,600,2,"https://de.wikipedia.org/wiki/Deutsche_Sprache"
"Internet","internet","COMPOUND_NOUN",0,800,1,"https://de.wikipedia.org/wiki/Deutsche_Sprache"
"und knapp","und knapp","COLLOCATION",0,600,2,"https://de.wikipedia.org/wiki/Deutsche_Sprache"
"über spricht","über spricht","PHRASAL_VERB",0,750,2,"https://de.wikipedia.org/wiki/Deutsche_Sprache"
"und weist","und weist","COLLOCATION",0,600,2,"https://de.wikipedia.org/wiki/Deutsche_Sprache"
"ergeben sich","ergeben sich","COLLOCATION",0,774,2,"https://de.wikipedia.org/wiki/Deutsche_Sprache"
"Sprache Tok","sprache tok","NAMED_ENTITY",0,850,2,"https://de.wikipedia.org/wiki/Deutsche_Sprache"
"jedoch vor","jedoch vor","COLLOCATION",0,600,2,"https://de.wikipedia.org/wiki/Deutsche_Sprache"
"Mittellands","mittellands","COMPOUND_NOUN",0,800,1,"https://de.wikipedia.org/wiki/Deutsche_Sprache"
"bildeten die","bildeten die","COLLOCATION",0,561,2,"https://de.wikipedia.org/wiki/Deutsche_Sprache"
"der Elsässer sehr","der elsäss sehr","COLLOCATION",0,650,3,"https://de.wikipedia.org/wiki/Deutsche_Sprache"
"Februar 1989","februar 1989","COLLOCATION",0,600,2,"https://de.wikipedia.org/wiki/Deutsche_Sprache"
"PDF ;","pdf ;","COLLOCATION",0,835,2,"https://de.wikipedia.org/wiki/Deutsche_Sprache"
"Standardsprache","standardsprache","COMPOUND_NOUN",0,800,1,"https://de.wikipedia.org/wiki/Deutsche_Sprache"
"Anwendung","anwendung","COMPOUND_NOUN",0,800,1,"https://de.wikipedia.org/wiki/Deutsche_Sprache"
"Linie an","linie an","COLLOCATION",0,614,2,"https://de.wikipedia.org/wiki/Deutsche_Sprache"
"германски (","германски (","COLLOCATION",0,500,2,"https://de.wikipedia.org/wiki/Deutsche_Sprache"
"línguas cooficiais","línguas cooficiais","COLLOCATION",1,000,2,"https://de.wikipedia.org/wiki/Deutsche_Sprache"
"und nutzen","und nutzen","COLLOCATION",0,600,2,"https://de.wikipedia.org/wiki/Deutsche_Sprache"
"flämische und","flämische und","COLLOCATION",0,558,2,"https://de.wikipedia.org/wiki/Deutsche_Sprache"
"nach §","nach §","COLLOCATION",0,777,2,"https://de.wikipedia.org/wiki/Deutsche_Sprache"
"die deutsche Sprache","die deutsch sprache","COLLOCATION",0,650,3,"https://de.wikipedia.org/wiki/Deutsche_Sprache"
"linguistic purism","linguistic purism","COLLOCATION",1,000,2,"https://de.wikipedia.org/wiki/Deutsche_Sprache"
"Lehnwörtern an","lehnwörtern an","PHRASAL_VERB",0,700,2,"https://de.wikipedia.org/wiki/Deutsche_Sprache"
"Südgermanische zum","südgermanisch zum","COLLOCATION",0,600,2,"https://de.wikipedia.org/wiki/Deutsche_Sprache"
"im Elsass","im elsass","COLLOCATION",0,642,2,"https://de.wikipedia.org/wiki/Deutsche_Sprache"
"Gesellschaft für","gesellschaft für","COLLOCATION",0,650,2,"https://de.wikipedia.org/wiki/Deutsche_Sprache"
"978-3 -11-033871-3","978-3 -11-033871-3","COLLOCATION",1,000,2,"https://de.wikipedia.org/wiki/Deutsche_Sprache"
"in Rumänien","in rumänien","COLLOCATION",0,507,2,"https://de.wikipedia.org/wiki/Deutsche_Sprache"
"Schrift -","schrift -","COLLOCATION",0,653,2,"https://de.wikipedia.org/wiki/Deutsche_Sprache"
"Geschichte des","geschicht des","COLLOCATION",0,600,2,"https://de.wikipedia.org/wiki/Deutsche_Sprache"
"Französisch Amtssprache","französisch amtssprache","COLLOCATION",0,613,2,"https://de.wikipedia.org/wiki/Deutsche_Sprache"
"Landesbezeichnung","landesbezeichnung","COMPOUND_NOUN",0,800,1,"https://de.wikipedia.org/wiki/Deutsche_Sprache"
"↑ Internetseite","↑ internetseite","COLLOCATION",0,714,2,"https://de.wikipedia.org/wiki/Deutsche_Sprache"
"beiden grössten","beiden grössten","COLLOCATION",1,000,2,"https://de.wikipedia.org/wiki/Deutsche_Sprache"
"Wohnsitz","wohnsitz","COMPOUND_NOUN",0,800,1,"https://de.wikipedia.org/wiki/Deutsche_Sprache"
"Regional -","regional -","COLLOCATION",0,634,2,"https://de.wikipedia.org/wiki/Deutsche_Sprache"
"so viel","so viel","COLLOCATION",0,985,2,"https://de.wikipedia.org/wiki/Deutsche_Sprache"
"am 16","am 16","COLLOCATION",0,763,2,"https://de.wikipedia.org/wiki/Deutsche_Sprache"
"Sprache verwendet","sprach verwendet","COLLOCATION",0,693,2,"https://de.wikipedia.org/wiki/Deutsche_Sprache"
"am 18","am 18","COLLOCATION",0,555,2,"https://de.wikipedia.org/wiki/Deutsche_Sprache"
"Bevölkerungsmischung aufgrund","bevölkerungsmischung aufgrund","COLLOCATION",0,600,2,"https://de.wikipedia.org/wiki/Deutsche_Sprache"
"am 11","am 11","COLLOCATION",0,772,2,"https://de.wikipedia.org/wiki/Deutsche_Sprache"
"Im Mittelalter","im mittelalt","COLLOCATION",0,671,2,"https://de.wikipedia.org/wiki/Deutsche_Sprache"
"am 12","am 12","COLLOCATION",0,581,2,"https://de.wikipedia.org/wiki/Deutsche_Sprache"
"am 13","am 13","COLLOCATION",0,761,2,"https://de.wikipedia.org/wiki/Deutsche_Sprache"
"europäischen Ostens","europäischen ostens","COLLOCATION",1,000,2,"https://de.wikipedia.org/wiki/Deutsche_Sprache"
"Mittelhochdeutsche zurückgeht","mittelhochdeutsche zurückgeht","COLLOCATION",1,000,2,"https://de.wikipedia.org/wiki/Deutsche_Sprache"
"Zuge der","zug der","COLLOCATION",0,600,2,"https://de.wikipedia.org/wiki/Deutsche_Sprache"
"Zuge des","zug des","COLLOCATION",0,600,2,"https://de.wikipedia.org/wiki/Deutsche_Sprache"
"Deutsche","deutsche","COMPOUND_NOUN",0,800,1,"https://de.wikipedia.org/wiki/Deutsche_Sprache"
"Frühneuhochdeutsch","frühneuhochdeutsch","COMPOUND_NOUN",0,800,1,"https://de.wikipedia.org/wiki/Deutsche_Sprache"
"Luxemburger Wort","luxemburger wort","COLLOCATION",1,000,2,"https://de.wikipedia.org/wiki/Deutsche_Sprache"
"Football Association","football association","COLLOCATION",1,000,2,"https://de.wikipedia.org/wiki/Deutsche_Sprache"
"existiert neben","existiert neben","PHRASAL_VERB",0,700,2,"https://de.wikipedia.org/wiki/Deutsche_Sprache"
"Gegensatz zur","gegensatz zur","COLLOCATION",0,778,2,"https://de.wikipedia.org/wiki/Deutsche_Sprache"
"eine ihrer","eine ihr","COLLOCATION",0,533,2,"https://de.wikipedia.org/wiki/Deutsche_Sprache"
"Eigenständigkeit","eigenständigkeit","COMPOUND_NOUN",0,800,1,"https://de.wikipedia.org/wiki/Deutsche_Sprache"
"am 26","am 26","COLLOCATION",0,733,2,"https://de.wikipedia.org/wiki/Deutsche_Sprache"
"Gegenstückes","gegenstückes","COMPOUND_NOUN",0,800,1,"https://de.wikipedia.org/wiki/Deutsche_Sprache"
"ober -","ober -","COLLOCATION",0,712,2,"https://de.wikipedia.org/wiki/Deutsche_Sprache"
"am 29","am 29","COLLOCATION",0,714,2,"https://de.wikipedia.org/wiki/Deutsche_Sprache"
"Buchhandlung","buchhandlung","COMPOUND_NOUN",0,800,1,"https://de.wikipedia.org/wiki/Deutsche_Sprache"
"Nationalsozialismus dar","nationalsozialismus dar","COLLOCATION",0,600,2,"https://de.wikipedia.org/wiki/Deutsche_Sprache"
"% aller","% aller","COLLOCATION",0,686,2,"https://de.wikipedia.org/wiki/Deutsche_Sprache"
"4 %","4 %","COLLOCATION",0,645,2,"https://de.wikipedia.org/wiki/Deutsche_Sprache"
"zumeist als","zumeist als","COLLOCATION",0,600,2,"https://de.wikipedia.org/wiki/Deutsche_Sprache"
"sich vor","sich vor","COLLOCATION",0,600,2,"https://de.wikipedia.org/wiki/Deutsche_Sprache"
"am 22","am 22","COLLOCATION",0,691,2,"https://de.wikipedia.org/wiki/Deutsche_Sprache"
"am 23","am 23","COLLOCATION",0,714,2,"https://de.wikipedia.org/wiki/Deutsche_Sprache"
"Ostniederdeutsch Märkisch","ostniederdeutsch märkisch","COLLOCATION",1,000,2,"https://de.wikipedia.org/wiki/Deutsche_Sprache"
"Sprache spricht","sprach spricht","COLLOCATION",0,600,2,"https://de.wikipedia.org/wiki/Deutsche_Sprache"
"Zusammenarbeit","zusammenarbeit","COMPOUND_NOUN",0,800,1,"https://de.wikipedia.org/wiki/Deutsche_Sprache"
"Einheitsschreibung","einheitsschreibung","COMPOUND_NOUN",0,800,1,"https://de.wikipedia.org/wiki/Deutsche_Sprache"
"für das","für das","COLLOCATION",0,600,2,"https://de.wikipedia.org/wiki/Deutsche_Sprache"
"Declara Integrante","declara integrante","COLLOCATION",1,000,2,"https://de.wikipedia.org/wiki/Deutsche_Sprache"
"einer Fremdsprache gleichstellt","einer fremdsprach gleichstellt","COLLOCATION",0,650,3,"https://de.wikipedia.org/wiki/Deutsche_Sprache"
"nördlich und","nördlich und","COLLOCATION",0,526,2,"https://de.wikipedia.org/wiki/Deutsche_Sprache"
"Standarddeutsch","standarddeutsch","COMPOUND_NOUN",0,800,1,"https://de.wikipedia.org/wiki/Deutsche_Sprache"
"Deutschlands","deutschlands","COMPOUND_NOUN",0,800,1,"https://de.wikipedia.org/wiki/Deutsche_Sprache"
"Es erscheinen","es erscheinen","COLLOCATION",0,728,2,"https://de.wikipedia.org/wiki/Deutsche_Sprache"
"zunehmend durch","zunehmend durch","COLLOCATION",0,755,2,"https://de.wikipedia.org/wiki/Deutsche_Sprache"
"-Union –","-union –","COLLOCATION",0,771,2,"https://de.wikipedia.org/wiki/Deutsche_Sprache"
"neben Italienisch","neben italienisch","COLLOCATION",0,940,2,"https://de.wikipedia.org/wiki/Deutsche_Sprache"
"der Slowakei eine","der slowakei eine","COLLOCATION",0,650,3,"https://de.wikipedia.org/wiki/Deutsche_Sprache"
"Mennoniten","mennoniten","COMPOUND_NOUN",0,800,1,"https://de.wikipedia.org/wiki/Deutsche_Sprache"
"am 31","am 31","COLLOCATION",0,714,2,"https://de.wikipedia.org/wiki/Deutsche_Sprache"
"Gymnastique –","gymnastique –","COLLOCATION",0,771,2,"https://de.wikipedia.org/wiki/Deutsche_Sprache"
"den Subtropen Paraguays","den subtrop paraguays","COLLOCATION",0,650,3,"https://de.wikipedia.org/wiki/Deutsche_Sprache"
"Gruppen","gruppen","COMPOUND_NOUN",0,800,1,"https://de.wikipedia.org/wiki/Deutsche_Sprache"
"besonders nördlich","besonders nördlich","COLLOCATION",0,998,2,"https://de.wikipedia.org/wiki/Deutsche_Sprache"
"Europäische Weltraumorganisation","europäisch weltraumorganisation","COLLOCATION",0,600,2,"https://de.wikipedia.org/wiki/Deutsche_Sprache"
"zu halten","zu halten","COLLOCATION",0,786,2,"https://de.wikipedia.org/wiki/Deutsche_Sprache"
"von Amerika","von amerika","COLLOCATION",0,725,2,"https://de.wikipedia.org/wiki/Deutsche_Sprache"
"Rechtschreibreformen","rechtschreibreformen","COMPOUND_NOUN",0,800,1,"https://de.wikipedia.org/wiki/Deutsche_Sprache"
"Wilhelm Grimm","wilhelm grimm","COLLOCATION",1,000,2,"https://de.wikipedia.org/wiki/Deutsche_Sprache"
"Nach begann","nach begann","PHRASAL_VERB",0,750,2,"https://de.wikipedia.org/wiki/Deutsche_Sprache"
"aus heutige","aus heutige","PHRASAL_VERB",0,750,2,"https://de.wikipedia.org/wiki/Deutsche_Sprache"
"Census Bureau","census bureau","COLLOCATION",1,000,2,"https://de.wikipedia.org/wiki/Deutsche_Sprache"
"Dachsprache Deutsch","dachsprache deutsch","NAMED_ENTITY",0,850,2,"https://de.wikipedia.org/wiki/Deutsche_Sprache"
"dem Gebiet","dem gebiet","COLLOCATION",0,615,2,"https://de.wikipedia.org/wiki/Deutsche_Sprache"
"Landesselbstverwaltung","landesselbstverwaltung","COMPOUND_NOUN",0,800,1,"https://de.wikipedia.org/wiki/Deutsche_Sprache"
"hochdeutschen Dialekte","hochdeutschen dialekte","COLLOCATION",0,640,2,"https://de.wikipedia.org/wiki/Deutsche_Sprache"
"zu diese","zu diese","PHRASAL_VERB",0,750,2,"https://de.wikipedia.org/wiki/Deutsche_Sprache"
"Alle öffentlichen","alle öffentlichen","COLLOCATION",0,940,2,"https://de.wikipedia.org/wiki/Deutsche_Sprache"
"leben vor","leben vor","PHRASAL_VERB",0,700,2,"https://de.wikipedia.org/wiki/Deutsche_Sprache"
"entfielen auf","entfielen auf","PHRASAL_VERB",0,700,2,"https://de.wikipedia.org/wiki/Deutsche_Sprache"
"Sprache ermordet","sprach ermordet","COLLOCATION",0,600,2,"https://de.wikipedia.org/wiki/Deutsche_Sprache"
"Gymnasialrektor","gymnasialrektor","COMPOUND_NOUN",0,800,1,"https://de.wikipedia.org/wiki/Deutsche_Sprache"
"Zu diesen","zu diesen","PHRASAL_VERB",0,750,2,"https://de.wikipedia.org/wiki/Deutsche_Sprache"
"Begriff für","begriff für","COLLOCATION",0,533,2,"https://de.wikipedia.org/wiki/Deutsche_Sprache"
"als Dialekt","als dialekt","COLLOCATION",0,509,2,"https://de.wikipedia.org/wiki/Deutsche_Sprache"
"der Funktionen einer","der funktion einer","COLLOCATION",0,650,3,"https://de.wikipedia.org/wiki/Deutsche_Sprache"
"zu dieser","zu dieser","PHRASAL_VERB",0,750,2,"https://de.wikipedia.org/wiki/Deutsche_Sprache"
"Juras sowie","juras sowie","COLLOCATION",0,940,2,"https://de.wikipedia.org/wiki/Deutsche_Sprache"
"Prager Zeitung","prager zeitung","NAMED_ENTITY",0,850,2,"https://de.wikipedia.org/wiki/Deutsche_Sprache"
"kB )","kb )","COLLOCATION",0,546,2,"https://de.wikipedia.org/wiki/Deutsche_Sprache"
"Do Estado","do estado","COLLOCATION",1,000,2,"https://de.wikipedia.org/wiki/Deutsche_Sprache"
"Basketball","basketball","COMPOUND_NOUN",0,800,1,"https://de.wikipedia.org/wiki/Deutsche_Sprache"
"noch erhaltene","noch erhaltene","COLLOCATION",0,935,2,"https://de.wikipedia.org/wiki/Deutsche_Sprache"
"jüngeren Generationen","jüngeren generationen","COLLOCATION",1,000,2,"https://de.wikipedia.org/wiki/Deutsche_Sprache"
"U.S. Census","u.s. census","COLLOCATION",1,000,2,"https://de.wikipedia.org/wiki/Deutsche_Sprache"
"wie andere","wi andere","COLLOCATION",0,798,2,"https://de.wikipedia.org/wiki/Deutsche_Sprache"
"entwickelte sich","entwickelte sich","COLLOCATION",0,833,2,"https://de.wikipedia.org/wiki/Deutsche_Sprache"
"Ostfälisch Westfälisch","ostfälisch westfälisch","COLLOCATION",1,000,2,"https://de.wikipedia.org/wiki/Deutsche_Sprache"
"10 Millionen","10 millionen","COLLOCATION",0,683,2,"https://de.wikipedia.org/wiki/Deutsche_Sprache"
"Einflüsse","einflüsse","COMPOUND_NOUN",0,800,1,"https://de.wikipedia.org/wiki/Deutsche_Sprache"
"Diese konzentrieren","dies konzentrieren","COLLOCATION",0,600,2,"https://de.wikipedia.org/wiki/Deutsche_Sprache"
"Dudelange","dudelange","COMPOUND_NOUN",0,800,1,"https://de.wikipedia.org/wiki/Deutsche_Sprache"
"den vorarlbergischen","den vorarlbergischen","COLLOCATION",0,600,2,"https://de.wikipedia.org/wiki/Deutsche_Sprache"
"Jahr 2024","jahr 2024","COLLOCATION",0,600,2,"https://de.wikipedia.org/wiki/Deutsche_Sprache"
"Nordosten der","nordost der","COLLOCATION",0,600,2,"https://de.wikipedia.org/wiki/Deutsche_Sprache"
"den meistgesprochenen","den meistgesprochenen","COLLOCATION",0,600,2,"https://de.wikipedia.org/wiki/Deutsche_Sprache"
"unter Gerichtsverfassungsgesetzes","unter gerichtsverfassungsgesetzes","PHRASAL_VERB",0,750,2,"https://de.wikipedia.org/wiki/Deutsche_Sprache"
"2007 im","2007 im","COLLOCATION",0,529,2,"https://de.wikipedia.org/wiki/Deutsche_Sprache"
"um wollen","um wollen","PHRASAL_VERB",0,750,2,"https://de.wikipedia.org/wiki/Deutsche_Sprache"
"wo nach","wo nach","PHRASAL_VERB",0,700,2,"https://de.wikipedia.org/wiki/Deutsche_Sprache"
"theodisca lingua","theodisca lingua","COLLOCATION",1,000,2,"https://de.wikipedia.org/wiki/Deutsche_Sprache"
"Mai 2021","mai 2021","COLLOCATION",0,928,2,"https://de.wikipedia.org/wiki/Deutsche_Sprache"
"der Küste","der küste","COLLOCATION",0,531,2,"https://de.wikipedia.org/wiki/Deutsche_Sprache"
"cultures d'","cultures d'","COLLOCATION",1,000,2,"https://de.wikipedia.org/wiki/Deutsche_Sprache"
"Untergang","untergang","COMPOUND_NOUN",0,800,1,"https://de.wikipedia.org/wiki/Deutsche_Sprache"
"Hermann Niebaum","hermann niebaum","COLLOCATION",1,000,2,"https://de.wikipedia.org/wiki/Deutsche_Sprache"
"Vereinten Nationen","vereinten nationen","COLLOCATION",1,000,2,"https://de.wikipedia.org/wiki/Deutsche_Sprache"
"und mit","und mit","PHRASAL_VERB",0,700,2,"https://de.wikipedia.org/wiki/Deutsche_Sprache"
"und bietet","und bietet","COLLOCATION",0,558,2,"https://de.wikipedia.org/wiki/Deutsche_Sprache"
"Existenz","existenz","COMPOUND_NOUN",0,800,1,"https://de.wikipedia.org/wiki/Deutsche_Sprache"
"zu bleiben","zu bleiben","PHRASAL_VERB",0,750,2,"https://de.wikipedia.org/wiki/Deutsche_Sprache"
"Eidgenossenschaft","eidgenossenschaft","COMPOUND_NOUN",0,800,1,"https://de.wikipedia.org/wiki/Deutsche_Sprache"
"c d","c d","COLLOCATION",1,000,2,"https://de.wikipedia.org/wiki/Deutsche_Sprache"
"Kanzleisprache","kanzleisprache","COMPOUND_NOUN",0,800,1,"https://de.wikipedia.org/wiki/Deutsche_Sprache"
"Dachsprache","dachsprache","COMPOUND_NOUN",0,800,1,"https://de.wikipedia.org/wiki/Deutsche_Sprache"
"ein überregionales","ein überregionales","PHRASAL_VERB",0,750,2,"https://de.wikipedia.org/wiki/Deutsche_Sprache"
"wird allgemein","wird allgemein","COLLOCATION",0,755,2,"https://de.wikipedia.org/wiki/Deutsche_Sprache"
"Zweiten Weltkrieges","zweiten weltkrieges","COLLOCATION",1,000,2,"https://de.wikipedia.org/wiki/Deutsche_Sprache"
"deutsche zu","deutsch zu","COLLOCATION",0,600,2,"https://de.wikipedia.org/wiki/Deutsche_Sprache"
"sind in","sind in","PHRASAL_VERB",0,700,2,"https://de.wikipedia.org/wiki/Deutsche_Sprache"
"pour la","pour la","COLLOCATION",1,000,2,"https://de.wikipedia.org/wiki/Deutsche_Sprache"
"Mai 2019","mai 2019","COLLOCATION",0,770,2,"https://de.wikipedia.org/wiki/Deutsche_Sprache"
"Spätmittelalter bis","spätmittelalter bis","COLLOCATION",0,876,2,"https://de.wikipedia.org/wiki/Deutsche_Sprache"
"weisen sowohl","weis sowohl","COLLOCATION",0,600,2,"https://de.wikipedia.org/wiki/Deutsche_Sprache"
"Einführung","einführung","COMPOUND_NOUN",0,800,1,"https://de.wikipedia.org/wiki/Deutsche_Sprache"
"2,5 Millionen","2,5 millionen","COLLOCATION",0,863,2,"https://de.wikipedia.org/wiki/Deutsche_Sprache"
"August 2019","august 2019","COLLOCATION",0,749,2,"https://de.wikipedia.org/wiki/Deutsche_Sprache"
""" Ansbachisch",""" ansbachisch","COLLOCATION",0,629,2,"https://de.wikipedia.org/wiki/Deutsche_Sprache"
"zugänglich war","zugänglich war","COLLOCATION",0,600,2,"https://de.wikipedia.org/wiki/Deutsche_Sprache"
"Sprache der","sprach der","COLLOCATION",0,600,2,"https://de.wikipedia.org/wiki/Deutsche_Sprache"
"jedoch insbesondere","jedoch insbesondere","COLLOCATION",0,600,2,"https://de.wikipedia.org/wiki/Deutsche_Sprache"
"Gefolge","gefolge","COMPOUND_NOUN",0,800,1,"https://de.wikipedia.org/wiki/Deutsche_Sprache"
"die zweite deutsche","die zweit deutsche","COLLOCATION",0,650,3,"https://de.wikipedia.org/wiki/Deutsche_Sprache"
"Neu -","neu -","COLLOCATION",0,638,2,"https://de.wikipedia.org/wiki/Deutsche_Sprache"
"Schriftzeugnisse","schriftzeugnisse","COMPOUND_NOUN",0,800,1,"https://de.wikipedia.org/wiki/Deutsche_Sprache"
"August 2022","august 2022","COLLOCATION",0,823,2,"https://de.wikipedia.org/wiki/Deutsche_Sprache"
"Patrimônio Histórico","patrimônio histórico","COLLOCATION",1,000,2,"https://de.wikipedia.org/wiki/Deutsche_Sprache"
"Wochenzeitungen","wochenzeitungen","COMPOUND_NOUN",0,800,1,"https://de.wikipedia.org/wiki/Deutsche_Sprache"
"ein Deckung","ein deckung","PHRASAL_VERB",0,750,2,"https://de.wikipedia.org/wiki/Deutsche_Sprache"
"rund 3","rund 3","COLLOCATION",0,563,2,"https://de.wikipedia.org/wiki/Deutsche_Sprache"
"rund 4","rund 4","COLLOCATION",0,595,2,"https://de.wikipedia.org/wiki/Deutsche_Sprache"
"deutscher Sprache","deutscher sprache","COLLOCATION",0,509,2,"https://de.wikipedia.org/wiki/Deutsche_Sprache"
"Südtiroler","südtiroler","COMPOUND_NOUN",0,800,1,"https://de.wikipedia.org/wiki/Deutsche_Sprache"
"August 2009","august 2009","COLLOCATION",0,790,2,"https://de.wikipedia.org/wiki/Deutsche_Sprache"
"so dass","so dass","COLLOCATION",0,773,2,"https://de.wikipedia.org/wiki/Deutsche_Sprache"
"Rumänische Regierung","rumänische regierung","NAMED_ENTITY",0,850,2,"https://de.wikipedia.org/wiki/Deutsche_Sprache"
"Community","community","COMPOUND_NOUN",0,800,1,"https://de.wikipedia.org/wiki/Deutsche_Sprache"
"war allerdings","war allerdings","COLLOCATION",0,698,2,"https://de.wikipedia.org/wiki/Deutsche_Sprache"
"- Holstein","- holstein","COLLOCATION",0,712,2,"https://de.wikipedia.org/wiki/Deutsche_Sprache"
"dtv- Atlas","dtv- atlas","COLLOCATION",1,000,2,"https://de.wikipedia.org/wiki/Deutsche_Sprache"
"zu überregionales","zu überregionales","PHRASAL_VERB",0,750,2,"https://de.wikipedia.org/wiki/Deutsche_Sprache"
"Sprache sind","sprach sind","COLLOCATION",0,600,2,"https://de.wikipedia.org/wiki/Deutsche_Sprache"
"zu überregionalen","zu überregionalen","PHRASAL_VERB",0,750,2,"https://de.wikipedia.org/wiki/Deutsche_Sprache"
"Association –","association –","COLLOCATION",0,712,2,"https://de.wikipedia.org/wiki/Deutsche_Sprache"
"rund 7","rund 7","COLLOCATION",0,604,2,"https://de.wikipedia.org/wiki/Deutsche_Sprache"
"aus Standardabweichung","aus standardabweichung","PHRASAL_VERB",0,750,2,"https://de.wikipedia.org/wiki/Deutsche_Sprache"
"Gjermanisht","gjermanisht","COMPOUND_NOUN",0,800,1,"https://de.wikipedia.org/wiki/Deutsche_Sprache"
"Deutsch beherrschen","deutsch beherrschen","COLLOCATION",0,519,2,"https://de.wikipedia.org/wiki/Deutsche_Sprache"
"das Niederländische","das niederländische","COLLOCATION",0,623,2,"https://de.wikipedia.org/wiki/Deutsche_Sprache"
"Bodensees und","bodensees und","COLLOCATION",0,558,2,"https://de.wikipedia.org/wiki/Deutsche_Sprache"
"-ISBN 978-3","-isbn 978-3","COLLOCATION",1,000,2,"https://de.wikipedia.org/wiki/Deutsche_Sprache"
"zu Lehnwörtern","zu lehnwörtern","PHRASAL_VERB",0,750,2,"https://de.wikipedia.org/wiki/Deutsche_Sprache"
"FIFA Fédération","fifa fédération","COLLOCATION",1,000,2,"https://de.wikipedia.org/wiki/Deutsche_Sprache"
"im Süden","im süd","COLLOCATION",0,512,2,"https://de.wikipedia.org/wiki/Deutsche_Sprache"
"Untertitelung der","untertitelung der","COLLOCATION",0,600,2,"https://de.wikipedia.org/wiki/Deutsche_Sprache"
"Elsässer sehr","elsäss sehr","COLLOCATION",0,600,2,"https://de.wikipedia.org/wiki/Deutsche_Sprache"
"überwiegend auf","überwiegend auf","PHRASAL_VERB",0,700,2,"https://de.wikipedia.org/wiki/Deutsche_Sprache"
"Klaus -","klaus -","COLLOCATION",0,670,2,"https://de.wikipedia.org/wiki/Deutsche_Sprache"
"6 Prozent","6 prozent","COLLOCATION",0,726,2,"https://de.wikipedia.org/wiki/Deutsche_Sprache"
"besonders im","besonders im","COLLOCATION",0,503,2,"https://de.wikipedia.org/wiki/Deutsche_Sprache"
"Website","website","COMPOUND_NOUN",0,800,1,"https://de.wikipedia.org/wiki/Deutsche_Sprache"
"( Sprachcodes","( sprachcodes","COLLOCATION",0,559,2,"https://de.wikipedia.org/wiki/Deutsche_Sprache"
"Hilfssprache","hilfssprache","COMPOUND_NOUN",0,800,1,"https://de.wikipedia.org/wiki/Deutsche_Sprache"
"Deutschlerner","deutschlerner","COMPOUND_NOUN",0,800,1,"https://de.wikipedia.org/wiki/Deutsche_Sprache"
"Mehrheit der","mehrheit der","COLLOCATION",0,531,2,"https://de.wikipedia.org/wiki/Deutsche_Sprache"
"Polen seit","polen seit","COLLOCATION",0,766,2,"https://de.wikipedia.org/wiki/Deutsche_Sprache"
"Forderung auf","forderung auf","COLLOCATION",0,600,2,"https://de.wikipedia.org/wiki/Deutsche_Sprache"
"anerkannten im","anerkannten im","COLLOCATION",0,671,2,"https://de.wikipedia.org/wiki/Deutsche_Sprache"
"der Steiermark","der steiermark","COLLOCATION",0,531,2,"https://de.wikipedia.org/wiki/Deutsche_Sprache"
"beide gemäss","beide gemäss","COLLOCATION",0,947,2,"https://de.wikipedia.org/wiki/Deutsche_Sprache"
"des Sprachgebiets","des sprachgebiets","COLLOCATION",0,695,2,"https://de.wikipedia.org/wiki/Deutsche_Sprache"
"Einzelnen folgende","einzelnen folgende","COLLOCATION",1,000,2,"https://de.wikipedia.org/wiki/Deutsche_Sprache"
"Sprachraum","sprachraum","COMPOUND_NOUN",0,800,1,"https://de.wikipedia.org/wiki/Deutsche_Sprache"
"; so","; so","COLLOCATION",0,535,2,"https://de.wikipedia.org/wiki/Deutsche_Sprache"
"FIBA Fédération","fiba fédération","COLLOCATION",1,000,2,"https://de.wikipedia.org/wiki/Deutsche_Sprache"
"- Rheinfränkisch","- rheinfränkisch","COLLOCATION",0,553,2,"https://de.wikipedia.org/wiki/Deutsche_Sprache"
"den südjütischen","den südjütischen","COLLOCATION",0,600,2,"https://de.wikipedia.org/wiki/Deutsche_Sprache"
"Ländern eine","ländern eine","COLLOCATION",0,600,2,"https://de.wikipedia.org/wiki/Deutsche_Sprache"
""" Fränkisch",""" fränkisch","COLLOCATION",0,629,2,"https://de.wikipedia.org/wiki/Deutsche_Sprache"
"Im Allgemeinen","im allgemeinen","COLLOCATION",0,612,2,"https://de.wikipedia.org/wiki/Deutsche_Sprache"
"bis 16","bis 16","COLLOCATION",0,593,2,"https://de.wikipedia.org/wiki/Deutsche_Sprache"
"deutsche Urkundensprache","deutsche urkundensprache","COLLOCATION",0,745,2,"https://de.wikipedia.org/wiki/Deutsche_Sprache"
"Südtirols","südtirols","COMPOUND_NOUN",0,800,1,"https://de.wikipedia.org/wiki/Deutsche_Sprache"
"rund 0,6","rund 0,6","COLLOCATION",0,895,2,"https://de.wikipedia.org/wiki/Deutsche_Sprache"
"Eine Einführung","eine einführung","NAMED_ENTITY",0,850,2,"https://de.wikipedia.org/wiki/Deutsche_Sprache"
"Gegensatz","gegensatz","COMPOUND_NOUN",0,800,1,"https://de.wikipedia.org/wiki/Deutsche_Sprache"
"insofern ist","insofern ist","COLLOCATION",0,600,2,"https://de.wikipedia.org/wiki/Deutsche_Sprache"
"Lateinisch als","lateinisch als","COLLOCATION",0,600,2,"https://de.wikipedia.org/wiki/Deutsche_Sprache"
"nach Schätzungen","nach schätzungen","COLLOCATION",0,735,2,"https://de.wikipedia.org/wiki/Deutsche_Sprache"
"Ländern","ländern","COMPOUND_NOUN",0,800,1,"https://de.wikipedia.org/wiki/Deutsche_Sprache"
"Einflüssen","einflüssen","COMPOUND_NOUN",0,800,1,"https://de.wikipedia.org/wiki/Deutsche_Sprache"
"mit kulturellen","mit kulturellen","PHRASAL_VERB",0,750,2,"https://de.wikipedia.org/wiki/Deutsche_Sprache"
"Schriftstücke","schriftstücke","COMPOUND_NOUN",0,800,1,"https://de.wikipedia.org/wiki/Deutsche_Sprache"
"Slowakei","slowakei","COMPOUND_NOUN",0,800,1,"https://de.wikipedia.org/wiki/Deutsche_Sprache"
"Volksmusik","volksmusik","COMPOUND_NOUN",0,800,1,"https://de.wikipedia.org/wiki/Deutsche_Sprache"
"und Wilhelm","und wilhelm","COLLOCATION",0,558,2,"https://de.wikipedia.org/wiki/Deutsche_Sprache"
"Ländern aus","ländern aus","COLLOCATION",0,600,2,"https://de.wikipedia.org/wiki/Deutsche_Sprache"
"In Norddeutschland","in norddeutschland","COLLOCATION",0,540,2,"https://de.wikipedia.org/wiki/Deutsche_Sprache"
"sprachen 2012","sprach 2012","COLLOCATION",0,600,2,"https://de.wikipedia.org/wiki/Deutsche_Sprache"
"mit denen","mit denen","PHRASAL_VERB",0,750,2,"https://de.wikipedia.org/wiki/Deutsche_Sprache"
"innerhalb des","innerhalb des","COLLOCATION",0,600,2,"https://de.wikipedia.org/wiki/Deutsche_Sprache"
"Cultures","cultures","COMPOUND_NOUN",0,800,1,"https://de.wikipedia.org/wiki/Deutsche_Sprache"
"und Rätoromanisch","und rätoromanisch","COLLOCATION",0,558,2,"https://de.wikipedia.org/wiki/Deutsche_Sprache"
"nach hatten","nach hatten","PHRASAL_VERB",0,750,2,"https://de.wikipedia.org/wiki/Deutsche_Sprache"
"die lokal verbreiteten","die lokal verbreiteten","COLLOCATION",0,650,3,"https://de.wikipedia.org/wiki/Deutsche_Sprache"
"L' Alsace","l' alsace","COLLOCATION",1,000,2,"https://de.wikipedia.org/wiki/Deutsche_Sprache"
"Das Luxemburgische","das luxemburgische","COLLOCATION",0,681,2,"https://de.wikipedia.org/wiki/Deutsche_Sprache"
"Ostmitteldeutsch Südmärkisch","ostmitteldeutsch südmärkisch","COLLOCATION",1,000,2,"https://de.wikipedia.org/wiki/Deutsche_Sprache"
"Später wurde","später wurde","COLLOCATION",0,747,2,"https://de.wikipedia.org/wiki/Deutsche_Sprache"
"Südtiroler Unterlands","südtiroler unterlands","NAMED_ENTITY",0,850,2,"https://de.wikipedia.org/wiki/Deutsche_Sprache"
"lateinischen Alphabets","lateinischen alphabets","COLLOCATION",1,000,2,"https://de.wikipedia.org/wiki/Deutsche_Sprache"
"14 Prozent","14 prozent","COLLOCATION",0,726,2,"https://de.wikipedia.org/wiki/Deutsche_Sprache"
"Siedler","siedler","COMPOUND_NOUN",0,800,1,"https://de.wikipedia.org/wiki/Deutsche_Sprache"
"Internet Archive","internet archiv","COLLOCATION",0,935,2,"https://de.wikipedia.org/wiki/Deutsche_Sprache"
"Sammelbezeichnung für","sammelbezeichnung für","COLLOCATION",0,600,2,"https://de.wikipedia.org/wiki/Deutsche_Sprache"
"Germanski )","germanski )","COLLOCATION",0,501,2,"https://de.wikipedia.org/wiki/Deutsche_Sprache"
"de la","de la","COLLOCATION",0,686,2,"https://de.wikipedia.org/wiki/Deutsche_Sprache"
"mit reiches","mit reiches","PHRASAL_VERB",0,750,2,"https://de.wikipedia.org/wiki/Deutsche_Sprache"
"aber nach","aber nach","PHRASAL_VERB",0,700,2,"https://de.wikipedia.org/wiki/Deutsche_Sprache"
"aus Truppen","aus truppen","PHRASAL_VERB",0,750,2,"https://de.wikipedia.org/wiki/Deutsche_Sprache"
"Dialekträume","dialekträume","COMPOUND_NOUN",0,800,1,"https://de.wikipedia.org/wiki/Deutsche_Sprache"
"mit umfassendsten","mit umfassendsten","PHRASAL_VERB",0,750,2,"https://de.wikipedia.org/wiki/Deutsche_Sprache"
"nach meisten","nach meisten","PHRASAL_VERB",0,750,2,"https://de.wikipedia.org/wiki/Deutsche_Sprache"
"wenn sie","wenn sie","COLLOCATION",0,891,2,"https://de.wikipedia.org/wiki/Deutsche_Sprache"
"Mecklenburg -Vorpommern","mecklenburg -vorpommern","COLLOCATION",1,000,2,"https://de.wikipedia.org/wiki/Deutsche_Sprache"
"Mainzer Landfriede","mainzer landfriede","NAMED_ENTITY",0,850,2,"https://de.wikipedia.org/wiki/Deutsche_Sprache"
"Menschen gesprochen","menschen gesprochen","COLLOCATION",0,741,2,"https://de.wikipedia.org/wiki/Deutsche_Sprache"
"nach Gerichtsverfassungsgesetzes","nach gerichtsverfassungsgesetzes","PHRASAL_VERB",0,750,2,"https://de.wikipedia.org/wiki/Deutsche_Sprache"
"Muttersprache an","muttersprache an","COLLOCATION",0,653,2,"https://de.wikipedia.org/wiki/Deutsche_Sprache"
"Grundstock","grundstock","COMPOUND_NOUN",0,800,1,"https://de.wikipedia.org/wiki/Deutsche_Sprache"
"des Bodensees","des bodensees","COLLOCATION",0,695,2,"https://de.wikipedia.org/wiki/Deutsche_Sprache"
"Einwohnern Paraguays","einwohnern paraguays","NAMED_ENTITY",0,850,2,"https://de.wikipedia.org/wiki/Deutsche_Sprache"
"Landesecho","landesecho","COMPOUND_NOUN",0,800,1,"https://de.wikipedia.org/wiki/Deutsche_Sprache"
"- Dieter","- dieter","COLLOCATION",0,712,2,"https://de.wikipedia.org/wiki/Deutsche_Sprache"
"gemeint war","gemeint war","COLLOCATION",0,600,2,"https://de.wikipedia.org/wiki/Deutsche_Sprache"
"( siehe","( sieh","COLLOCATION",0,500,2,"https://de.wikipedia.org/wiki/Deutsche_Sprache"
"auf den","auf den","PHRASAL_VERB",0,750,2,"https://de.wikipedia.org/wiki/Deutsche_Sprache"
"oberrheinischen und","oberrheinisch und","COLLOCATION",0,600,2,"https://de.wikipedia.org/wiki/Deutsche_Sprache"
"her Zeit","her zeit","PHRASAL_VERB",0,750,2,"https://de.wikipedia.org/wiki/Deutsche_Sprache"
"Política Linguística","política linguística","COLLOCATION",1,000,2,"https://de.wikipedia.org/wiki/Deutsche_Sprache"
"Reformation","reformation","COMPOUND_NOUN",0,800,1,"https://de.wikipedia.org/wiki/Deutsche_Sprache"
"und jeder","und jeder","COLLOCATION",0,600,2,"https://de.wikipedia.org/wiki/Deutsche_Sprache"
"zulässig wäre","zulässig wäre","COLLOCATION",0,600,2,"https://de.wikipedia.org/wiki/Deutsche_Sprache"
"Gesamtbevölkerung","gesamtbevölkerung","COMPOUND_NOUN",0,800,1,"https://de.wikipedia.org/wiki/Deutsche_Sprache"
"spricht Englisch","spricht englisch","COLLOCATION",0,674,2,"https://de.wikipedia.org/wiki/Deutsche_Sprache"
"ausser in","ausser in","COLLOCATION",0,540,2,"https://de.wikipedia.org/wiki/Deutsche_Sprache"
"die deutsche Standardsprache","die deutsch standardsprache","COLLOCATION",0,650,3,"https://de.wikipedia.org/wiki/Deutsche_Sprache"
"umfasst es","umfasst es","COLLOCATION",0,600,2,"https://de.wikipedia.org/wiki/Deutsche_Sprache"
"und der","und der","COLLOCATION",0,600,2,"https://de.wikipedia.org/wiki/Deutsche_Sprache"
"e Desenvolvimento","e desenvolvimento","COLLOCATION",1,000,2,"https://de.wikipedia.org/wiki/Deutsche_Sprache"
"Zulassung","zulassung","COMPOUND_NOUN",0,800,1,"https://de.wikipedia.org/wiki/Deutsche_Sprache"
"unter rund","unter rund","PHRASAL_VERB",0,750,2,"https://de.wikipedia.org/wiki/Deutsche_Sprache"
"Wissenschaftssprache","wissenschaftssprache","COMPOUND_NOUN",0,800,1,"https://de.wikipedia.org/wiki/Deutsche_Sprache"
"und dem","und dem","COLLOCATION",0,600,2,"https://de.wikipedia.org/wiki/Deutsche_Sprache"
"Text auf","text auf","COLLOCATION",0,600,2,"https://de.wikipedia.org/wiki/Deutsche_Sprache"
"ein reiches","ein reiches","COLLOCATION",0,836,2,"https://de.wikipedia.org/wiki/Deutsche_Sprache"
"Minderheit","minderheit","COMPOUND_NOUN",0,800,1,"https://de.wikipedia.org/wiki/Deutsche_Sprache"
"Bildern und","bildern und","COLLOCATION",0,600,2,"https://de.wikipedia.org/wiki/Deutsche_Sprache"
"Elsässer","elsässer","COMPOUND_NOUN",0,800,1,"https://de.wikipedia.org/wiki/Deutsche_Sprache"
"deutsche Gemeinde","deutsch gemeinde","COLLOCATION",0,600,2,"https://de.wikipedia.org/wiki/Deutsche_Sprache"
"auf der","auf der","PHRASAL_VERB",0,750,2,"https://de.wikipedia.org/wiki/Deutsche_Sprache"
"auf des","auf des","PHRASAL_VERB",0,750,2,"https://de.wikipedia.org/wiki/Deutsche_Sprache"
"Des Weiteren","des weiteren","COLLOCATION",0,573,2,"https://de.wikipedia.org/wiki/Deutsche_Sprache"
"Umschreibung","umschreibung","COMPOUND_NOUN",0,800,1,"https://de.wikipedia.org/wiki/Deutsche_Sprache"
"Drittel","drittel","COMPOUND_NOUN",0,800,1,"https://de.wikipedia.org/wiki/Deutsche_Sprache"
"Tageszeitung","tageszeitung","COMPOUND_NOUN",0,800,1,"https://de.wikipedia.org/wiki/Deutsche_Sprache"
"dem germanischen","dem germanischen","COLLOCATION",0,600,2,"https://de.wikipedia.org/wiki/Deutsche_Sprache"
"Bibelübersetzung","bibelübersetzung","COMPOUND_NOUN",0,800,1,"https://de.wikipedia.org/wiki/Deutsche_Sprache"
"verboten war","verbot war","COLLOCATION",0,600,2,"https://de.wikipedia.org/wiki/Deutsche_Sprache"
"des Nationalsozialismus dar","des nationalsozialismus dar","COLLOCATION",0,650,3,"https://de.wikipedia.org/wiki/Deutsche_Sprache"
"deutsche Infrastruktur","deutsche infrastruktur","COLLOCATION",0,745,2,"https://de.wikipedia.org/wiki/Deutsche_Sprache"
"Hochdeutsche","hochdeutsche","COMPOUND_NOUN",0,800,1,"https://de.wikipedia.org/wiki/Deutsche_Sprache"
"als Umgangssprache","als umgangssprache","COLLOCATION",0,550,2,"https://de.wikipedia.org/wiki/Deutsche_Sprache"
"Ost -","ost -","COLLOCATION",0,712,2,"https://de.wikipedia.org/wiki/Deutsche_Sprache"
"Schweizerische","schweizerische","COMPOUND_NOUN",0,800,1,"https://de.wikipedia.org/wiki/Deutsche_Sprache"
"– Declara","– declara","COLLOCATION",0,771,2,"https://de.wikipedia.org/wiki/Deutsche_Sprache"
"und Luther","und luther","COLLOCATION",0,600,2,"https://de.wikipedia.org/wiki/Deutsche_Sprache"
"Staatsministerium","staatsministerium","COMPOUND_NOUN",0,800,1,"https://de.wikipedia.org/wiki/Deutsche_Sprache"
"7 Millionen","7 millionen","COLLOCATION",0,573,2,"https://de.wikipedia.org/wiki/Deutsche_Sprache"
"die lateinische als","die lateinisch als","COLLOCATION",0,650,3,"https://de.wikipedia.org/wiki/Deutsche_Sprache"
"§ 82","§ 82","COLLOCATION",1,000,2,"https://de.wikipedia.org/wiki/Deutsche_Sprache"
"Sprachinseln","sprachinseln","COMPOUND_NOUN",0,800,1,"https://de.wikipedia.org/wiki/Deutsche_Sprache"
"Logos Verlag","logos verlag","COLLOCATION",1,000,2,"https://de.wikipedia.org/wiki/Deutsche_Sprache"
"deutschsprachig war","deutschsprachig war","COLLOCATION",0,600,2,"https://de.wikipedia.org/wiki/Deutsche_Sprache"
"Unternehmen","unternehmen","COMPOUND_NOUN",0,800,1,"https://de.wikipedia.org/wiki/Deutsche_Sprache"
"um mit","um mit","PHRASAL_VERB",0,750,2,"https://de.wikipedia.org/wiki/Deutsche_Sprache"
"mit starken","mit starken","PHRASAL_VERB",0,750,2,"https://de.wikipedia.org/wiki/Deutsche_Sprache"
"Ab des","ab des","PHRASAL_VERB",0,750,2,"https://de.wikipedia.org/wiki/Deutsche_Sprache"
"639- 2","639- 2","COLLOCATION",0,991,2,"https://de.wikipedia.org/wiki/Deutsche_Sprache"
"Die sächsische","die sächsische","COLLOCATION",0,561,2,"https://de.wikipedia.org/wiki/Deutsche_Sprache"
"Webarchiv archive.today","webarchiv archive.today","COLLOCATION",1,000,2,"https://de.wikipedia.org/wiki/Deutsche_Sprache"
"ihrer Druckversion","ihr druckversion","COLLOCATION",1,000,2,"https://de.wikipedia.org/wiki/Deutsche_Sprache"
"Dieter Lehmann","dieter lehmann","COLLOCATION",1,000,2,"https://de.wikipedia.org/wiki/Deutsche_Sprache"
"diese südlichen","dies südlichen","COLLOCATION",0,600,2,"https://de.wikipedia.org/wiki/Deutsche_Sprache"
"aus entlehnt","aus entlehnt","PHRASAL_VERB",0,750,2,"https://de.wikipedia.org/wiki/Deutsche_Sprache"
"auf Lateinisch","auf lateinisch","COLLOCATION",0,635,2,"https://de.wikipedia.org/wiki/Deutsche_Sprache"
"Inschriften","inschriften","COMPOUND_NOUN",0,800,1,"https://de.wikipedia.org/wiki/Deutsche_Sprache"
"Umgangssprache ist","umgangssprache ist","COLLOCATION",0,645,2,"https://de.wikipedia.org/wiki/Deutsche_Sprache"
"meistgesprochene Muttersprache","meistgesprochene muttersprache","COLLOCATION",1,000,2,"https://de.wikipedia.org/wiki/Deutsche_Sprache"
"Bobsleigh et","bobsleigh et","COLLOCATION",1,000,2,"https://de.wikipedia.org/wiki/Deutsche_Sprache"
"den jüngeren","den jüngeren","COLLOCATION",0,600,2,"https://de.wikipedia.org/wiki/Deutsche_Sprache"
"seit 1927","seit 1927","COLLOCATION",0,908,2,"https://de.wikipedia.org/wiki/Deutsche_Sprache"
"Sinographems","sinographems","COMPOUND_NOUN",0,800,1,"https://de.wikipedia.org/wiki/Deutsche_Sprache"
"Herrscherethos","herrscherethos","COMPOUND_NOUN",0,800,1,"https://de.wikipedia.org/wiki/Deutsche_Sprache"
"Spätmittelalters","spätmittelalters","COMPOUND_NOUN",0,800,1,"https://de.wikipedia.org/wiki/Deutsche_Sprache"
"Deutsche Sprachgeschichte","deutsche sprachgeschichte","COLLOCATION",0,677,2,"https://de.wikipedia.org/wiki/Deutsche_Sprache"
"Gewichtung","gewichtung","COMPOUND_NOUN",0,800,1,"https://de.wikipedia.org/wiki/Deutsche_Sprache"
"ab gebären","ab gebären","PHRASAL_VERB",0,750,2,"https://de.wikipedia.org/wiki/Deutsche_Sprache"
"50.000 deutsche","50.000 deutsche","COLLOCATION",0,686,2,"https://de.wikipedia.org/wiki/Deutsche_Sprache"
"639-3 :","639-3 :","COLLOCATION",0,630,2,"https://de.wikipedia.org/wiki/Deutsche_Sprache"
"The World","the world","COLLOCATION",0,940,2,"https://de.wikipedia.org/wiki/Deutsche_Sprache"
"lateinische Sprache","lateinisch sprache","COLLOCATION",0,600,2,"https://de.wikipedia.org/wiki/Deutsche_Sprache"
"Sinographeme","sinographeme","COMPOUND_NOUN",0,800,1,"https://de.wikipedia.org/wiki/Deutsche_Sprache"
"worden sei","word sei","COLLOCATION",0,600,2,"https://de.wikipedia.org/wiki/Deutsche_Sprache"
"den drei","den drei","COLLOCATION",0,600,2,"https://de.wikipedia.org/wiki/Deutsche_Sprache"
"und in","und in","PHRASAL_VERB",0,700,2,"https://de.wikipedia.org/wiki/Deutsche_Sprache"
"Gegenwart","gegenwart","COMPOUND_NOUN",0,800,1,"https://de.wikipedia.org/wiki/Deutsche_Sprache"
"bei denen","bei denen","PHRASAL_VERB",0,750,2,"https://de.wikipedia.org/wiki/Deutsche_Sprache"
"[ …","[ …","COLLOCATION",1,000,2,"https://de.wikipedia.org/wiki/Deutsche_Sprache"
"wie ausstarb","wi ausstarb","COLLOCATION",0,600,2,"https://de.wikipedia.org/wiki/Deutsche_Sprache"
"Nach sah","nach sah","PHRASAL_VERB",0,750,2,"https://de.wikipedia.org/wiki/Deutsche_Sprache"
"Office pour","office pour","COLLOCATION",1,000,2,"https://de.wikipedia.org/wiki/Deutsche_Sprache"
"Voltaire","voltaire","COMPOUND_NOUN",0,800,1,"https://de.wikipedia.org/wiki/Deutsche_Sprache"
"auf Gerichtsverfassungsgesetzes","auf gerichtsverfassungsgesetzes","PHRASAL_VERB",0,750,2,"https://de.wikipedia.org/wiki/Deutsche_Sprache"
"die auf","die auf","PHRASAL_VERB",0,700,2,"https://de.wikipedia.org/wiki/Deutsche_Sprache"
"Zweiten Weltkrieg","zweiten weltkrieg","COLLOCATION",1,000,2,"https://de.wikipedia.org/wiki/Deutsche_Sprache"
"zu Laute","zu laute","PHRASAL_VERB",0,750,2,"https://de.wikipedia.org/wiki/Deutsche_Sprache"
"Rechnungsweise","rechnungsweise","COMPOUND_NOUN",0,800,1,"https://de.wikipedia.org/wiki/Deutsche_Sprache"
"der Entwicklung","der entwicklung","COLLOCATION",0,600,2,"https://de.wikipedia.org/wiki/Deutsche_Sprache"
"Pidginsprache","pidginsprache","COMPOUND_NOUN",0,800,1,"https://de.wikipedia.org/wiki/Deutsche_Sprache"
"und walisischen","und walisischen","COLLOCATION",0,600,2,"https://de.wikipedia.org/wiki/Deutsche_Sprache"
"Standardsprache werden","standardsprach werden","COLLOCATION",0,600,2,"https://de.wikipedia.org/wiki/Deutsche_Sprache"
"archiviert vom","archiviert vom","COLLOCATION",0,840,2,"https://de.wikipedia.org/wiki/Deutsche_Sprache"
"nicht durchsetzen","nicht durchsetzen","COLLOCATION",0,781,2,"https://de.wikipedia.org/wiki/Deutsche_Sprache"
"Sprachraum zu","sprachraum zu","COLLOCATION",0,600,2,"https://de.wikipedia.org/wiki/Deutsche_Sprache"
"Germanenstämme","germanenstämme","COMPOUND_NOUN",0,800,1,"https://de.wikipedia.org/wiki/Deutsche_Sprache"
"Goethe -Instituts","goethe -instituts","COLLOCATION",1,000,2,"https://de.wikipedia.org/wiki/Deutsche_Sprache"
"sun ""","sun ""","COLLOCATION",0,629,2,"https://de.wikipedia.org/wiki/Deutsche_Sprache"
"la langue","la langue","COLLOCATION",1,000,2,"https://de.wikipedia.org/wiki/Deutsche_Sprache"
"eine dominierende Rolle","eine dominierend rolle","COLLOCATION",0,650,3,"https://de.wikipedia.org/wiki/Deutsche_Sprache"
"( OLCA","( olca","COLLOCATION",0,559,2,"https://de.wikipedia.org/wiki/Deutsche_Sprache"
"Mit Bedeutung","mit bedeutung","PHRASAL_VERB",0,750,2,"https://de.wikipedia.org/wiki/Deutsche_Sprache"
"Verteilung","verteilung","COMPOUND_NOUN",0,800,1,"https://de.wikipedia.org/wiki/Deutsche_Sprache"
"geringen Teil","geringen teil","COLLOCATION",0,902,2,"https://de.wikipedia.org/wiki/Deutsche_Sprache"
"Landkreises","landkreises","COMPOUND_NOUN",0,800,1,"https://de.wikipedia.org/wiki/Deutsche_Sprache"
"Ämter sind","ämt sind","COLLOCATION",0,818,2,"https://de.wikipedia.org/wiki/Deutsche_Sprache"
"ihre Sprachen","ihr sprachen","COLLOCATION",0,623,2,"https://de.wikipedia.org/wiki/Deutsche_Sprache"
"von Zeitungen","von zeitungen","COLLOCATION",0,544,2,"https://de.wikipedia.org/wiki/Deutsche_Sprache"
"im Vergleich","im vergleich","COLLOCATION",0,671,2,"https://de.wikipedia.org/wiki/Deutsche_Sprache"
"Grund -","grund -","COLLOCATION",0,712,2,"https://de.wikipedia.org/wiki/Deutsche_Sprache"
"do Sul","do sul","COLLOCATION",1,000,2,"https://de.wikipedia.org/wiki/Deutsche_Sprache"
"et les","et les","COLLOCATION",0,998,2,"https://de.wikipedia.org/wiki/Deutsche_Sprache"
"III Romani","iii romani","COLLOCATION",1,000,2,"https://de.wikipedia.org/wiki/Deutsche_Sprache"
"Einflüssen eigenständig","einflüssen eigenständig","COLLOCATION",1,000,2,"https://de.wikipedia.org/wiki/Deutsche_Sprache"
"nicht oder","nicht oder","COLLOCATION",0,600,2,"https://de.wikipedia.org/wiki/Deutsche_Sprache"
"Deutschland kamen","deutschland kamen","COLLOCATION",0,798,2,"https://de.wikipedia.org/wiki/Deutsche_Sprache"
"auf nationaler","auf nationaler","COLLOCATION",0,777,2,"https://de.wikipedia.org/wiki/Deutsche_Sprache"
"em municípios","em municípios","COLLOCATION",1,000,2,"https://de.wikipedia.org/wiki/Deutsche_Sprache"
"wie ungarisch","wi ungarisch","COLLOCATION",0,600,2,"https://de.wikipedia.org/wiki/Deutsche_Sprache"
"Basteln","basteln","COMPOUND_NOUN",0,800,1,"https://de.wikipedia.org/wiki/Deutsche_Sprache"
"nicht vollzogen","nicht vollzogen","COLLOCATION",0,740,2,"https://de.wikipedia.org/wiki/Deutsche_Sprache"
"Fehlinterpretation","fehlinterpretation","COMPOUND_NOUN",0,800,1,"https://de.wikipedia.org/wiki/Deutsche_Sprache"
"Sprache Liste","sprach liste","COLLOCATION",0,600,2,"https://de.wikipedia.org/wiki/Deutsche_Sprache"
"Funktionen einer","funktion einer","COLLOCATION",0,888,2,"https://de.wikipedia.org/wiki/Deutsche_Sprache"
"wird heute","wird heute","COLLOCATION",0,600,2,"https://de.wikipedia.org/wiki/Deutsche_Sprache"
"de Course","de course","COLLOCATION",0,845,2,"https://de.wikipedia.org/wiki/Deutsche_Sprache"
"Ethnologue","ethnologue","COMPOUND_NOUN",0,800,1,"https://de.wikipedia.org/wiki/Deutsche_Sprache"
"Wahrhaft","wahrhaft","COMPOUND_NOUN",0,800,1,"https://de.wikipedia.org/wiki/Deutsche_Sprache"
"durch Unterdrückung","durch unterdrückung","COLLOCATION",0,914,2,"https://de.wikipedia.org/wiki/Deutsche_Sprache"
"Wortschatz der","wortschatz der","COLLOCATION",0,600,2,"https://de.wikipedia.org/wiki/Deutsche_Sprache"
"Verwaltungs","verwaltungs","COMPOUND_NOUN",0,800,1,"https://de.wikipedia.org/wiki/Deutsche_Sprache"
"Wiedervereinigung","wiedervereinigung","COMPOUND_NOUN",0,800,1,"https://de.wikipedia.org/wiki/Deutsche_Sprache"
"Rechtschreibung","rechtschreibung","COMPOUND_NOUN",0,800,1,"https://de.wikipedia.org/wiki/Deutsche_Sprache"
"auf sehr","auf sehr","PHRASAL_VERB",0,750,2,"https://de.wikipedia.org/wiki/Deutsche_Sprache"
"Gegensatz zu","gegensatz zu","PHRASAL_VERB",0,700,2,"https://de.wikipedia.org/wiki/Deutsche_Sprache"
"dessen östlichster","dess östlichster","COLLOCATION",0,600,2,"https://de.wikipedia.org/wiki/Deutsche_Sprache"
"Vokalsystems","vokalsystems","COMPOUND_NOUN",0,800,1,"https://de.wikipedia.org/wiki/Deutsche_Sprache"
"Schulsprache","schulsprache","COMPOUND_NOUN",0,800,1,"https://de.wikipedia.org/wiki/Deutsche_Sprache"
"und somit","und somit","COLLOCATION",0,600,2,"https://de.wikipedia.org/wiki/Deutsche_Sprache"
"Formen für","formen für","COLLOCATION",0,550,2,"https://de.wikipedia.org/wiki/Deutsche_Sprache"
"Oberfränkisch Vogtländisch","oberfränkisch vogtländisch","COLLOCATION",1,000,2,"https://de.wikipedia.org/wiki/Deutsche_Sprache"
"Handwerksbetrieben","handwerksbetrieben","COMPOUND_NOUN",0,800,1,"https://de.wikipedia.org/wiki/Deutsche_Sprache"
"Countries","countries","COMPOUND_NOUN",0,800,1,"https://de.wikipedia.org/wiki/Deutsche_Sprache"
"Ein existierte","ein existierte","PHRASAL_VERB",0,750,2,"https://de.wikipedia.org/wiki/Deutsche_Sprache"
"mit ihren","mit ihren","COLLOCATION",0,629,2,"https://de.wikipedia.org/wiki/Deutsche_Sprache"
"UEFA Liste","uefa liste","NAMED_ENTITY",0,850,2,"https://de.wikipedia.org/wiki/Deutsche_Sprache"
"Sprachgeschichte vom","sprachgeschichte vom","COLLOCATION",0,772,2,"https://de.wikipedia.org/wiki/Deutsche_Sprache"
"↑ Rudolf","↑ rudolf","COLLOCATION",0,714,2,"https://de.wikipedia.org/wiki/Deutsche_Sprache"
"der Gesamtbevölkerung","der gesamtbevölkerung","COLLOCATION",0,531,2,"https://de.wikipedia.org/wiki/Deutsche_Sprache"
"und brabantische","und brabantische","COLLOCATION",0,600,2,"https://de.wikipedia.org/wiki/Deutsche_Sprache"
"die meistgesprochene","die meistgesprochene","COLLOCATION",0,561,2,"https://de.wikipedia.org/wiki/Deutsche_Sprache"
"Territorien","territorien","COMPOUND_NOUN",0,800,1,"https://de.wikipedia.org/wiki/Deutsche_Sprache"
"Associations","associations","COMPOUND_NOUN",0,800,1,"https://de.wikipedia.org/wiki/Deutsche_Sprache"
"und Herrschaft","und herrschaft","COLLOCATION",0,600,2,"https://de.wikipedia.org/wiki/Deutsche_Sprache"
"Unter die","unter die","PHRASAL_VERB",0,750,2,"https://de.wikipedia.org/wiki/Deutsche_Sprache"
"sich jedoch","sich jedoch","COLLOCATION",0,600,2,"https://de.wikipedia.org/wiki/Deutsche_Sprache"
"Ländern als","ländern als","COLLOCATION",0,600,2,"https://de.wikipedia.org/wiki/Deutsche_Sprache"
"zumeist ältere","zumeist ältere","COLLOCATION",0,600,2,"https://de.wikipedia.org/wiki/Deutsche_Sprache"
"de Football","de football","COLLOCATION",0,745,2,"https://de.wikipedia.org/wiki/Deutsche_Sprache"
"im Rahmen","im rahmen","COLLOCATION",0,671,2,"https://de.wikipedia.org/wiki/Deutsche_Sprache"
"eine ihrer gesamtstaatlichen","eine ihr gesamtstaatlichen","COLLOCATION",0,650,3,"https://de.wikipedia.org/wiki/Deutsche_Sprache"
"Integrante Do","integrante do","COLLOCATION",1,000,2,"https://de.wikipedia.org/wiki/Deutsche_Sprache"
"Patentamt","patentamt","COMPOUND_NOUN",0,800,1,"https://de.wikipedia.org/wiki/Deutsche_Sprache"
"unmöglich war","unmöglich war","COLLOCATION",0,600,2,"https://de.wikipedia.org/wiki/Deutsche_Sprache"
"Landesversammlung","landesversammlung","COMPOUND_NOUN",0,800,1,"https://de.wikipedia.org/wiki/Deutsche_Sprache"
"Origem Germânica","origem germânica","COLLOCATION",1,000,2,"https://de.wikipedia.org/wiki/Deutsche_Sprache"
"mit bundesdeutsches","mit bundesdeutsches","PHRASAL_VERB",0,750,2,"https://de.wikipedia.org/wiki/Deutsche_Sprache"
"Sprachen wie","sprachen wie","COLLOCATION",0,501,2,"https://de.wikipedia.org/wiki/Deutsche_Sprache"
"aus dem","aus dem","PHRASAL_VERB",0,750,2,"https://de.wikipedia.org/wiki/Deutsche_Sprache"
"aus den","aus den","PHRASAL_VERB",0,750,2,"https://de.wikipedia.org/wiki/Deutsche_Sprache"
"das österreichische","das österreichische","COLLOCATION",0,664,2,"https://de.wikipedia.org/wiki/Deutsche_Sprache"
"Tibetisch","tibetisch","COMPOUND_NOUN",0,800,1,"https://de.wikipedia.org/wiki/Deutsche_Sprache"
"die Vermischung und","die vermischung und","COLLOCATION",0,650,3,"https://de.wikipedia.org/wiki/Deutsche_Sprache"
"wurde durch","wurde durch","PHRASAL_VERB",0,700,2,"https://de.wikipedia.org/wiki/Deutsche_Sprache"
"Das Standarddeutsche","das standarddeutsche","COLLOCATION",0,723,2,"https://de.wikipedia.org/wiki/Deutsche_Sprache"
"Halbband","halbband","COMPOUND_NOUN",0,800,1,"https://de.wikipedia.org/wiki/Deutsche_Sprache"
"im Webarchiv","im webarchiv","COLLOCATION",0,671,2,"https://de.wikipedia.org/wiki/Deutsche_Sprache"
"( n","( n","COLLOCATION",0,500,2,"https://de.wikipedia.org/wiki/Deutsche_Sprache"
"Auflage","auflage","COMPOUND_NOUN",0,800,1,"https://de.wikipedia.org/wiki/Deutsche_Sprache"
"in einigen","in einigen","COLLOCATION",0,507,2,"https://de.wikipedia.org/wiki/Deutsche_Sprache"
": Einführung",": einführung","COLLOCATION",0,611,2,"https://de.wikipedia.org/wiki/Deutsche_Sprache"
"heute wenig","heute wenig","COLLOCATION",0,931,2,"https://de.wikipedia.org/wiki/Deutsche_Sprache"
"Adjektive übereinstimmen","adjektiv übereinstimmen","COLLOCATION",0,600,2,"https://de.wikipedia.org/wiki/Deutsche_Sprache"
"Unterlands","unterlands","COMPOUND_NOUN",0,800,1,"https://de.wikipedia.org/wiki/Deutsche_Sprache"
"unterschiedliche Formen","unterschiedlich formen","COLLOCATION",0,600,2,"https://de.wikipedia.org/wiki/Deutsche_Sprache"
"auf die","auf die","PHRASAL_VERB",0,750,2,"https://de.wikipedia.org/wiki/Deutsche_Sprache"
"vom 30","vom 30","COLLOCATION",0,766,2,"https://de.wikipedia.org/wiki/Deutsche_Sprache"
"Infrastruktur","infrastruktur","COMPOUND_NOUN",0,800,1,"https://de.wikipedia.org/wiki/Deutsche_Sprache"
"aber auch","aber auch","COLLOCATION",0,586,2,"https://de.wikipedia.org/wiki/Deutsche_Sprache"
"Organisation","organisation","COMPOUND_NOUN",0,800,1,"https://de.wikipedia.org/wiki/Deutsche_Sprache"
"Südbairisch Ostfränkisch","südbairisch ostfränkisch","COLLOCATION",1,000,2,"https://de.wikipedia.org/wiki/Deutsche_Sprache"
"2021 im","2021 im","COLLOCATION",0,538,2,"https://de.wikipedia.org/wiki/Deutsche_Sprache"
"Perspektive","perspektive","COMPOUND_NOUN",0,800,1,"https://de.wikipedia.org/wiki/Deutsche_Sprache"
"Deutschunterricht","deutschunterricht","COMPOUND_NOUN",0,800,1,"https://de.wikipedia.org/wiki/Deutsche_Sprache"
"der Ständigen","der ständigen","COLLOCATION",0,531,2,"https://de.wikipedia.org/wiki/Deutsche_Sprache"
"die Nationalsprache Tok","die nationalsprach tok","COLLOCATION",0,650,3,"https://de.wikipedia.org/wiki/Deutsche_Sprache"
"Alsace et","alsace et","COLLOCATION",0,931,2,"https://de.wikipedia.org/wiki/Deutsche_Sprache"
"20 Prozent","20 prozent","COLLOCATION",0,531,2,"https://de.wikipedia.org/wiki/Deutsche_Sprache"
"IBU Union","ibu union","COLLOCATION",1,000,2,"https://de.wikipedia.org/wiki/Deutsche_Sprache"
"Texasdeutsch sind","texasdeutsch sind","COLLOCATION",0,600,2,"https://de.wikipedia.org/wiki/Deutsche_Sprache"
"vom 20","vom 20","COLLOCATION",0,544,2,"https://de.wikipedia.org/wiki/Deutsche_Sprache"
"vom 24","vom 24","COLLOCATION",0,772,2,"https://de.wikipedia.org/wiki/Deutsche_Sprache"
"etwa 15.000","etwa 15.000","COLLOCATION",0,898,2,"https://de.wikipedia.org/wiki/Deutsche_Sprache"
"aus eingewandert","aus eingewandert","PHRASAL_VERB",0,750,2,"https://de.wikipedia.org/wiki/Deutsche_Sprache"
"den Sprechern wird","den sprechern wird","COLLOCATION",0,650,3,"https://de.wikipedia.org/wiki/Deutsche_Sprache"
"sich hauptsächlich","sich hauptsächlich","COLLOCATION",0,701,2,"https://de.wikipedia.org/wiki/Deutsche_Sprache"
"mit deutschem","mit deutschem","PHRASAL_VERB",0,750,2,"https://de.wikipedia.org/wiki/Deutsche_Sprache"
"dem Französischen","dem französischen","COLLOCATION",0,615,2,"https://de.wikipedia.org/wiki/Deutsche_Sprache"
"Website des","website des","COLLOCATION",0,636,2,"https://de.wikipedia.org/wiki/Deutsche_Sprache"
"Zermatt","zermatt","COMPOUND_NOUN",0,800,1,"https://de.wikipedia.org/wiki/Deutsche_Sprache"
"Süddeutschland und","süddeutschland und","COLLOCATION",0,600,2,"https://de.wikipedia.org/wiki/Deutsche_Sprache"
"wirkten wie","wirkt wie","COLLOCATION",0,600,2,"https://de.wikipedia.org/wiki/Deutsche_Sprache"
"Allgemeine","allgemeine","COMPOUND_NOUN",0,800,1,"https://de.wikipedia.org/wiki/Deutsche_Sprache"
"aus germanischen","aus germanischen","PHRASAL_VERB",0,750,2,"https://de.wikipedia.org/wiki/Deutsche_Sprache"
"Prägung","prägung","COMPOUND_NOUN",0,800,1,"https://de.wikipedia.org/wiki/Deutsche_Sprache"
"vom 28","vom 28","COLLOCATION",0,808,2,"https://de.wikipedia.org/wiki/Deutsche_Sprache"
"( PDF","( pdf","COLLOCATION",0,545,2,"https://de.wikipedia.org/wiki/Deutsche_Sprache"
"Hunsrückisch","hunsrückisch","COMPOUND_NOUN",0,800,1,"https://de.wikipedia.org/wiki/Deutsche_Sprache"
"ein Prozent der","ein prozent der","COLLOCATION",0,650,3,"https://de.wikipedia.org/wiki/Deutsche_Sprache"
"nordgermanischen Sprachen","nordgermanischen sprachen","COLLOCATION",0,881,2,"https://de.wikipedia.org/wiki/Deutsche_Sprache"
"Friesisch","friesisch","COMPOUND_NOUN",0,800,1,"https://de.wikipedia.org/wiki/Deutsche_Sprache"
"Deutschland ?","deutschland ?","COLLOCATION",0,872,2,"https://de.wikipedia.org/wiki/Deutsche_Sprache"
"Österreichisches","österreichisches","COMPOUND_NOUN",0,800,1,"https://de.wikipedia.org/wiki/Deutsche_Sprache"
"Darstellung","darstellung","COMPOUND_NOUN",0,800,1,"https://de.wikipedia.org/wiki/Deutsche_Sprache"
"Département Moselle","département moselle","COLLOCATION",1,000,2,"https://de.wikipedia.org/wiki/Deutsche_Sprache"
"↑ Hermann","↑ hermann","COLLOCATION",0,655,2,"https://de.wikipedia.org/wiki/Deutsche_Sprache"
"Staaten in","staaten in","PHRASAL_VERB",0,700,2,"https://de.wikipedia.org/wiki/Deutsche_Sprache"
"Vorläufer","vorläufer","COMPOUND_NOUN",0,800,1,"https://de.wikipedia.org/wiki/Deutsche_Sprache"
"↑ Jürgen","↑ jürgen","COLLOCATION",0,581,2,"https://de.wikipedia.org/wiki/Deutsche_Sprache"
"Schenkungsurkunde","schenkungsurkunde","COMPOUND_NOUN",0,800,1,"https://de.wikipedia.org/wiki/Deutsche_Sprache"
"Dezember","dezember","COMPOUND_NOUN",0,800,1,"https://de.wikipedia.org/wiki/Deutsche_Sprache"
"deutscher Wörter","deutscher wörter","COLLOCATION",0,661,2,"https://de.wikipedia.org/wiki/Deutsche_Sprache"
"↑ Klaus","↑ klaus","COLLOCATION",0,614,2,"https://de.wikipedia.org/wiki/Deutsche_Sprache"
"Ende des","ende des","COLLOCATION",0,695,2,"https://de.wikipedia.org/wiki/Deutsche_Sprache"
"aus die","aus die","PHRASAL_VERB",0,750,2,"https://de.wikipedia.org/wiki/Deutsche_Sprache"
"Zeitreise","zeitreise","COMPOUND_NOUN",0,800,1,"https://de.wikipedia.org/wiki/Deutsche_Sprache"
"Die Stellung","die stellung","COLLOCATION",0,502,2,"https://de.wikipedia.org/wiki/Deutsche_Sprache"
"nur ein","nur ein","COLLOCATION",0,536,2,"https://de.wikipedia.org/wiki/Deutsche_Sprache"
"Coast (","coast (","COLLOCATION",0,559,2,"https://de.wikipedia.org/wiki/Deutsche_Sprache"
"ein richtiges","ein richtiges","PHRASAL_VERB",0,750,2,"https://de.wikipedia.org/wiki/Deutsche_Sprache"
"Fremdsprache gleichstellt","fremdsprach gleichstellt","COLLOCATION",0,600,2,"https://de.wikipedia.org/wiki/Deutsche_Sprache"
"Europäische Kommission","europäisch kommission","COLLOCATION",1,000,2,"https://de.wikipedia.org/wiki/Deutsche_Sprache"
"Bürgers","bürgers","COMPOUND_NOUN",0,800,1,"https://de.wikipedia.org/wiki/Deutsche_Sprache"
"auf und","auf und","PHRASAL_VERB",0,750,2,"https://de.wikipedia.org/wiki/Deutsche_Sprache"
"Kommentar von","kommentar von","COLLOCATION",0,725,2,"https://de.wikipedia.org/wiki/Deutsche_Sprache"
"Sprachsystems","sprachsystems","COMPOUND_NOUN",0,800,1,"https://de.wikipedia.org/wiki/Deutsche_Sprache"
"seit dem","seit dem","COLLOCATION",0,590,2,"https://de.wikipedia.org/wiki/Deutsche_Sprache"
"Goossens :","goossens :","COLLOCATION",0,530,2,"https://de.wikipedia.org/wiki/Deutsche_Sprache"
"Geltungsbereiches","geltungsbereiches","COMPOUND_NOUN",0,800,1,"https://de.wikipedia.org/wiki/Deutsche_Sprache"
"für politische","für politische","COLLOCATION",0,650,2,"https://de.wikipedia.org/wiki/Deutsche_Sprache"
"Polenz :","polenz :","COLLOCATION",0,630,2,"https://de.wikipedia.org/wiki/Deutsche_Sprache"
"gesprochen werden","gesprochen werden","COLLOCATION",0,645,2,"https://de.wikipedia.org/wiki/Deutsche_Sprache"
"Verkehrssprachenstatut","verkehrssprachenstatut","COMPOUND_NOUN",0,800,1,"https://de.wikipedia.org/wiki/Deutsche_Sprache"
"Muttersprachlern und","muttersprachlern und","COLLOCATION",0,600,2,"https://de.wikipedia.org/wiki/Deutsche_Sprache"
"FIL Fédération","fil fédération","COLLOCATION",1,000,2,"https://de.wikipedia.org/wiki/Deutsche_Sprache"
"0, 4","0, 4","COLLOCATION",1,000,2,"https://de.wikipedia.org/wiki/Deutsche_Sprache"
"Santa Catarina","santa catarina","COLLOCATION",1,000,2,"https://de.wikipedia.org/wiki/Deutsche_Sprache"
"und seinen","und seinen","COLLOCATION",0,600,2,"https://de.wikipedia.org/wiki/Deutsche_Sprache"
"alpinen schweizerdeutsche","alpinen schweizerdeutsche","COLLOCATION",1,000,2,"https://de.wikipedia.org/wiki/Deutsche_Sprache"
"das Aussprachewörterbuch","das aussprachewörterbuch","COLLOCATION",0,723,2,"https://de.wikipedia.org/wiki/Deutsche_Sprache"
"Berücksichtigung von","berücksichtigung von","PHRASAL_VERB",0,700,2,"https://de.wikipedia.org/wiki/Deutsche_Sprache"
"nach könnten","nach könnten","PHRASAL_VERB",0,750,2,"https://de.wikipedia.org/wiki/Deutsche_Sprache"
"offiziellen Status","offiziellen status","COLLOCATION",0,985,2,"https://de.wikipedia.org/wiki/Deutsche_Sprache"
"Millionen Menschen","millionen menschen","COLLOCATION",0,655,2,"https://de.wikipedia.org/wiki/Deutsche_Sprache"
"Erbwort","erbwort","COMPOUND_NOUN",0,800,1,"https://de.wikipedia.org/wiki/Deutsche_Sprache"
"Schrift","schrift","COMPOUND_NOUN",0,800,1,"https://de.wikipedia.org/wiki/Deutsche_Sprache"
"ein den","ein den","PHRASAL_VERB",0,750,2,"https://de.wikipedia.org/wiki/Deutsche_Sprache"
"den letzten","den letzten","COLLOCATION",0,600,2,"https://de.wikipedia.org/wiki/Deutsche_Sprache"
"ein des","ein des","PHRASAL_VERB",0,750,2,"https://de.wikipedia.org/wiki/Deutsche_Sprache"
"So sind","so sind","COLLOCATION",0,530,2,"https://de.wikipedia.org/wiki/Deutsche_Sprache"
"Amtssprachen führen","amtssprachen führen","COLLOCATION",1,000,2,"https://de.wikipedia.org/wiki/Deutsche_Sprache"
"Herausbildung","herausbildung","COMPOUND_NOUN",0,800,1,"https://de.wikipedia.org/wiki/Deutsche_Sprache"
"2008 im","2008 im","COLLOCATION",0,525,2,"https://de.wikipedia.org/wiki/Deutsche_Sprache"
"bei den","bei den","PHRASAL_VERB",0,750,2,"https://de.wikipedia.org/wiki/Deutsche_Sprache"
"den deutschsprachigen","den deutschsprachigen","COLLOCATION",0,600,2,"https://de.wikipedia.org/wiki/Deutsche_Sprache"
"Bevölkerung mit","bevölkerung mit","PHRASAL_VERB",0,700,2,"https://de.wikipedia.org/wiki/Deutsche_Sprache"
"Vereinigten Staaten","vereinigten staaten","COLLOCATION",1,000,2,"https://de.wikipedia.org/wiki/Deutsche_Sprache"
"bei der","bei der","PHRASAL_VERB",0,750,2,"https://de.wikipedia.org/wiki/Deutsche_Sprache"
"Das Jiddische","das jiddische","COLLOCATION",0,723,2,"https://de.wikipedia.org/wiki/Deutsche_Sprache"
"Sprache","sprache","COMPOUND_NOUN",0,800,1,"https://de.wikipedia.org/wiki/Deutsche_Sprache"
"daher spricht","dah spricht","COLLOCATION",0,600,2,"https://de.wikipedia.org/wiki/Deutsche_Sprache"
"Plural )","plural )","COLLOCATION",0,560,2,"https://de.wikipedia.org/wiki/Deutsche_Sprache"
"Ehemals","ehemals","COMPOUND_NOUN",0,800,1,"https://de.wikipedia.org/wiki/Deutsche_Sprache"
"Stellung","stellung","COMPOUND_NOUN",0,800,1,"https://de.wikipedia.org/wiki/Deutsche_Sprache"
"den meisten","den meisten","COLLOCATION",0,603,2,"https://de.wikipedia.org/wiki/Deutsche_Sprache"
"0,52 %","0,52 %","COLLOCATION",0,845,2,"https://de.wikipedia.org/wiki/Deutsche_Sprache"
"Wochenzeitung","wochenzeitung","COMPOUND_NOUN",0,800,1,"https://de.wikipedia.org/wiki/Deutsche_Sprache"
"Dichtersprache","dichtersprache","COMPOUND_NOUN",0,800,1,"https://de.wikipedia.org/wiki/Deutsche_Sprache"
"ISO 639-","iso 639-","COLLOCATION",1,000,2,"https://de.wikipedia.org/wiki/Deutsche_Sprache"
"vom 12","vom 12","COLLOCATION",0,608,2,"https://de.wikipedia.org/wiki/Deutsche_Sprache"
"Regierungszeit","regierungszeit","COMPOUND_NOUN",0,800,1,"https://de.wikipedia.org/wiki/Deutsche_Sprache"
"mehr online","mehr online","COLLOCATION",0,905,2,"https://de.wikipedia.org/wiki/Deutsche_Sprache"
"und Schienenverkehrs","und schienenverkehrs","COLLOCATION",0,600,2,"https://de.wikipedia.org/wiki/Deutsche_Sprache"
"In Belgien","in belgien","COLLOCATION",0,540,2,"https://de.wikipedia.org/wiki/Deutsche_Sprache"
"Sprache und","sprach und","COLLOCATION",0,600,2,"https://de.wikipedia.org/wiki/Deutsche_Sprache"
"Das lateinische","das lateinisch","COLLOCATION",0,523,2,"https://de.wikipedia.org/wiki/Deutsche_Sprache"
"vom 15","vom 15","COLLOCATION",0,652,2,"https://de.wikipedia.org/wiki/Deutsche_Sprache"
"stark durch","stark durch","PHRASAL_VERB",0,700,2,"https://de.wikipedia.org/wiki/Deutsche_Sprache"
"deutschen Rechtschreibung","deutschen rechtschreibung","COLLOCATION",0,566,2,"https://de.wikipedia.org/wiki/Deutsche_Sprache"
"Volkszählung","volkszählung","COMPOUND_NOUN",0,800,1,"https://de.wikipedia.org/wiki/Deutsche_Sprache"
"vom 19","vom 19","COLLOCATION",0,531,2,"https://de.wikipedia.org/wiki/Deutsche_Sprache"
"in Slowenien","in slowenien","COLLOCATION",0,540,2,"https://de.wikipedia.org/wiki/Deutsche_Sprache"
"Vereins","vereins","COMPOUND_NOUN",0,800,1,"https://de.wikipedia.org/wiki/Deutsche_Sprache"
"Berlin 2014","berlin 2014","COLLOCATION",0,685,2,"https://de.wikipedia.org/wiki/Deutsche_Sprache"
"Berlin 2010","berlin 2010","COLLOCATION",0,715,2,"https://de.wikipedia.org/wiki/Deutsche_Sprache"
"dem Dreissigjährigen","dem dreissigjährigen","COLLOCATION",0,774,2,"https://de.wikipedia.org/wiki/Deutsche_Sprache"
"bei diesen","bei diesen","PHRASAL_VERB",0,750,2,"https://de.wikipedia.org/wiki/Deutsche_Sprache"
"Unterfränkisch Oberfränkisch","unterfränkisch oberfränkisch","COLLOCATION",1,000,2,"https://de.wikipedia.org/wiki/Deutsche_Sprache"
"und zu","und zu","COLLOCATION",0,600,2,"https://de.wikipedia.org/wiki/Deutsche_Sprache"
"zu Bezeichnung","zu bezeichnung","PHRASAL_VERB",0,750,2,"https://de.wikipedia.org/wiki/Deutsche_Sprache"
"im Grundgesetz","im grundgesetz","COLLOCATION",0,571,2,"https://de.wikipedia.org/wiki/Deutsche_Sprache"
"hoch -","hoch -","COLLOCATION",0,712,2,"https://de.wikipedia.org/wiki/Deutsche_Sprache"
"wird und","wird und","COLLOCATION",0,600,2,"https://de.wikipedia.org/wiki/Deutsche_Sprache"
"auf mit","auf mit","PHRASAL_VERB",0,750,2,"https://de.wikipedia.org/wiki/Deutsche_Sprache"
"Berlin 2005","berlin 2005","COLLOCATION",0,739,2,"https://de.wikipedia.org/wiki/Deutsche_Sprache"
"Südtirol","südtirol","COMPOUND_NOUN",0,800,1,"https://de.wikipedia.org/wiki/Deutsche_Sprache"
"Schweizer Gemeinde Zermatt","schweizer gemeinde zermatt","NAMED_ENTITY",0,850,3,"https://de.wikipedia.org/wiki/Deutsche_Sprache"
"ISBN 978-3","isbn 978-3","COLLOCATION",0,928,2,"https://de.wikipedia.org/wiki/Deutsche_Sprache"
"nur in","nur in","PHRASAL_VERB",0,700,2,"https://de.wikipedia.org/wiki/Deutsche_Sprache"
"Diese Gruppe","diese gruppe","NAMED_ENTITY",0,850,2,"https://de.wikipedia.org/wiki/Deutsche_Sprache"
"Sprachverein","sprachverein","COMPOUND_NOUN",0,800,1,"https://de.wikipedia.org/wiki/Deutsche_Sprache"
"Liste von","liste von","COLLOCATION",0,567,2,"https://de.wikipedia.org/wiki/Deutsche_Sprache"
"Kolonialisierung","kolonialisierung","COMPOUND_NOUN",0,800,1,"https://de.wikipedia.org/wiki/Deutsche_Sprache"
"Aussage","aussage","COMPOUND_NOUN",0,800,1,"https://de.wikipedia.org/wiki/Deutsche_Sprache"
"an Belgiens","an belgiens","PHRASAL_VERB",0,750,2,"https://de.wikipedia.org/wiki/Deutsche_Sprache"
"Language Use","language use","NAMED_ENTITY",0,850,2,"https://de.wikipedia.org/wiki/Deutsche_Sprache"
"ein die","ein die","PHRASAL_VERB",0,750,2,"https://de.wikipedia.org/wiki/Deutsche_Sprache"
"zwei bis","zwei bis","COLLOCATION",0,600,2,"https://de.wikipedia.org/wiki/Deutsche_Sprache"
"die von","die von","PHRASAL_VERB",0,700,2,"https://de.wikipedia.org/wiki/Deutsche_Sprache"
"Ausdruck","ausdruck","COMPOUND_NOUN",0,800,1,"https://de.wikipedia.org/wiki/Deutsche_Sprache"
"und gegenwärtigen","und gegenwärtigen","COLLOCATION",0,600,2,"https://de.wikipedia.org/wiki/Deutsche_Sprache"
"Liechtensteinisch","liechtensteinisch","COMPOUND_NOUN",0,800,1,"https://de.wikipedia.org/wiki/Deutsche_Sprache"
"allein für","allein für","COLLOCATION",0,569,2,"https://de.wikipedia.org/wiki/Deutsche_Sprache"
"archive.today )","archive.today )","COLLOCATION",0,560,2,"https://de.wikipedia.org/wiki/Deutsche_Sprache"
"de Moselle","de moselle","COLLOCATION",0,745,2,"https://de.wikipedia.org/wiki/Deutsche_Sprache"
"of European","of european","COLLOCATION",0,950,2,"https://de.wikipedia.org/wiki/Deutsche_Sprache"
"de Gymnastique","de gymnastique","COLLOCATION",0,845,2,"https://de.wikipedia.org/wiki/Deutsche_Sprache"
"York 2000","york 2000","COLLOCATION",0,981,2,"https://de.wikipedia.org/wiki/Deutsche_Sprache"
"Sinne von","sinn von","COLLOCATION",0,625,2,"https://de.wikipedia.org/wiki/Deutsche_Sprache"
"Sturz Stroessners","sturz stroessners","NAMED_ENTITY",0,850,2,"https://de.wikipedia.org/wiki/Deutsche_Sprache"
"Sprechern des","sprechern des","COLLOCATION",0,600,2,"https://de.wikipedia.org/wiki/Deutsche_Sprache"
"Hochdeutsch","hochdeutsch","COMPOUND_NOUN",0,800,1,"https://de.wikipedia.org/wiki/Deutsche_Sprache"
"dieser Wörter","dieser wörter","COLLOCATION",0,674,2,"https://de.wikipedia.org/wiki/Deutsche_Sprache"
"ersetzt werden","ersetzt werden","COLLOCATION",0,868,2,"https://de.wikipedia.org/wiki/Deutsche_Sprache"
"de Investigação","de investigação","COLLOCATION",0,845,2,"https://de.wikipedia.org/wiki/Deutsche_Sprache"
"Vorgeschichte","vorgeschichte","COMPOUND_NOUN",0,800,1,"https://de.wikipedia.org/wiki/Deutsche_Sprache"
"bis 7","bis 7","COLLOCATION",0,611,2,"https://de.wikipedia.org/wiki/Deutsche_Sprache"
"bei die","bei die","PHRASAL_VERB",0,750,2,"https://de.wikipedia.org/wiki/Deutsche_Sprache"
"eine kleine","ein kleine","COLLOCATION",0,600,2,"https://de.wikipedia.org/wiki/Deutsche_Sprache"
"Tok Pisin","tok pisin","COLLOCATION",1,000,2,"https://de.wikipedia.org/wiki/Deutsche_Sprache"
"em Política","em política","COLLOCATION",1,000,2,"https://de.wikipedia.org/wiki/Deutsche_Sprache"
"Schriftsprache war","schriftsprach war","COLLOCATION",0,600,2,"https://de.wikipedia.org/wiki/Deutsche_Sprache"
"Südmärkisch (","südmärkisch (","COLLOCATION",0,559,2,"https://de.wikipedia.org/wiki/Deutsche_Sprache"
"Teilung","teilung","COMPOUND_NOUN",0,800,1,"https://de.wikipedia.org/wiki/Deutsche_Sprache"
"an wurde","an wurde","PHRASAL_VERB",0,750,2,"https://de.wikipedia.org/wiki/Deutsche_Sprache"
"zusammen rund","zusamm rund","COLLOCATION",0,600,2,"https://de.wikipedia.org/wiki/Deutsche_Sprache"
"über rund","über rund","PHRASAL_VERB",0,750,2,"https://de.wikipedia.org/wiki/Deutsche_Sprache"
"auch viele","auch viele","COLLOCATION",0,600,2,"https://de.wikipedia.org/wiki/Deutsche_Sprache"
"Mainzer","mainzer","COMPOUND_NOUN",0,800,1,"https://de.wikipedia.org/wiki/Deutsche_Sprache"
"Teil II","teil ii","COLLOCATION",0,837,2,"https://de.wikipedia.org/wiki/Deutsche_Sprache"
"Luxemburgische","luxemburgische","COMPOUND_NOUN",0,800,1,"https://de.wikipedia.org/wiki/Deutsche_Sprache"
"OLCA )","olca )","COLLOCATION",0,560,2,"https://de.wikipedia.org/wiki/Deutsche_Sprache"
"einer Standardsprache","einer standardsprache","COLLOCATION",0,556,2,"https://de.wikipedia.org/wiki/Deutsche_Sprache"
"Begegnungsschule","begegnungsschule","COMPOUND_NOUN",0,800,1,"https://de.wikipedia.org/wiki/Deutsche_Sprache"
"unter des","unter des","PHRASAL_VERB",0,750,2,"https://de.wikipedia.org/wiki/Deutsche_Sprache"
"unter starken","unter starken","PHRASAL_VERB",0,750,2,"https://de.wikipedia.org/wiki/Deutsche_Sprache"
"Schlesisch Thüringisch","schlesisch thüringisch","COLLOCATION",1,000,2,"https://de.wikipedia.org/wiki/Deutsche_Sprache"
"des Landes","des landes","COLLOCATION",0,695,2,"https://de.wikipedia.org/wiki/Deutsche_Sprache"
"mischen oft","misch oft","COLLOCATION",0,600,2,"https://de.wikipedia.org/wiki/Deutsche_Sprache"
"Oktober 2014","oktober 2014","COLLOCATION",0,898,2,"https://de.wikipedia.org/wiki/Deutsche_Sprache"
"Jahre 2002","jahr 2002","COLLOCATION",0,972,2,"https://de.wikipedia.org/wiki/Deutsche_Sprache"
"Subtropen Paraguays","subtrop paraguays","COLLOCATION",0,600,2,"https://de.wikipedia.org/wiki/Deutsche_Sprache"
"Consonants","consonants","COMPOUND_NOUN",0,800,1,"https://de.wikipedia.org/wiki/Deutsche_Sprache"
"zweite hochdeutsche","zweit hochdeutsche","COLLOCATION",0,600,2,"https://de.wikipedia.org/wiki/Deutsche_Sprache"
"Linthout","linthout","COMPOUND_NOUN",0,800,1,"https://de.wikipedia.org/wiki/Deutsche_Sprache"
"aber nur","aber nur","COLLOCATION",0,518,2,"https://de.wikipedia.org/wiki/Deutsche_Sprache"
"unter dem","unter dem","PHRASAL_VERB",0,750,2,"https://de.wikipedia.org/wiki/Deutsche_Sprache"
"Reichstag","reichstag","COMPOUND_NOUN",0,800,1,"https://de.wikipedia.org/wiki/Deutsche_Sprache"
"unter den","unter den","PHRASAL_VERB",0,750,2,"https://de.wikipedia.org/wiki/Deutsche_Sprache"
"Technologie","technologie","COMPOUND_NOUN",0,800,1,"https://de.wikipedia.org/wiki/Deutsche_Sprache"
"online verfügbar","online verfügbar","COLLOCATION",1,000,2,"https://de.wikipedia.org/wiki/Deutsche_Sprache"
"dagegen nur","dageg nur","COLLOCATION",0,600,2,"https://de.wikipedia.org/wiki/Deutsche_Sprache"
"Original","original","COMPOUND_NOUN",0,800,1,"https://de.wikipedia.org/wiki/Deutsche_Sprache"
"auf basierende","auf basierende","PHRASAL_VERB",0,750,2,"https://de.wikipedia.org/wiki/Deutsche_Sprache"
"Überarbeitung","überarbeitung","COMPOUND_NOUN",0,800,1,"https://de.wikipedia.org/wiki/Deutsche_Sprache"
"( Ripuarisch","( ripuarisch","COLLOCATION",0,559,2,"https://de.wikipedia.org/wiki/Deutsche_Sprache"
"Ein spricht","ein spricht","PHRASAL_VERB",0,750,2,"https://de.wikipedia.org/wiki/Deutsche_Sprache"
"zu finden","zu finden","PHRASAL_VERB",0,750,2,"https://de.wikipedia.org/wiki/Deutsche_Sprache"
"Mit speziellen","mit speziellen","PHRASAL_VERB",0,750,2,"https://de.wikipedia.org/wiki/Deutsche_Sprache"
"Millionen","millionen","COMPOUND_NOUN",0,800,1,"https://de.wikipedia.org/wiki/Deutsche_Sprache"
"Prozent der","prozent der","COLLOCATION",0,600,2,"https://de.wikipedia.org/wiki/Deutsche_Sprache"
"März 2019","märz 2019","COLLOCATION",0,823,2,"https://de.wikipedia.org/wiki/Deutsche_Sprache"
"Burgenland gemäss","burgenland gemäss","COLLOCATION",0,932,2,"https://de.wikipedia.org/wiki/Deutsche_Sprache"
"Büchern usw","büchern usw","COLLOCATION",0,600,2,"https://de.wikipedia.org/wiki/Deutsche_Sprache"
"den mennonitischen","den mennonitischen","COLLOCATION",0,600,2,"https://de.wikipedia.org/wiki/Deutsche_Sprache"
"( Pfälzisch","( pfälzisch","COLLOCATION",0,559,2,"https://de.wikipedia.org/wiki/Deutsche_Sprache"
"Retrospektive","retrospektive","COMPOUND_NOUN",0,800,1,"https://de.wikipedia.org/wiki/Deutsche_Sprache"
"Community Survey","community survey","NAMED_ENTITY",0,850,2,"https://de.wikipedia.org/wiki/Deutsche_Sprache"
"– Liste","– liste","COLLOCATION",0,612,2,"https://de.wikipedia.org/wiki/Deutsche_Sprache"
"Ammon :","ammon :","COLLOCATION",0,556,2,"https://de.wikipedia.org/wiki/Deutsche_Sprache"
"Regierung","regierung","COMPOUND_NOUN",0,800,1,"https://de.wikipedia.org/wiki/Deutsche_Sprache"
"der Vokale","der vokale","COLLOCATION",0,531,2,"https://de.wikipedia.org/wiki/Deutsche_Sprache"
"Text erfolgen","text erfolgen","COLLOCATION",0,600,2,"https://de.wikipedia.org/wiki/Deutsche_Sprache"
"der Vereinten","der vereinten","COLLOCATION",0,531,2,"https://de.wikipedia.org/wiki/Deutsche_Sprache"
"Fernsehsendung","fernsehsendung","COMPOUND_NOUN",0,800,1,"https://de.wikipedia.org/wiki/Deutsche_Sprache"
"und z","und z","COLLOCATION",0,600,2,"https://de.wikipedia.org/wiki/Deutsche_Sprache"
"zu dialektale","zu dialektale","PHRASAL_VERB",0,750,2,"https://de.wikipedia.org/wiki/Deutsche_Sprache"
"alphabetisch geordnet","alphabetisch geordnet","COLLOCATION",1,000,2,"https://de.wikipedia.org/wiki/Deutsche_Sprache"
"ISBN 3","isbn 3","COLLOCATION",0,876,2,"https://de.wikipedia.org/wiki/Deutsche_Sprache"
"Regelbuchs","regelbuchs","COMPOUND_NOUN",0,800,1,"https://de.wikipedia.org/wiki/Deutsche_Sprache"
"zum zweiten","zum zweiten","COLLOCATION",0,600,2,"https://de.wikipedia.org/wiki/Deutsche_Sprache"
"Zweitsprachler des","zweitsprachler des","COLLOCATION",0,695,2,"https://de.wikipedia.org/wiki/Deutsche_Sprache"
"FIBT Fédération","fibt fédération","COLLOCATION",1,000,2,"https://de.wikipedia.org/wiki/Deutsche_Sprache"
"und wurde","und wurde","COLLOCATION",0,600,2,"https://de.wikipedia.org/wiki/Deutsche_Sprache"
"zu und","zu und","PHRASAL_VERB",0,750,2,"https://de.wikipedia.org/wiki/Deutsche_Sprache"
"ein Trend","ein trend","PHRASAL_VERB",0,750,2,"https://de.wikipedia.org/wiki/Deutsche_Sprache"
"Dialektkurse","dialektkurse","COMPOUND_NOUN",0,800,1,"https://de.wikipedia.org/wiki/Deutsche_Sprache"
"Diktators","diktators","COMPOUND_NOUN",0,800,1,"https://de.wikipedia.org/wiki/Deutsche_Sprache"
"verfügbar )","verfügbar )","COLLOCATION",0,518,2,"https://de.wikipedia.org/wiki/Deutsche_Sprache"
"Gerichte","gerichte","COMPOUND_NOUN",0,800,1,"https://de.wikipedia.org/wiki/Deutsche_Sprache"
"Region Elsass","region elsass","NAMED_ENTITY",0,850,2,"https://de.wikipedia.org/wiki/Deutsche_Sprache"
"mit gibt","mit gibt","PHRASAL_VERB",0,750,2,"https://de.wikipedia.org/wiki/Deutsche_Sprache"
"Konsonantensystem","konsonantensystem","COMPOUND_NOUN",0,800,1,"https://de.wikipedia.org/wiki/Deutsche_Sprache"
"deutsche Einflüsse","deutsch einflüsse","COLLOCATION",0,600,2,"https://de.wikipedia.org/wiki/Deutsche_Sprache"
"Westgermanisch","westgermanisch","COMPOUND_NOUN",0,800,1,"https://de.wikipedia.org/wiki/Deutsche_Sprache"
"heute jedoch","heute jedoch","COLLOCATION",0,581,2,"https://de.wikipedia.org/wiki/Deutsche_Sprache"
"Teilweise","teilweise","COMPOUND_NOUN",0,800,1,"https://de.wikipedia.org/wiki/Deutsche_Sprache"
"Paraguay","paraguay","COMPOUND_NOUN",0,800,1,"https://de.wikipedia.org/wiki/Deutsche_Sprache"
"eine Million","eine million","COLLOCATION",0,791,2,"https://de.wikipedia.org/wiki/Deutsche_Sprache"
"Luxemburgisch","luxemburgisch","COMPOUND_NOUN",0,800,1,"https://de.wikipedia.org/wiki/Deutsche_Sprache"
"Bundesrepublik Deutschland","bundesrepublik deutschland","COLLOCATION",0,872,2,"https://de.wikipedia.org/wiki/Deutsche_Sprache"
"Lothringisch )","lothringisch )","COLLOCATION",0,560,2,"https://de.wikipedia.org/wiki/Deutsche_Sprache"
"und fundierte","und fundierte","COLLOCATION",0,600,2,"https://de.wikipedia.org/wiki/Deutsche_Sprache"
"Wörterbuch der","wörterbuch der","COLLOCATION",0,600,2,"https://de.wikipedia.org/wiki/Deutsche_Sprache"
"beruht auf","beruht auf","COLLOCATION",0,777,2,"https://de.wikipedia.org/wiki/Deutsche_Sprache"
"Anerkennung als","anerkennung als","COLLOCATION",0,709,2,"https://de.wikipedia.org/wiki/Deutsche_Sprache"
"zumindest als","zumindest als","COLLOCATION",0,600,2,"https://de.wikipedia.org/wiki/Deutsche_Sprache"
"Systeme","systeme","COMPOUND_NOUN",0,800,1,"https://de.wikipedia.org/wiki/Deutsche_Sprache"
"knapp eine","knapp eine","COLLOCATION",0,611,2,"https://de.wikipedia.org/wiki/Deutsche_Sprache"
"gehören unter","gehören unter","PHRASAL_VERB",0,700,2,"https://de.wikipedia.org/wiki/Deutsche_Sprache"
"über das","über das","COLLOCATION",0,564,2,"https://de.wikipedia.org/wiki/Deutsche_Sprache"
"zweite bzw","zweit bzw","COLLOCATION",0,928,2,"https://de.wikipedia.org/wiki/Deutsche_Sprache"
"selbst auf","selbst auf","PHRASAL_VERB",0,700,2,"https://de.wikipedia.org/wiki/Deutsche_Sprache"
"aus werden","aus werden","PHRASAL_VERB",0,750,2,"https://de.wikipedia.org/wiki/Deutsche_Sprache"
"nach wurde","nach wurde","PHRASAL_VERB",0,750,2,"https://de.wikipedia.org/wiki/Deutsche_Sprache"
"verfasste man","verfasst man","COLLOCATION",0,600,2,"https://de.wikipedia.org/wiki/Deutsche_Sprache"
"die französische","die französische","COLLOCATION",0,502,2,"https://de.wikipedia.org/wiki/Deutsche_Sprache"
"die für","die für","PHRASAL_VERB",0,700,2,"https://de.wikipedia.org/wiki/Deutsche_Sprache"
"Alltages","alltages","COMPOUND_NOUN",0,800,1,"https://de.wikipedia.org/wiki/Deutsche_Sprache"
"über die","über die","PHRASAL_VERB",0,750,2,"https://de.wikipedia.org/wiki/Deutsche_Sprache"
"Language","language","COMPOUND_NOUN",0,800,1,"https://de.wikipedia.org/wiki/Deutsche_Sprache"
"das Küchendeutsch","das küchendeutsch","COLLOCATION",0,664,2,"https://de.wikipedia.org/wiki/Deutsche_Sprache"
"Ortsname","ortsname","COMPOUND_NOUN",0,800,1,"https://de.wikipedia.org/wiki/Deutsche_Sprache"
"nach neuere","nach neuere","PHRASAL_VERB",0,750,2,"https://de.wikipedia.org/wiki/Deutsche_Sprache"
"Wörterbüchern wie","wörterbüchern wie","COLLOCATION",0,600,2,"https://de.wikipedia.org/wiki/Deutsche_Sprache"
"die personelle Mobilität","die personell mobilität","COLLOCATION",0,650,3,"https://de.wikipedia.org/wiki/Deutsche_Sprache"
"Million (","million (","COLLOCATION",0,517,2,"https://de.wikipedia.org/wiki/Deutsche_Sprache"
"- Wales","- wales","COLLOCATION",0,712,2,"https://de.wikipedia.org/wiki/Deutsche_Sprache"
"978-3 -11-019298-","978-3 -11-019298-","COLLOCATION",1,000,2,"https://de.wikipedia.org/wiki/Deutsche_Sprache"
"Alltags","alltags","COMPOUND_NOUN",0,800,1,"https://de.wikipedia.org/wiki/Deutsche_Sprache"
"Unterschied zu","unterschied zu","COLLOCATION",0,600,2,"https://de.wikipedia.org/wiki/Deutsche_Sprache"
"an Berücksichtigung","an berücksichtigung","PHRASAL_VERB",0,750,2,"https://de.wikipedia.org/wiki/Deutsche_Sprache"
"denen noch","denen noch","COLLOCATION",0,644,2,"https://de.wikipedia.org/wiki/Deutsche_Sprache"
"zum Teil","zum teil","COLLOCATION",0,507,2,"https://de.wikipedia.org/wiki/Deutsche_Sprache"
"Elektromotor","elektromotor","COMPOUND_NOUN",0,800,1,"https://de.wikipedia.org/wiki/Deutsche_Sprache"
"Sydslesvigdansk","sydslesvigdansk","COMPOUND_NOUN",0,800,1,"https://de.wikipedia.org/wiki/Deutsche_Sprache"
": Spezial",": spezial","COLLOCATION",0,630,2,"https://de.wikipedia.org/wiki/Deutsche_Sprache"
"Helvetismen","helvetismen","COMPOUND_NOUN",0,800,1,"https://de.wikipedia.org/wiki/Deutsche_Sprache"
"unter Bezeichnung","unter bezeichnung","PHRASAL_VERB",0,750,2,"https://de.wikipedia.org/wiki/Deutsche_Sprache"
"zu die","zu die","PHRASAL_VERB",0,750,2,"https://de.wikipedia.org/wiki/Deutsche_Sprache"
"Säkulum","säkulum","COMPOUND_NOUN",0,800,1,"https://de.wikipedia.org/wiki/Deutsche_Sprache"
"zusammen mit","zusammen mit","COLLOCATION",0,688,2,"https://de.wikipedia.org/wiki/Deutsche_Sprache"
"und Homepages","und homepages","COLLOCATION",0,600,2,"https://de.wikipedia.org/wiki/Deutsche_Sprache"
"Digitales","digitales","COMPOUND_NOUN",0,800,1,"https://de.wikipedia.org/wiki/Deutsche_Sprache"
"Kreises","kreises","COMPOUND_NOUN",0,800,1,"https://de.wikipedia.org/wiki/Deutsche_Sprache"
"de Ski","de ski","COLLOCATION",0,845,2,"https://de.wikipedia.org/wiki/Deutsche_Sprache"
"zwischen 50","zwisch 50","COLLOCATION",0,600,2,"https://de.wikipedia.org/wiki/Deutsche_Sprache"
"entlang der","entlang der","COLLOCATION",0,531,2,"https://de.wikipedia.org/wiki/Deutsche_Sprache"
"Weltraumorganisation","weltraumorganisation","COMPOUND_NOUN",0,800,1,"https://de.wikipedia.org/wiki/Deutsche_Sprache"
"Im Zuge","im zug","COLLOCATION",0,671,2,"https://de.wikipedia.org/wiki/Deutsche_Sprache"
"Möglichkeit","möglichkeit","COMPOUND_NOUN",0,800,1,"https://de.wikipedia.org/wiki/Deutsche_Sprache"
"Zuwanderer","zuwanderer","COMPOUND_NOUN",0,800,1,"https://de.wikipedia.org/wiki/Deutsche_Sprache"
"Wörter aus","wörter aus","COLLOCATION",0,528,2,"https://de.wikipedia.org/wiki/Deutsche_Sprache"
"unterschiedlicher Gewichtung","unterschiedlich gewichtung","COLLOCATION",0,600,2,"https://de.wikipedia.org/wiki/Deutsche_Sprache"
"die Zahl der","die zahl der","COLLOCATION",0,650,3,"https://de.wikipedia.org/wiki/Deutsche_Sprache"
"Übersetzung","übersetzung","COMPOUND_NOUN",0,800,1,"https://de.wikipedia.org/wiki/Deutsche_Sprache"
"Geschlechter","geschlechter","COMPOUND_NOUN",0,800,1,"https://de.wikipedia.org/wiki/Deutsche_Sprache"
": The",": the","COLLOCATION",0,520,2,"https://de.wikipedia.org/wiki/Deutsche_Sprache"
"Vorfahren","vorfahren","COMPOUND_NOUN",0,800,1,"https://de.wikipedia.org/wiki/Deutsche_Sprache"
"Die Verwendung","die verwendung","COLLOCATION",0,529,2,"https://de.wikipedia.org/wiki/Deutsche_Sprache"
"die schweizerdeutschen","die schweizerdeutschen","COLLOCATION",0,535,2,"https://de.wikipedia.org/wiki/Deutsche_Sprache"
"eigenständige Sprache","eigenständige sprache","COLLOCATION",0,629,2,"https://de.wikipedia.org/wiki/Deutsche_Sprache"
"wie sie","wi sie","COLLOCATION",0,600,2,"https://de.wikipedia.org/wiki/Deutsche_Sprache"
"vor wo","vor wo","PHRASAL_VERB",0,750,2,"https://de.wikipedia.org/wiki/Deutsche_Sprache"
"Eine Grobeinteilung","eine grobeinteilung","NAMED_ENTITY",0,850,2,"https://de.wikipedia.org/wiki/Deutsche_Sprache"
"Sprachraumes","sprachraumes","COMPOUND_NOUN",0,800,1,"https://de.wikipedia.org/wiki/Deutsche_Sprache"
"rund 1,5","rund 1,5","COLLOCATION",0,821,2,"https://de.wikipedia.org/wiki/Deutsche_Sprache"
"konnte sich","konnte sich","COLLOCATION",0,774,2,"https://de.wikipedia.org/wiki/Deutsche_Sprache"
"Football Associations","football associations","COLLOCATION",1,000,2,"https://de.wikipedia.org/wiki/Deutsche_Sprache"
"Kommunikation","kommunikation","COMPOUND_NOUN",0,800,1,"https://de.wikipedia.org/wiki/Deutsche_Sprache"
"Umgangssprache sind","umgangssprach sind","COLLOCATION",0,600,2,"https://de.wikipedia.org/wiki/Deutsche_Sprache"
"80 %","80 %","COLLOCATION",0,745,2,"https://de.wikipedia.org/wiki/Deutsche_Sprache"
"Langobardische Sprache","langobardische sprache","NAMED_ENTITY",0,850,2,"https://de.wikipedia.org/wiki/Deutsche_Sprache"
"Zuwanderung aus","zuwanderung aus","COLLOCATION",0,600,2,"https://de.wikipedia.org/wiki/Deutsche_Sprache"
"Urteil des","urteil des","COLLOCATION",0,695,2,"https://de.wikipedia.org/wiki/Deutsche_Sprache"
"zu Entwicklung","zu entwicklung","PHRASAL_VERB",0,750,2,"https://de.wikipedia.org/wiki/Deutsche_Sprache"
"Anteil an","anteil an","COLLOCATION",0,714,2,"https://de.wikipedia.org/wiki/Deutsche_Sprache"
"Landesverwaltungsgesetzes","landesverwaltungsgesetzes","COMPOUND_NOUN",0,800,1,"https://de.wikipedia.org/wiki/Deutsche_Sprache"
"der südlichste","der südlichste","COLLOCATION",0,531,2,"https://de.wikipedia.org/wiki/Deutsche_Sprache"
"den baltischen","den baltischen","COLLOCATION",0,600,2,"https://de.wikipedia.org/wiki/Deutsche_Sprache"
"Über der","über der","PHRASAL_VERB",0,750,2,"https://de.wikipedia.org/wiki/Deutsche_Sprache"
"Hinzu kommen","hinzu kommen","COLLOCATION",1,000,2,"https://de.wikipedia.org/wiki/Deutsche_Sprache"
"den mittel","den mittel","COLLOCATION",0,600,2,"https://de.wikipedia.org/wiki/Deutsche_Sprache"
"Märkisch Mecklenburgisch","märkisch mecklenburgisch","COLLOCATION",1,000,2,"https://de.wikipedia.org/wiki/Deutsche_Sprache"
"nach ISO","nach iso","COLLOCATION",0,835,2,"https://de.wikipedia.org/wiki/Deutsche_Sprache"
"Sinn erhielt","sinn erhielt","COLLOCATION",0,600,2,"https://de.wikipedia.org/wiki/Deutsche_Sprache"
"B. :","b. :","COLLOCATION",0,630,2,"https://de.wikipedia.org/wiki/Deutsche_Sprache"
"Band II","band ii","COLLOCATION",0,839,2,"https://de.wikipedia.org/wiki/Deutsche_Sprache"
"Sprachwissenschaft","sprachwissenschaft","COMPOUND_NOUN",0,800,1,"https://de.wikipedia.org/wiki/Deutsche_Sprache"
"Spezial","spezial","COMPOUND_NOUN",0,800,1,"https://de.wikipedia.org/wiki/Deutsche_Sprache"
"Slowakei eine","slowakei eine","COLLOCATION",0,600,2,"https://de.wikipedia.org/wiki/Deutsche_Sprache"
"Spätmittelalter","spätmittelalter","COMPOUND_NOUN",0,800,1,"https://de.wikipedia.org/wiki/Deutsche_Sprache"
"Hochsprache","hochsprache","COMPOUND_NOUN",0,800,1,"https://de.wikipedia.org/wiki/Deutsche_Sprache"
"Departements Alto Paraná","departements alto paraná","NAMED_ENTITY",0,850,3,"https://de.wikipedia.org/wiki/Deutsche_Sprache"
"Zuschlag","zuschlag","COMPOUND_NOUN",0,800,1,"https://de.wikipedia.org/wiki/Deutsche_Sprache"
"im Internet","im internet","COLLOCATION",0,666,2,"https://de.wikipedia.org/wiki/Deutsche_Sprache"
"Bedeutung für","bedeutung für","COLLOCATION",0,600,2,"https://de.wikipedia.org/wiki/Deutsche_Sprache"
"schweizerdeutschen Dialekte","schweizerdeutschen dialekte","COLLOCATION",0,904,2,"https://de.wikipedia.org/wiki/Deutsche_Sprache"
"über und","über und","PHRASAL_VERB",0,750,2,"https://de.wikipedia.org/wiki/Deutsche_Sprache"
"slawischen und","slawisch und","COLLOCATION",0,600,2,"https://de.wikipedia.org/wiki/Deutsche_Sprache"
"nicht als","nicht als","COLLOCATION",0,600,2,"https://de.wikipedia.org/wiki/Deutsche_Sprache"
"Sprachvarietät des","sprachvarietät des","COLLOCATION",0,600,2,"https://de.wikipedia.org/wiki/Deutsche_Sprache"
"der Elsässer","der elsäss","COLLOCATION",0,531,2,"https://de.wikipedia.org/wiki/Deutsche_Sprache"
"cultural retorna","cultural retorna","COLLOCATION",0,600,2,"https://de.wikipedia.org/wiki/Deutsche_Sprache"
"Unabhängigkeit","unabhängigkeit","COMPOUND_NOUN",0,800,1,"https://de.wikipedia.org/wiki/Deutsche_Sprache"
"rund 90","rund 90","COLLOCATION",0,763,2,"https://de.wikipedia.org/wiki/Deutsche_Sprache"
"mit rund","mit rund","PHRASAL_VERB",0,750,2,"https://de.wikipedia.org/wiki/Deutsche_Sprache"
"Schüler","schüler","COMPOUND_NOUN",0,800,1,"https://de.wikipedia.org/wiki/Deutsche_Sprache"
"Aus und","aus und","PHRASAL_VERB",0,750,2,"https://de.wikipedia.org/wiki/Deutsche_Sprache"
"Tendenz","tendenz","COMPOUND_NOUN",0,800,1,"https://de.wikipedia.org/wiki/Deutsche_Sprache"
"rund 71","rund 71","COLLOCATION",0,836,2,"https://de.wikipedia.org/wiki/Deutsche_Sprache"
"des Standarddeutschen","des standarddeutschen","COLLOCATION",0,680,2,"https://de.wikipedia.org/wiki/Deutsche_Sprache"
"eine Sammelbezeichnung für","eine sammelbezeichnung für","COLLOCATION",0,650,3,"https://de.wikipedia.org/wiki/Deutsche_Sprache"
"weiter werden","weiter werden","PHRASAL_VERB",0,750,2,"https://de.wikipedia.org/wiki/Deutsche_Sprache"
"Kenntnis der","kenntnis der","COLLOCATION",0,531,2,"https://de.wikipedia.org/wiki/Deutsche_Sprache"
"ob diese","ob diese","COLLOCATION",1,000,2,"https://de.wikipedia.org/wiki/Deutsche_Sprache"
"Ratifizierung der","ratifizierung der","COLLOCATION",0,531,2,"https://de.wikipedia.org/wiki/Deutsche_Sprache"
"uneinheitlich beantwortet","uneinheitlich beantwortet","COLLOCATION",0,600,2,"https://de.wikipedia.org/wiki/Deutsche_Sprache"
"Zeitschrift","zeitschrift","COMPOUND_NOUN",0,800,1,"https://de.wikipedia.org/wiki/Deutsche_Sprache"
"Fersental und","fersental und","COLLOCATION",0,600,2,"https://de.wikipedia.org/wiki/Deutsche_Sprache"
"nach einige","nach einige","PHRASAL_VERB",0,750,2,"https://de.wikipedia.org/wiki/Deutsche_Sprache"
": германски",": германски","COLLOCATION",0,572,2,"https://de.wikipedia.org/wiki/Deutsche_Sprache"
"nicht übereinstimmten","nicht übereinstimmten","COLLOCATION",0,600,2,"https://de.wikipedia.org/wiki/Deutsche_Sprache"
"weitläufig als","weitläufig als","COLLOCATION",0,600,2,"https://de.wikipedia.org/wiki/Deutsche_Sprache"
"Audiofile","audiofile","COMPOUND_NOUN",0,800,1,"https://de.wikipedia.org/wiki/Deutsche_Sprache"
"ihre Muttersprache","ihre muttersprache","COLLOCATION",0,772,2,"https://de.wikipedia.org/wiki/Deutsche_Sprache"
"do patrimônio","do patrimônio","COLLOCATION",1,000,2,"https://de.wikipedia.org/wiki/Deutsche_Sprache"
"der Europäischen Union","der europäisch union","COLLOCATION",0,650,3,"https://de.wikipedia.org/wiki/Deutsche_Sprache"
"Einwohner","einwohner","COMPOUND_NOUN",0,800,1,"https://de.wikipedia.org/wiki/Deutsche_Sprache"
"Schweizerische Eidgenossenschaft","schweizerische eidgenossenschaft","NAMED_ENTITY",0,850,2,"https://de.wikipedia.org/wiki/Deutsche_Sprache"
"Lange Zeit","lange zeit","COLLOCATION",0,981,2,"https://de.wikipedia.org/wiki/Deutsche_Sprache"
"Schreibkundigen","schreibkundigen","COMPOUND_NOUN",0,800,1,"https://de.wikipedia.org/wiki/Deutsche_Sprache"
"Elsass und","elsass und","COLLOCATION",0,512,2,"https://de.wikipedia.org/wiki/Deutsche_Sprache"
"zu Gebrauchsmustereinreichung","zu gebrauchsmustereinreichung","PHRASAL_VERB",0,750,2,"https://de.wikipedia.org/wiki/Deutsche_Sprache"
"heute noch","heute noch","COLLOCATION",0,635,2,"https://de.wikipedia.org/wiki/Deutsche_Sprache"
"Internationale de","internationale de","COLLOCATION",0,803,2,"https://de.wikipedia.org/wiki/Deutsche_Sprache"
"Einflüssen aus","einflüssen aus","COLLOCATION",0,713,2,"https://de.wikipedia.org/wiki/Deutsche_Sprache"
"politische Bildung","politische bildung","COLLOCATION",1,000,2,"https://de.wikipedia.org/wiki/Deutsche_Sprache"
"71 Prozent","71 prozent","COLLOCATION",0,868,2,"https://de.wikipedia.org/wiki/Deutsche_Sprache"
"Wahlkampftexte","wahlkampftexte","COMPOUND_NOUN",0,800,1,"https://de.wikipedia.org/wiki/Deutsche_Sprache"
"Einfluss auf","einfluss auf","COLLOCATION",0,696,2,"https://de.wikipedia.org/wiki/Deutsche_Sprache"
"ein deutschdeutsches","ein deutschdeutsches","PHRASAL_VERB",0,750,2,"https://de.wikipedia.org/wiki/Deutsche_Sprache"
"Etymologisches Wörterbuch","etymologisches wörterbuch","NAMED_ENTITY",0,850,2,"https://de.wikipedia.org/wiki/Deutsche_Sprache"
"( Germanski","( germanski","COLLOCATION",0,500,2,"https://de.wikipedia.org/wiki/Deutsche_Sprache"
"Riviera","riviera","COMPOUND_NOUN",0,800,1,"https://de.wikipedia.org/wiki/Deutsche_Sprache"
"Ein Handbuch zur","ein handbuch zur","COLLOCATION",0,650,3,"https://de.wikipedia.org/wiki/Deutsche_Sprache"
"speziell um","speziell um","PHRASAL_VERB",0,700,2,"https://de.wikipedia.org/wiki/Deutsche_Sprache"
"Macha :","macha :","COLLOCATION",0,630,2,"https://de.wikipedia.org/wiki/Deutsche_Sprache"
"15 Prozent","15 prozent","COLLOCATION",0,680,2,"https://de.wikipedia.org/wiki/Deutsche_Sprache"
"geordnet )","geordnet )","COLLOCATION",0,501,2,"https://de.wikipedia.org/wiki/Deutsche_Sprache"
"gleichlautend in","gleichlautend in","PHRASAL_VERB",0,700,2,"https://de.wikipedia.org/wiki/Deutsche_Sprache"
"zu Deckung","zu deckung","PHRASAL_VERB",0,750,2,"https://de.wikipedia.org/wiki/Deutsche_Sprache"
"Wolfgang Braunfels","wolfgang braunfels","NAMED_ENTITY",0,850,2,"https://de.wikipedia.org/wiki/Deutsche_Sprache"
"Europäischen Union","europäisch union","COLLOCATION",0,948,2,"https://de.wikipedia.org/wiki/Deutsche_Sprache"
"zum Beispiel","zum beispiel","COLLOCATION",0,877,2,"https://de.wikipedia.org/wiki/Deutsche_Sprache"
"Second Language","second language","COLLOCATION",0,600,2,"https://de.wikipedia.org/wiki/Deutsche_Sprache"
"Niederalemannisch (","niederalemannisch (","COLLOCATION",0,559,2,"https://de.wikipedia.org/wiki/Deutsche_Sprache"
"weiteren Sinne","weiter sinne","COLLOCATION",1,000,2,"https://de.wikipedia.org/wiki/Deutsche_Sprache"
"Handballföderation","handballföderation","COMPOUND_NOUN",0,800,1,"https://de.wikipedia.org/wiki/Deutsche_Sprache"
"einem grossen","einem grossen","COLLOCATION",0,791,2,"https://de.wikipedia.org/wiki/Deutsche_Sprache"
"Laute vor","laute vor","PHRASAL_VERB",0,700,2,"https://de.wikipedia.org/wiki/Deutsche_Sprache"
"Bismarck","bismarck","COMPOUND_NOUN",0,800,1,"https://de.wikipedia.org/wiki/Deutsche_Sprache"
"englischen Sprache","englischen sprach","COLLOCATION",0,729,2,"https://de.wikipedia.org/wiki/Deutsche_Sprache"
"Luge de","luge de","COLLOCATION",0,845,2,"https://de.wikipedia.org/wiki/Deutsche_Sprache"
"Basierend","basierend","COMPOUND_NOUN",0,800,1,"https://de.wikipedia.org/wiki/Deutsche_Sprache"
"Band 2","band 2","COLLOCATION",0,745,2,"https://de.wikipedia.org/wiki/Deutsche_Sprache"
"deutsch war","deutsch war","COLLOCATION",0,600,2,"https://de.wikipedia.org/wiki/Deutsche_Sprache"
"Albanisch","albanisch","COMPOUND_NOUN",0,800,1,"https://de.wikipedia.org/wiki/Deutsche_Sprache"
"Grossherzogtums","grossherzogtums","COMPOUND_NOUN",0,800,1,"https://de.wikipedia.org/wiki/Deutsche_Sprache"
"4 Prozent","4 prozent","COLLOCATION",0,626,2,"https://de.wikipedia.org/wiki/Deutsche_Sprache"
"britischen und","britisch und","COLLOCATION",0,600,2,"https://de.wikipedia.org/wiki/Deutsche_Sprache"
"sondern lediglich","sondern lediglich","COLLOCATION",0,600,2,"https://de.wikipedia.org/wiki/Deutsche_Sprache"
"Protogermanische","protogermanische","COMPOUND_NOUN",0,800,1,"https://de.wikipedia.org/wiki/Deutsche_Sprache"
"Deutsch","deutsch","COMPOUND_NOUN",0,800,1,"https://de.wikipedia.org/wiki/Deutsche_Sprache"
"Plautdietsch","plautdietsch","COMPOUND_NOUN",0,800,1,"https://de.wikipedia.org/wiki/Deutsche_Sprache"
"Amtssprache","amtssprache","COMPOUND_NOUN",0,800,1,"https://de.wikipedia.org/wiki/Deutsche_Sprache"
"( alphabetisch","( alphabetisch","COLLOCATION",0,559,2,"https://de.wikipedia.org/wiki/Deutsche_Sprache"
"personelle Mobilität","personell mobilität","COLLOCATION",0,600,2,"https://de.wikipedia.org/wiki/Deutsche_Sprache"
"Sinn des","sinn des","COLLOCATION",0,600,2,"https://de.wikipedia.org/wiki/Deutsche_Sprache"
"Union –","union –","COLLOCATION",0,538,2,"https://de.wikipedia.org/wiki/Deutsche_Sprache"
"Fremdsprache beherrschen","fremdsprach beherrschen","COLLOCATION",1,000,2,"https://de.wikipedia.org/wiki/Deutsche_Sprache"
"dem Zweiten","dem zweiten","COLLOCATION",0,586,2,"https://de.wikipedia.org/wiki/Deutsche_Sprache"
"das sogenannte","das sogenannte","COLLOCATION",0,664,2,"https://de.wikipedia.org/wiki/Deutsche_Sprache"
"mit anderen","mit anderen","COLLOCATION",0,600,2,"https://de.wikipedia.org/wiki/Deutsche_Sprache"
"Aus Zusammenhang","aus zusammenhang","PHRASAL_VERB",0,750,2,"https://de.wikipedia.org/wiki/Deutsche_Sprache"
"slawischen Sprachen","slawischen sprachen","COLLOCATION",0,814,2,"https://de.wikipedia.org/wiki/Deutsche_Sprache"
"Lautübertragung des","lautübertragung des","COLLOCATION",0,695,2,"https://de.wikipedia.org/wiki/Deutsche_Sprache"
"deyn weyb","deyn weyb","COLLOCATION",0,600,2,"https://de.wikipedia.org/wiki/Deutsche_Sprache"
"eine auf","eine auf","PHRASAL_VERB",0,700,2,"https://de.wikipedia.org/wiki/Deutsche_Sprache"
"De Gruyter","de gruyter","COLLOCATION",0,845,2,"https://de.wikipedia.org/wiki/Deutsche_Sprache"
""" Nordniederdeutsch",""" nordniederdeutsch","COLLOCATION",0,629,2,"https://de.wikipedia.org/wiki/Deutsche_Sprache"
"Band I","band i","COLLOCATION",1,000,2,"https://de.wikipedia.org/wiki/Deutsche_Sprache"
"lokal verbreiteten","lokal verbreiteten","COLLOCATION",0,600,2,"https://de.wikipedia.org/wiki/Deutsche_Sprache"
"Diese waren","dies waren","COLLOCATION",0,600,2,"https://de.wikipedia.org/wiki/Deutsche_Sprache"
"an sehr","an sehr","PHRASAL_VERB",0,750,2,"https://de.wikipedia.org/wiki/Deutsche_Sprache"
"Lista de","lista de","COLLOCATION",0,845,2,"https://de.wikipedia.org/wiki/Deutsche_Sprache"
"Fachkräftewegweiser","fachkräftewegweiser","COMPOUND_NOUN",0,800,1,"https://de.wikipedia.org/wiki/Deutsche_Sprache"
"aus stellt","aus stellt","PHRASAL_VERB",0,750,2,"https://de.wikipedia.org/wiki/Deutsche_Sprache"
"bis heute","bis heute","COLLOCATION",0,544,2,"https://de.wikipedia.org/wiki/Deutsche_Sprache"
"Nationalsprache Tok","nationalsprach tok","COLLOCATION",0,600,2,"https://de.wikipedia.org/wiki/Deutsche_Sprache"
"Alemannisch Niederalemannisch","alemannisch niederalemannisch","COLLOCATION",1,000,2,"https://de.wikipedia.org/wiki/Deutsche_Sprache"
"Electricität konnte","electricität konnte","COLLOCATION",0,600,2,"https://de.wikipedia.org/wiki/Deutsche_Sprache"
"schweizerdeutsche Dialekte","schweizerdeutsche dialekte","COLLOCATION",0,931,2,"https://de.wikipedia.org/wiki/Deutsche_Sprache"
"auf Ende","auf ende","PHRASAL_VERB",0,750,2,"https://de.wikipedia.org/wiki/Deutsche_Sprache"
"die sich weigern","die sich weigern","COLLOCATION",0,650,3,"https://de.wikipedia.org/wiki/Deutsche_Sprache"
"nur teilweise","nur teilweise","COLLOCATION",0,644,2,"https://de.wikipedia.org/wiki/Deutsche_Sprache"
") Hochpreussisch",") hochpreussisch","COLLOCATION",0,560,2,"https://de.wikipedia.org/wiki/Deutsche_Sprache"
"↑ Jan","↑ jan","COLLOCATION",0,581,2,"https://de.wikipedia.org/wiki/Deutsche_Sprache"
"und nach","und nach","PHRASAL_VERB",0,700,2,"https://de.wikipedia.org/wiki/Deutsche_Sprache"
"liegt bei","liegt bei","COLLOCATION",0,841,2,"https://de.wikipedia.org/wiki/Deutsche_Sprache"
"hebräischen Einflüssen","hebräischen einflüssen","COLLOCATION",1,000,2,"https://de.wikipedia.org/wiki/Deutsche_Sprache"
"für Statistik","für statistik","COLLOCATION",0,691,2,"https://de.wikipedia.org/wiki/Deutsche_Sprache"
"auf Luxemburgisch","auf luxemburgisch","COLLOCATION",0,531,2,"https://de.wikipedia.org/wiki/Deutsche_Sprache"
"d' Alsace","d' alsace","COLLOCATION",1,000,2,"https://de.wikipedia.org/wiki/Deutsche_Sprache"
"grösserer deutscher","grösser deutscher","COLLOCATION",0,600,2,"https://de.wikipedia.org/wiki/Deutsche_Sprache"
"Eintrag","eintrag","COMPOUND_NOUN",0,800,1,"https://de.wikipedia.org/wiki/Deutsche_Sprache"
"in Bezug auf","in bezug auf","PREPOSITIONAL_PHRASE",0,900,3,"https://de.wikipedia.org/wiki/Deutsche_Sprache"
"grossen Teil","grossen teil","COLLOCATION",0,802,2,"https://de.wikipedia.org/wiki/Deutsche_Sprache"
"welche eine","welche eine","COLLOCATION",0,545,2,"https://de.wikipedia.org/wiki/Deutsche_Sprache"
"Eurobarometer","eurobarometer","COMPOUND_NOUN",0,800,1,"https://de.wikipedia.org/wiki/Deutsche_Sprache"
"Rumänische","rumänische","COMPOUND_NOUN",0,800,1,"https://de.wikipedia.org/wiki/Deutsche_Sprache"
"als kulturelles","als kulturelles","COLLOCATION",0,709,2,"https://de.wikipedia.org/wiki/Deutsche_Sprache"
"deutschsprachigen Beilage","deutschsprachigen beilage","COLLOCATION",0,931,2,"https://de.wikipedia.org/wiki/Deutsche_Sprache"
"cooficiais em","cooficiais em","COLLOCATION",1,000,2,"https://de.wikipedia.org/wiki/Deutsche_Sprache"
"laut Ethnologue","laut ethnologue","COLLOCATION",0,902,2,"https://de.wikipedia.org/wiki/Deutsche_Sprache"
"I :","i :","COLLOCATION",0,630,2,"https://de.wikipedia.org/wiki/Deutsche_Sprache"
"mit geringste","mit geringste","PHRASAL_VERB",0,750,2,"https://de.wikipedia.org/wiki/Deutsche_Sprache"
"November 2014","november 2014","COLLOCATION",0,685,2,"https://de.wikipedia.org/wiki/Deutsche_Sprache"
"Gewerbes","gewerbes","COMPOUND_NOUN",0,800,1,"https://de.wikipedia.org/wiki/Deutsche_Sprache"
"auf nicht","auf nicht","PHRASAL_VERB",0,750,2,"https://de.wikipedia.org/wiki/Deutsche_Sprache"
"November 2010","november 2010","COLLOCATION",0,715,2,"https://de.wikipedia.org/wiki/Deutsche_Sprache"
"dem Begriff","dem begriff","COLLOCATION",0,557,2,"https://de.wikipedia.org/wiki/Deutsche_Sprache"
"zumeist älteren","zumeist älteren","COLLOCATION",0,600,2,"https://de.wikipedia.org/wiki/Deutsche_Sprache"
"Engländer","engländer","COMPOUND_NOUN",0,800,1,"https://de.wikipedia.org/wiki/Deutsche_Sprache"
"Nordbairisch Mittelbairisch","nordbairisch mittelbairisch","COLLOCATION",1,000,2,"https://de.wikipedia.org/wiki/Deutsche_Sprache"
"König :","könig :","COLLOCATION",0,630,2,"https://de.wikipedia.org/wiki/Deutsche_Sprache"
"vor eine","vor eine","PHRASAL_VERB",0,750,2,"https://de.wikipedia.org/wiki/Deutsche_Sprache"
"Patentwesens","patentwesens","COMPOUND_NOUN",0,800,1,"https://de.wikipedia.org/wiki/Deutsche_Sprache"
"an Lautverschiebung","an lautverschiebung","PHRASAL_VERB",0,750,2,"https://de.wikipedia.org/wiki/Deutsche_Sprache"
"Alphabetisierungssprache","alphabetisierungssprache","COMPOUND_NOUN",0,800,1,"https://de.wikipedia.org/wiki/Deutsche_Sprache"
"auf lassen","auf lassen","PHRASAL_VERB",0,750,2,"https://de.wikipedia.org/wiki/Deutsche_Sprache"
"zurück die","zurück die","PHRASAL_VERB",0,750,2,"https://de.wikipedia.org/wiki/Deutsche_Sprache"
"und an","und an","PHRASAL_VERB",0,700,2,"https://de.wikipedia.org/wiki/Deutsche_Sprache"
"die lateinische Sprache","die lateinisch sprache","COLLOCATION",0,650,3,"https://de.wikipedia.org/wiki/Deutsche_Sprache"
"Selbstbezeichnung","selbstbezeichnung","COMPOUND_NOUN",0,800,1,"https://de.wikipedia.org/wiki/Deutsche_Sprache"
"und sie","und sie","COLLOCATION",0,600,2,"https://de.wikipedia.org/wiki/Deutsche_Sprache"
"vor Elsass","vor elsass","PHRASAL_VERB",0,750,2,"https://de.wikipedia.org/wiki/Deutsche_Sprache"
"ethnischer Volksname","ethnisch volksname","COLLOCATION",0,600,2,"https://de.wikipedia.org/wiki/Deutsche_Sprache"
"Einwanderer","einwanderer","COMPOUND_NOUN",0,800,1,"https://de.wikipedia.org/wiki/Deutsche_Sprache"
": Immer",": immer","COLLOCATION",0,530,2,"https://de.wikipedia.org/wiki/Deutsche_Sprache"
"Vokabular","vokabular","COMPOUND_NOUN",0,800,1,"https://de.wikipedia.org/wiki/Deutsche_Sprache"
"Adverb þiudiskō","adverb þiudiskō","COLLOCATION",0,600,2,"https://de.wikipedia.org/wiki/Deutsche_Sprache"
"Dernières Nouvelles","dernières nouvelles","COLLOCATION",1,000,2,"https://de.wikipedia.org/wiki/Deutsche_Sprache"
"und geniesst","und geniesst","COLLOCATION",0,600,2,"https://de.wikipedia.org/wiki/Deutsche_Sprache"
"Gemeinde","gemeinde","COMPOUND_NOUN",0,800,1,"https://de.wikipedia.org/wiki/Deutsche_Sprache"
"Artikel","artikel","COMPOUND_NOUN",0,800,1,"https://de.wikipedia.org/wiki/Deutsche_Sprache"
"Ein gelang","ein gelang","PHRASAL_VERB",0,750,2,"https://de.wikipedia.org/wiki/Deutsche_Sprache"
"Wissenschaftler","wissenschaftler","COMPOUND_NOUN",0,800,1,"https://de.wikipedia.org/wiki/Deutsche_Sprache"
") Rheinfränkisch",") rheinfränkisch","COLLOCATION",0,501,2,"https://de.wikipedia.org/wiki/Deutsche_Sprache"
"Einheitlichkeit","einheitlichkeit","COMPOUND_NOUN",0,800,1,"https://de.wikipedia.org/wiki/Deutsche_Sprache"
"Sul A","sul a","COLLOCATION",0,861,2,"https://de.wikipedia.org/wiki/Deutsche_Sprache"
"Zuvor hatten","zuvor hatten","COLLOCATION",0,600,2,"https://de.wikipedia.org/wiki/Deutsche_Sprache"
"Lehn -","lehn -","COLLOCATION",0,712,2,"https://de.wikipedia.org/wiki/Deutsche_Sprache"
"Vorträge","vorträge","COMPOUND_NOUN",0,800,1,"https://de.wikipedia.org/wiki/Deutsche_Sprache"
"Erst -","erst -","COLLOCATION",0,531,2,"https://de.wikipedia.org/wiki/Deutsche_Sprache"
"das Südgermanische zum","das südgermanisch zum","COLLOCATION",0,650,3,"https://de.wikipedia.org/wiki/Deutsche_Sprache"
") Hochalemannisch",") hochalemannisch","COLLOCATION",0,560,2,"https://de.wikipedia.org/wiki/Deutsche_Sprache"
"mit teilweise","mit teilweise","COLLOCATION",0,518,2,"https://de.wikipedia.org/wiki/Deutsche_Sprache"
"Aufnahme der","aufnahme der","COLLOCATION",0,531,2,"https://de.wikipedia.org/wiki/Deutsche_Sprache"
"Sprache als","sprach als","COLLOCATION",0,600,2,"https://de.wikipedia.org/wiki/Deutsche_Sprache"
"Portugiesisch","portugiesisch","COMPOUND_NOUN",0,800,1,"https://de.wikipedia.org/wiki/Deutsche_Sprache"
"ab und","ab und","PHRASAL_VERB",0,750,2,"https://de.wikipedia.org/wiki/Deutsche_Sprache"
"Sinne Nordniedersächsisch","sinne nordniedersächsisch","COLLOCATION",1,000,2,"https://de.wikipedia.org/wiki/Deutsche_Sprache"
"Mündlichkeit","mündlichkeit","COMPOUND_NOUN",0,800,1,"https://de.wikipedia.org/wiki/Deutsche_Sprache"
"Sprachgruppenerklärung","sprachgruppenerklärung","COMPOUND_NOUN",0,800,1,"https://de.wikipedia.org/wiki/Deutsche_Sprache"
"- Süd","- süd","COLLOCATION",0,553,2,"https://de.wikipedia.org/wiki/Deutsche_Sprache"
"dser man","ds man","COLLOCATION",0,600,2,"https://de.wikipedia.org/wiki/Deutsche_Sprache"
"zum anderen","zum anderen","COLLOCATION",0,600,2,"https://de.wikipedia.org/wiki/Deutsche_Sprache"
"eine kooffizielle","eine kooffizielle","COLLOCATION",0,791,2,"https://de.wikipedia.org/wiki/Deutsche_Sprache"
"den Bürgermeister","den bürgermeister","COLLOCATION",0,600,2,"https://de.wikipedia.org/wiki/Deutsche_Sprache"
"hochdeutschen Schriftsprache","hochdeutschen schriftsprach","COLLOCATION",0,981,2,"https://de.wikipedia.org/wiki/Deutsche_Sprache"
"Sprache werden","sprach werden","COLLOCATION",0,600,2,"https://de.wikipedia.org/wiki/Deutsche_Sprache"
"sind unter","sind unt","PHRASAL_VERB",0,700,2,"https://de.wikipedia.org/wiki/Deutsche_Sprache"
"ein selbst","ein selbst","PHRASAL_VERB",0,750,2,"https://de.wikipedia.org/wiki/Deutsche_Sprache"
"W3 Techs","w3 techs","NAMED_ENTITY",0,850,2,"https://de.wikipedia.org/wiki/Deutsche_Sprache"
"viele als","viel als","COLLOCATION",0,600,2,"https://de.wikipedia.org/wiki/Deutsche_Sprache"
"Stadtbevölkerung","stadtbevölkerung","COMPOUND_NOUN",0,800,1,"https://de.wikipedia.org/wiki/Deutsche_Sprache"
"Support","support","COMPOUND_NOUN",0,800,1,"https://de.wikipedia.org/wiki/Deutsche_Sprache"
"nach Eurobarometer","nach eurobarometer","COLLOCATION",0,721,2,"https://de.wikipedia.org/wiki/Deutsche_Sprache"
"in Baden","in baden","COLLOCATION",0,540,2,"https://de.wikipedia.org/wiki/Deutsche_Sprache"
"Hochpreussisch Schlesisch","hochpreussisch schlesisch","COLLOCATION",1,000,2,"https://de.wikipedia.org/wiki/Deutsche_Sprache"
"auch das","auch das","COLLOCATION",0,600,2,"https://de.wikipedia.org/wiki/Deutsche_Sprache"
"3 Millionen","3 millionen","COLLOCATION",0,531,2,"https://de.wikipedia.org/wiki/Deutsche_Sprache"
"Einfluss","einfluss","COMPOUND_NOUN",0,800,1,"https://de.wikipedia.org/wiki/Deutsche_Sprache"
"Akzente","akzente","COMPOUND_NOUN",0,800,1,"https://de.wikipedia.org/wiki/Deutsche_Sprache"
"Nordwesten des","nordwest des","COLLOCATION",0,600,2,"https://de.wikipedia.org/wiki/Deutsche_Sprache"
"Treuhandfonds","treuhandfonds","COMPOUND_NOUN",0,800,1,"https://de.wikipedia.org/wiki/Deutsche_Sprache"
"Bayern (","bayern (","COLLOCATION",0,559,2,"https://de.wikipedia.org/wiki/Deutsche_Sprache"
"wenig gebräuchlich","wenig gebräuchlich","COLLOCATION",1,000,2,"https://de.wikipedia.org/wiki/Deutsche_Sprache"
"Zu dé","zu dé","PHRASAL_VERB",0,750,2,"https://de.wikipedia.org/wiki/Deutsche_Sprache"
"7,5 Millionen","7,5 millionen","COLLOCATION",0,863,2,"https://de.wikipedia.org/wiki/Deutsche_Sprache"
"weniger als","weniger als","COLLOCATION",0,709,2,"https://de.wikipedia.org/wiki/Deutsche_Sprache"
"Handbuch zeitgenössischer","handbuch zeitgenössischer","COLLOCATION",0,600,2,"https://de.wikipedia.org/wiki/Deutsche_Sprache"
"mit Ostniederdeutsch","mit ostniederdeutsch","COLLOCATION",0,729,2,"https://de.wikipedia.org/wiki/Deutsche_Sprache"
"gibt es","gibt es","COLLOCATION",0,816,2,"https://de.wikipedia.org/wiki/Deutsche_Sprache"
"häufig mit","häufig mit","COLLOCATION",0,600,2,"https://de.wikipedia.org/wiki/Deutsche_Sprache"
"Schriftsprache weiterentwickelt","schriftsprach weiterentwickelt","COLLOCATION",0,600,2,"https://de.wikipedia.org/wiki/Deutsche_Sprache"
"ab die","ab die","PHRASAL_VERB",0,750,2,"https://de.wikipedia.org/wiki/Deutsche_Sprache"
"und durch","und durch","PHRASAL_VERB",0,700,2,"https://de.wikipedia.org/wiki/Deutsche_Sprache"
"54 %","54 %","COLLOCATION",0,845,2,"https://de.wikipedia.org/wiki/Deutsche_Sprache"
"Wolfgang","wolfgang","COMPOUND_NOUN",0,800,1,"https://de.wikipedia.org/wiki/Deutsche_Sprache"
"im Gegensatz","im gegensatz","COLLOCATION",0,671,2,"https://de.wikipedia.org/wiki/Deutsche_Sprache"
"Seminar","seminar","COMPOUND_NOUN",0,800,1,"https://de.wikipedia.org/wiki/Deutsche_Sprache"
"Mischsprache","mischsprache","COMPOUND_NOUN",0,800,1,"https://de.wikipedia.org/wiki/Deutsche_Sprache"
"eine von","eine von","PHRASAL_VERB",0,700,2,"https://de.wikipedia.org/wiki/Deutsche_Sprache"
"Treffen","treffen","COMPOUND_NOUN",0,800,1,"https://de.wikipedia.org/wiki/Deutsche_Sprache"
"zwischen den","zwischen den","COLLOCATION",0,524,2,"https://de.wikipedia.org/wiki/Deutsche_Sprache"
"Dialekte","dialekte","COMPOUND_NOUN",0,800,1,"https://de.wikipedia.org/wiki/Deutsche_Sprache"
"zur Deutschsprachigen","zur deutschsprachigen","COLLOCATION",0,637,2,"https://de.wikipedia.org/wiki/Deutsche_Sprache"
"rund 2,5","rund 2,5","COLLOCATION",0,895,2,"https://de.wikipedia.org/wiki/Deutsche_Sprache"
"Faktoren","faktoren","COMPOUND_NOUN",0,800,1,"https://de.wikipedia.org/wiki/Deutsche_Sprache"
"Italienisch und","italienisch und","COLLOCATION",0,526,2,"https://de.wikipedia.org/wiki/Deutsche_Sprache"
"Sprechern wird","sprechern wird","COLLOCATION",0,600,2,"https://de.wikipedia.org/wiki/Deutsche_Sprache"
"Espírito Santo","espírito santo","COLLOCATION",1,000,2,"https://de.wikipedia.org/wiki/Deutsche_Sprache"
"zu den","zu den","PHRASAL_VERB",0,750,2,"https://de.wikipedia.org/wiki/Deutsche_Sprache"
"Darmstadt 2013","darmstadt 2013","COLLOCATION",0,600,2,"https://de.wikipedia.org/wiki/Deutsche_Sprache"
"zu der","zu der","PHRASAL_VERB",0,750,2,"https://de.wikipedia.org/wiki/Deutsche_Sprache"
"zu des","zu des","PHRASAL_VERB",0,750,2,"https://de.wikipedia.org/wiki/Deutsche_Sprache"
"Westmitteldeutsch Mittelfränkisch","westmitteldeutsch mittelfränkisch","COLLOCATION",1,000,2,"https://de.wikipedia.org/wiki/Deutsche_Sprache"
"Textkorpus der","textkorpus der","COLLOCATION",0,600,2,"https://de.wikipedia.org/wiki/Deutsche_Sprache"
"Catarina und","catarina und","COLLOCATION",0,558,2,"https://de.wikipedia.org/wiki/Deutsche_Sprache"
"Erhebung","erhebung","COMPOUND_NOUN",0,800,1,"https://de.wikipedia.org/wiki/Deutsche_Sprache"
"auf gestellte","auf gestellte","PHRASAL_VERB",0,750,2,"https://de.wikipedia.org/wiki/Deutsche_Sprache"
"- Studie","- studie","COLLOCATION",0,531,2,"https://de.wikipedia.org/wiki/Deutsche_Sprache"
"wie sämtliche","wi sämtliche","COLLOCATION",0,600,2,"https://de.wikipedia.org/wiki/Deutsche_Sprache"
"Weissenburg","weissenburg","COMPOUND_NOUN",0,800,1,"https://de.wikipedia.org/wiki/Deutsche_Sprache"
"kooffizielle Sprache","kooffizielle sprache","COLLOCATION",0,729,2,"https://de.wikipedia.org/wiki/Deutsche_Sprache"
"um den","um den","PHRASAL_VERB",0,750,2,"https://de.wikipedia.org/wiki/Deutsche_Sprache"
"nach rund","nach rund","PHRASAL_VERB",0,750,2,"https://de.wikipedia.org/wiki/Deutsche_Sprache"
"Synonyme","synonyme","COMPOUND_NOUN",0,800,1,"https://de.wikipedia.org/wiki/Deutsche_Sprache"
"Riograndenser Hunsrückisch","riograndenser hunsrückisch","COLLOCATION",1,000,2,"https://de.wikipedia.org/wiki/Deutsche_Sprache"
"im engeren","im engeren","COLLOCATION",0,671,2,"https://de.wikipedia.org/wiki/Deutsche_Sprache"
"deutschen Sprache","deutschen sprach","COLLOCATION",0,658,2,"https://de.wikipedia.org/wiki/Deutsche_Sprache"
"Europäischen Kommission","europäisch kommission","COLLOCATION",1,000,2,"https://de.wikipedia.org/wiki/Deutsche_Sprache"
"purism in","purism in","COLLOCATION",0,540,2,"https://de.wikipedia.org/wiki/Deutsche_Sprache"
"↑ Website","↑ website","COLLOCATION",0,655,2,"https://de.wikipedia.org/wiki/Deutsche_Sprache"
"um des","um des","PHRASAL_VERB",0,750,2,"https://de.wikipedia.org/wiki/Deutsche_Sprache"
"den mitteldeutschenmittelfränkischen und","den mitteldeutschenmittelfränkisch und","COLLOCATION",0,650,3,"https://de.wikipedia.org/wiki/Deutsche_Sprache"
"Sprache von","sprach von","COLLOCATION",0,600,2,"https://de.wikipedia.org/wiki/Deutsche_Sprache"
"Regeln für","regeln für","COLLOCATION",0,750,2,"https://de.wikipedia.org/wiki/Deutsche_Sprache"
"wird jedoch","wird jedoch","COLLOCATION",0,600,2,"https://de.wikipedia.org/wiki/Deutsche_Sprache"
"Amts -","amts -","COLLOCATION",0,712,2,"https://de.wikipedia.org/wiki/Deutsche_Sprache"
"Sprache vor","sprach vor","COLLOCATION",0,600,2,"https://de.wikipedia.org/wiki/Deutsche_Sprache"
"Minderheitensprachen","minderheitensprachen","COMPOUND_NOUN",0,800,1,"https://de.wikipedia.org/wiki/Deutsche_Sprache"
"die zahlenmässig bedeutendste","die zahlenmässig bedeutendste","COLLOCATION",0,650,3,"https://de.wikipedia.org/wiki/Deutsche_Sprache"
"Um die","um die","PHRASAL_VERB",0,750,2,"https://de.wikipedia.org/wiki/Deutsche_Sprache"
"-11-019298- 8","-11-019298- 8","COLLOCATION",1,000,2,"https://de.wikipedia.org/wiki/Deutsche_Sprache"
"Arbeitsleistung","arbeitsleistung","COMPOUND_NOUN",0,800,1,"https://de.wikipedia.org/wiki/Deutsche_Sprache"
"de Bobsleigh","de bobsleigh","COLLOCATION",0,845,2,"https://de.wikipedia.org/wiki/Deutsche_Sprache"
"die an","die an","PHRASAL_VERB",0,700,2,"https://de.wikipedia.org/wiki/Deutsche_Sprache"
"einer Definition","einer definition","COLLOCATION",0,888,2,"https://de.wikipedia.org/wiki/Deutsche_Sprache"
"- Lothringisch","- lothringisch","COLLOCATION",0,712,2,"https://de.wikipedia.org/wiki/Deutsche_Sprache"
"národnostné menšiny","národnostné menšiny","COLLOCATION",0,600,2,"https://de.wikipedia.org/wiki/Deutsche_Sprache"
"Dialektologie des","dialektologie des","COLLOCATION",0,636,2,"https://de.wikipedia.org/wiki/Deutsche_Sprache"
"Grande do","grande do","COLLOCATION",1,000,2,"https://de.wikipedia.org/wiki/Deutsche_Sprache"
"den teils","den teils","COLLOCATION",0,600,2,"https://de.wikipedia.org/wiki/Deutsche_Sprache"
"Wortschatz","wortschatz","COMPOUND_NOUN",0,800,1,"https://de.wikipedia.org/wiki/Deutsche_Sprache"
"Gebietes","gebietes","COMPOUND_NOUN",0,800,1,"https://de.wikipedia.org/wiki/Deutsche_Sprache"
"Handballföderation –","handballföderation –","COLLOCATION",0,771,2,"https://de.wikipedia.org/wiki/Deutsche_Sprache"
"ein besonderer Zuschlag","ein besonder zuschlag","COLLOCATION",0,650,3,"https://de.wikipedia.org/wiki/Deutsche_Sprache"
"die sich bemühen","die sich bemühen","COLLOCATION",0,650,3,"https://de.wikipedia.org/wiki/Deutsche_Sprache"
"über Deckung","über deckung","PHRASAL_VERB",0,750,2,"https://de.wikipedia.org/wiki/Deutsche_Sprache"
"Landessprache","landessprache","COMPOUND_NOUN",0,800,1,"https://de.wikipedia.org/wiki/Deutsche_Sprache"
"das Texasdeutsch sind","das texasdeutsch sind","COLLOCATION",0,650,3,"https://de.wikipedia.org/wiki/Deutsche_Sprache"
"Histórico E","histórico e","COLLOCATION",1,000,2,"https://de.wikipedia.org/wiki/Deutsche_Sprache"
"Bairisch Nordbairisch","bairisch nordbairisch","COLLOCATION",1,000,2,"https://de.wikipedia.org/wiki/Deutsche_Sprache"
"Polnische","polnische","COMPOUND_NOUN",0,800,1,"https://de.wikipedia.org/wiki/Deutsche_Sprache"
"grössten elsässischen","grössten elsässischen","COLLOCATION",0,955,2,"https://de.wikipedia.org/wiki/Deutsche_Sprache"
"der Elsässer gaben","der elsäss gaben","COLLOCATION",0,650,3,"https://de.wikipedia.org/wiki/Deutsche_Sprache"
"kulturelles Erbe","kulturelles erbe","COLLOCATION",1,000,2,"https://de.wikipedia.org/wiki/Deutsche_Sprache"
"Ratifizierung","ratifizierung","COMPOUND_NOUN",0,800,1,"https://de.wikipedia.org/wiki/Deutsche_Sprache"
"90 bis","90 bis","COLLOCATION",0,770,2,"https://de.wikipedia.org/wiki/Deutsche_Sprache"
"auf eine","auf eine","PHRASAL_VERB",0,750,2,"https://de.wikipedia.org/wiki/Deutsche_Sprache"
"wurde sie","wurde sie","COLLOCATION",0,567,2,"https://de.wikipedia.org/wiki/Deutsche_Sprache"
"kam es","kam es","COLLOCATION",0,802,2,"https://de.wikipedia.org/wiki/Deutsche_Sprache"
"Euromosaic study","euromosaic study","COLLOCATION",1,000,2,"https://de.wikipedia.org/wiki/Deutsche_Sprache"
"Wahrscheinlichkeit","wahrscheinlichkeit","COMPOUND_NOUN",0,800,1,"https://de.wikipedia.org/wiki/Deutsche_Sprache"
"allem unter","allem unter","COLLOCATION",0,639,2,"https://de.wikipedia.org/wiki/Deutsche_Sprache"
"Mittelbairisch Südbairisch","mittelbairisch südbairisch","COLLOCATION",1,000,2,"https://de.wikipedia.org/wiki/Deutsche_Sprache"
"Geschichtsschreibung","geschichtsschreibung","COMPOUND_NOUN",0,800,1,"https://de.wikipedia.org/wiki/Deutsche_Sprache"
"ein ist","ein ist","PHRASAL_VERB",0,750,2,"https://de.wikipedia.org/wiki/Deutsche_Sprache"
"Französisch 55,7","französisch 55,7","COLLOCATION",0,600,2,"https://de.wikipedia.org/wiki/Deutsche_Sprache"
"Zeitung","zeitung","COMPOUND_NOUN",0,800,1,"https://de.wikipedia.org/wiki/Deutsche_Sprache"
"deutsche Kolonie","deutsche kolonie","COLLOCATION",0,745,2,"https://de.wikipedia.org/wiki/Deutsche_Sprache"
"Nordniedersächsisch (","nordniedersächsisch (","COLLOCATION",0,559,2,"https://de.wikipedia.org/wiki/Deutsche_Sprache"
"und politische","und politische","COLLOCATION",0,600,2,"https://de.wikipedia.org/wiki/Deutsche_Sprache"
"im Jahr","im jahr","COLLOCATION",0,593,2,"https://de.wikipedia.org/wiki/Deutsche_Sprache"
"meisten dieser","meisten dieser","COLLOCATION",0,721,2,"https://de.wikipedia.org/wiki/Deutsche_Sprache"
"Deutschen","deutschen","COMPOUND_NOUN",0,800,1,"https://de.wikipedia.org/wiki/Deutsche_Sprache"
"Deutsches","deutsches","COMPOUND_NOUN",0,800,1,"https://de.wikipedia.org/wiki/Deutsche_Sprache"
"Österreichisches Deutsch","österreichisches deutsch","NAMED_ENTITY",0,850,2,"https://de.wikipedia.org/wiki/Deutsche_Sprache"
"im Norden","im nord","COLLOCATION",0,571,2,"https://de.wikipedia.org/wiki/Deutsche_Sprache"
"zu einem","zu einem","COLLOCATION",0,628,2,"https://de.wikipedia.org/wiki/Deutsche_Sprache"
"lassen sich","lassen sich","COLLOCATION",0,791,2,"https://de.wikipedia.org/wiki/Deutsche_Sprache"
"maximal rund","maximal rund","COLLOCATION",0,600,2,"https://de.wikipedia.org/wiki/Deutsche_Sprache"
"gemäss Teil","gemäss teil","COLLOCATION",0,877,2,"https://de.wikipedia.org/wiki/Deutsche_Sprache"
"November 2009","november 2009","COLLOCATION",0,922,2,"https://de.wikipedia.org/wiki/Deutsche_Sprache"
"Gesellschaft","gesellschaft","COMPOUND_NOUN",0,800,1,"https://de.wikipedia.org/wiki/Deutsche_Sprache"
"zu einer","zu einer","COLLOCATION",0,524,2,"https://de.wikipedia.org/wiki/Deutsche_Sprache"
"Tobogganing –","tobogganing –","COLLOCATION",0,771,2,"https://de.wikipedia.org/wiki/Deutsche_Sprache"
"zu Hause","zu hause","COLLOCATION",0,786,2,"https://de.wikipedia.org/wiki/Deutsche_Sprache"
": dtv-",": dtv-","COLLOCATION",0,630,2,"https://de.wikipedia.org/wiki/Deutsche_Sprache"
"dem Jahre","dem jahre","COLLOCATION",0,651,2,"https://de.wikipedia.org/wiki/Deutsche_Sprache"
"Strom ""","strom ""","COLLOCATION",0,597,2,"https://de.wikipedia.org/wiki/Deutsche_Sprache"
"nicht nur","nicht nur","COLLOCATION",0,600,2,"https://de.wikipedia.org/wiki/Deutsche_Sprache"
"Prozent","prozent","COMPOUND_NOUN",0,800,1,"https://de.wikipedia.org/wiki/Deutsche_Sprache"
"Diphthongierung","diphthongierung","COMPOUND_NOUN",0,800,1,"https://de.wikipedia.org/wiki/Deutsche_Sprache"
"den Niederlanden","den niederlanden","COLLOCATION",0,715,2,"https://de.wikipedia.org/wiki/Deutsche_Sprache"
"spoken in","spoken in","PHRASAL_VERB",0,700,2,"https://de.wikipedia.org/wiki/Deutsche_Sprache"
"Österreichisches BGBl","österreichisches bgbl","NAMED_ENTITY",0,850,2,"https://de.wikipedia.org/wiki/Deutsche_Sprache"
"haben sich","haben sich","COLLOCATION",0,516,2,"https://de.wikipedia.org/wiki/Deutsche_Sprache"
"↑ Werner","↑ werner","COLLOCATION",0,555,2,"https://de.wikipedia.org/wiki/Deutsche_Sprache"
"die bis","die bis","PHRASAL_VERB",0,700,2,"https://de.wikipedia.org/wiki/Deutsche_Sprache"
"Gemeindeutsch","gemeindeutsch","COMPOUND_NOUN",0,800,1,"https://de.wikipedia.org/wiki/Deutsche_Sprache"
"sich weigern","sich weigern","COLLOCATION",0,600,2,"https://de.wikipedia.org/wiki/Deutsche_Sprache"
"englische Sprache","englische sprache","COLLOCATION",0,607,2,"https://de.wikipedia.org/wiki/Deutsche_Sprache"
"sich bemühen","sich bemühen","COLLOCATION",0,600,2,"https://de.wikipedia.org/wiki/Deutsche_Sprache"
"regional verständliches","regional verständliches","COLLOCATION",0,600,2,"https://de.wikipedia.org/wiki/Deutsche_Sprache"
"meisten Ländern","meisten ländern","COLLOCATION",0,828,2,"https://de.wikipedia.org/wiki/Deutsche_Sprache"
"Schwedisches","schwedisches","COMPOUND_NOUN",0,800,1,"https://de.wikipedia.org/wiki/Deutsche_Sprache"
"( Hrsg","( hrsg","COLLOCATION",0,559,2,"https://de.wikipedia.org/wiki/Deutsche_Sprache"
"Einteilung","einteilung","COMPOUND_NOUN",0,800,1,"https://de.wikipedia.org/wiki/Deutsche_Sprache"
"Schriftform","schriftform","COMPOUND_NOUN",0,800,1,"https://de.wikipedia.org/wiki/Deutsche_Sprache"
"Eurobarometer rund","eurobarometer rund","COLLOCATION",0,749,2,"https://de.wikipedia.org/wiki/Deutsche_Sprache"
"Deutschsprachigen Gemeinschaft","deutschsprachigen gemeinschaft","COLLOCATION",0,998,2,"https://de.wikipedia.org/wiki/Deutsche_Sprache"
"Deutschkenntnissen","deutschkenntnissen","COMPOUND_NOUN",0,800,1,"https://de.wikipedia.org/wiki/Deutsche_Sprache"
"Erzgebirgisch Hohenlohisch","erzgebirgisch hohenlohisch","COLLOCATION",1,000,2,"https://de.wikipedia.org/wiki/Deutsche_Sprache"
"-Vorpommersch Niederpreussisch","-vorpommersch niederpreussisch","COLLOCATION",1,000,2,"https://de.wikipedia.org/wiki/Deutsche_Sprache"
"and Languages","and languages","COLLOCATION",0,852,2,"https://de.wikipedia.org/wiki/Deutsche_Sprache"
"( Kolonialdialekte","( kolonialdialekte","COLLOCATION",0,559,2,"https://de.wikipedia.org/wiki/Deutsche_Sprache"
"Associations –","associations –","COLLOCATION",0,771,2,"https://de.wikipedia.org/wiki/Deutsche_Sprache"
"Englisch","englisch","COMPOUND_NOUN",0,800,1,"https://de.wikipedia.org/wiki/Deutsche_Sprache"
"verstanden werden","verstanden werden","COLLOCATION",0,794,2,"https://de.wikipedia.org/wiki/Deutsche_Sprache"
"Eigennamen","eigennamen","COMPOUND_NOUN",0,800,1,"https://de.wikipedia.org/wiki/Deutsche_Sprache"
"Das Niederdeutsche","das niederdeutsche","COLLOCATION",0,553,2,"https://de.wikipedia.org/wiki/Deutsche_Sprache"
"ehemalige Amtsinhaber","ehemalige amtsinhaber","COLLOCATION",0,951,2,"https://de.wikipedia.org/wiki/Search_Result_0"
"als erster","als erster","COLLOCATION",0,736,2,"https://de.wikipedia.org/wiki/Search_Result_0"
"vorgeschlagenen Kandidaten","vorgeschlagenen kandidaten","COLLOCATION",1,000,2,"https://de.wikipedia.org/wiki/Search_Result_0"
"überhaupt der","überhaupt der","COLLOCATION",0,600,2,"https://de.wikipedia.org/wiki/Search_Result_0"
"uneingeschränkte Personalhoheit","uneingeschränkt personalhoheit","COLLOCATION",0,600,2,"https://de.wikipedia.org/wiki/Search_Result_0"
"kam als","kam als","COLLOCATION",0,577,2,"https://de.wikipedia.org/wiki/Search_Result_0"
"die Fokussierung auf","die fokussierung auf","COLLOCATION",0,650,3,"https://de.wikipedia.org/wiki/Search_Result_0"
"über wenn","über wenn","PHRASAL_VERB",0,750,2,"https://de.wikipedia.org/wiki/Search_Result_0"
"der Betrag gekürzt","der betrag gekürzt","COLLOCATION",0,650,3,"https://de.wikipedia.org/wiki/Search_Result_0"
"starken Einfluss","starken einfluss","COLLOCATION",1,000,2,"https://de.wikipedia.org/wiki/Search_Result_0"
"Versuch gemacht","versuch gemacht","COLLOCATION",0,600,2,"https://de.wikipedia.org/wiki/Search_Result_0"
"Politisches","politisches","COMPOUND_NOUN",0,800,1,"https://de.wikipedia.org/wiki/Search_Result_0"
"dass sie","dass sie","COLLOCATION",0,551,2,"https://de.wikipedia.org/wiki/Search_Result_0"
"August 2022","august 2022","COLLOCATION",0,847,2,"https://de.wikipedia.org/wiki/Search_Result_0"
"Staatsstreiches durch","staatsstreiches durch","PHRASAL_VERB",0,700,2,"https://de.wikipedia.org/wiki/Search_Result_0"
"Rechtsliteratur","rechtsliteratur","COMPOUND_NOUN",0,800,1,"https://de.wikipedia.org/wiki/Search_Result_0"
"Wahl annimmt","wahl annimmt","COLLOCATION",0,600,2,"https://de.wikipedia.org/wiki/Search_Result_0"
"Gunst der","gunst der","COLLOCATION",0,600,2,"https://de.wikipedia.org/wiki/Search_Result_0"
"Errungenschaft","errungenschaft","COMPOUND_NOUN",0,800,1,"https://de.wikipedia.org/wiki/Search_Result_0"
"Gründen nicht","gründ nicht","COLLOCATION",0,600,2,"https://de.wikipedia.org/wiki/Search_Result_0"
"Nullrunde","nullrunde","COMPOUND_NOUN",0,800,1,"https://de.wikipedia.org/wiki/Search_Result_0"
"zwar nicht","zwar nicht","COLLOCATION",0,600,2,"https://de.wikipedia.org/wiki/Search_Result_0"
"Gesamtsumme","gesamtsumme","COMPOUND_NOUN",0,800,1,"https://de.wikipedia.org/wiki/Search_Result_0"
"aus Staaten","aus staaten","PHRASAL_VERB",0,750,2,"https://de.wikipedia.org/wiki/Search_Result_0"
"Politisches System","politisches system","NAMED_ENTITY",0,850,2,"https://de.wikipedia.org/wiki/Search_Result_0"
"( Art","( art","COLLOCATION",0,570,2,"https://de.wikipedia.org/wiki/Search_Result_0"
"innenpolitischen Fragen","innenpolitisch fragen","COLLOCATION",0,951,2,"https://de.wikipedia.org/wiki/Search_Result_0"
"Bundeskanzler Scholz","bundeskanzler scholz","NAMED_ENTITY",0,850,2,"https://de.wikipedia.org/wiki/Search_Result_0"
"Jahre lang","jahre lang","COLLOCATION",0,918,2,"https://de.wikipedia.org/wiki/Search_Result_0"
"Vorsitzender","vorsitzender","COMPOUND_NOUN",0,800,1,"https://de.wikipedia.org/wiki/Search_Result_0"
"die Befehls","die befehls","COLLOCATION",0,529,2,"https://de.wikipedia.org/wiki/Search_Result_0"
"Wahl eines","wahl eines","COLLOCATION",0,535,2,"https://de.wikipedia.org/wiki/Search_Result_0"
"und warfen","und warfen","COLLOCATION",0,600,2,"https://de.wikipedia.org/wiki/Search_Result_0"
"in denen","in denen","COLLOCATION",0,589,2,"https://de.wikipedia.org/wiki/Search_Result_0"
"Olaf Scholz","olaf scholz","COLLOCATION",0,900,2,"https://de.wikipedia.org/wiki/Search_Result_0"
"Brentano","brentano","COMPOUND_NOUN",0,800,1,"https://de.wikipedia.org/wiki/Search_Result_0"
"- 16-162394-3","- 16-162394-3","COLLOCATION",0,828,2,"https://de.wikipedia.org/wiki/Search_Result_0"
"Rücksicht nehmen","rücksicht nehmen","COLLOCATION",1,000,2,"https://de.wikipedia.org/wiki/Search_Result_0"
"Politisch","politisch","COMPOUND_NOUN",0,800,1,"https://de.wikipedia.org/wiki/Search_Result_0"
"vom Staatsoberhaupt","vom staatsoberhaupt","COLLOCATION",0,828,2,"https://de.wikipedia.org/wiki/Search_Result_0"
"Von 1949","von 1949","COLLOCATION",0,572,2,"https://de.wikipedia.org/wiki/Search_Result_0"
"die internationale Finanzkrise","die international finanzkrise","COLLOCATION",0,650,3,"https://de.wikipedia.org/wiki/Search_Result_0"
"Etat des","etat des","COLLOCATION",0,601,2,"https://de.wikipedia.org/wiki/Search_Result_0"
"am jüngsten","am jüngsten","COLLOCATION",0,784,2,"https://de.wikipedia.org/wiki/Search_Result_0"
"zeitweilig nur","zeitweilig nur","COLLOCATION",0,600,2,"https://de.wikipedia.org/wiki/Search_Result_0"
"einen Nachfolger","einen nachfolger","COLLOCATION",0,689,2,"https://de.wikipedia.org/wiki/Search_Result_0"
"Zivilprozessordnung","zivilprozessordnung","COMPOUND_NOUN",0,800,1,"https://de.wikipedia.org/wiki/Search_Result_0"
"muss jedoch","muss jedoch","COLLOCATION",0,586,2,"https://de.wikipedia.org/wiki/Search_Result_0"
"Zustimmung","zustimmung","COMPOUND_NOUN",0,800,1,"https://de.wikipedia.org/wiki/Search_Result_0"
"Audiodatei verfügbar","audiodatei verfügbar","COLLOCATION",0,600,2,"https://de.wikipedia.org/wiki/Search_Result_0"
"Ampelkoalition","ampelkoalition","COMPOUND_NOUN",0,800,1,"https://de.wikipedia.org/wiki/Search_Result_0"
": Hans",": hans","COLLOCATION",0,623,2,"https://de.wikipedia.org/wiki/Search_Result_0"
"auf ersten","auf ersten","PHRASAL_VERB",0,750,2,"https://de.wikipedia.org/wiki/Search_Result_0"
"zu entlassen","zu entlassen","COLLOCATION",0,593,2,"https://de.wikipedia.org/wiki/Search_Result_0"
"unpopuläre Dinge","unpopulär dinge","COLLOCATION",0,600,2,"https://de.wikipedia.org/wiki/Search_Result_0"
"wählen zu","wählen zu","PHRASAL_VERB",0,700,2,"https://de.wikipedia.org/wiki/Search_Result_0"
"Opposition","opposition","COMPOUND_NOUN",0,800,1,"https://de.wikipedia.org/wiki/Search_Result_0"
""" geschäftsführenden",""" geschäftsführenden","COLLOCATION",0,613,2,"https://de.wikipedia.org/wiki/Search_Result_0"
"Innensenator","innensenator","COMPOUND_NOUN",0,800,1,"https://de.wikipedia.org/wiki/Search_Result_0"
"ehemaligen Bundeskanzlern","ehemaligen bundeskanzlern","COLLOCATION",1,000,2,"https://de.wikipedia.org/wiki/Search_Result_0"
"1949 bis","1949 bis","COLLOCATION",0,687,2,"https://de.wikipedia.org/wiki/Search_Result_0"
"das Ende","das ende","COLLOCATION",0,559,2,"https://de.wikipedia.org/wiki/Search_Result_0"
"Wichtiges","wichtiges","COMPOUND_NOUN",0,800,1,"https://de.wikipedia.org/wiki/Search_Result_0"
"Wikipedia","wikipedia","COMPOUND_NOUN",0,800,1,"https://de.wikipedia.org/wiki/Search_Result_0"
"Ministerien verlassen","ministeri verlassen","COLLOCATION",0,600,2,"https://de.wikipedia.org/wiki/Search_Result_0"
""" geschäftsführender",""" geschäftsführender","COLLOCATION",0,671,2,"https://de.wikipedia.org/wiki/Search_Result_0"
"die in","die in","PHRASAL_VERB",0,700,2,"https://de.wikipedia.org/wiki/Search_Result_0"
"Findet bei","findet bei","PHRASAL_VERB",0,700,2,"https://de.wikipedia.org/wiki/Search_Result_0"
"etwa als","etwa als","COLLOCATION",0,555,2,"https://de.wikipedia.org/wiki/Search_Result_0"
"benötigt zu","benötigt zu","PHRASAL_VERB",0,700,2,"https://de.wikipedia.org/wiki/Search_Result_0"
"Aufbaus","aufbaus","COMPOUND_NOUN",0,800,1,"https://de.wikipedia.org/wiki/Search_Result_0"
"a b","a b","COLLOCATION",0,930,2,"https://de.wikipedia.org/wiki/Search_Result_0"
"Website","website","COMPOUND_NOUN",0,800,1,"https://de.wikipedia.org/wiki/Search_Result_0"
"Regierungsamt Deutschlands","regierungsamt deutschlands","NAMED_ENTITY",0,850,2,"https://de.wikipedia.org/wiki/Search_Result_0"
"Reichstags","reichstags","COMPOUND_NOUN",0,800,1,"https://de.wikipedia.org/wiki/Search_Result_0"
"Bundestages","bundestages","COMPOUND_NOUN",0,800,1,"https://de.wikipedia.org/wiki/Search_Result_0"
"Besonders","besonders","COMPOUND_NOUN",0,800,1,"https://de.wikipedia.org/wiki/Search_Result_0"
"aus Regierung","aus regierung","PHRASAL_VERB",0,750,2,"https://de.wikipedia.org/wiki/Search_Result_0"
"– neben","– neben","COLLOCATION",0,704,2,"https://de.wikipedia.org/wiki/Search_Result_0"
"zu eine","zu eine","PHRASAL_VERB",0,750,2,"https://de.wikipedia.org/wiki/Search_Result_0"
"Kommandogewalt über","kommandogewalt über","COLLOCATION",0,869,2,"https://de.wikipedia.org/wiki/Search_Result_0"
"das Kollegialprinzip","das kollegialprinzip","COLLOCATION",0,633,2,"https://de.wikipedia.org/wiki/Search_Result_0"
"§ 11","§ 11","COLLOCATION",0,836,2,"https://de.wikipedia.org/wiki/Search_Result_0"
"Wort des","wort des","COLLOCATION",0,528,2,"https://de.wikipedia.org/wiki/Search_Result_0"
"denen gegen","denen gegen","PHRASAL_VERB",0,700,2,"https://de.wikipedia.org/wiki/Search_Result_0"
"den sprachlichen","den sprachlichen","COLLOCATION",0,600,2,"https://de.wikipedia.org/wiki/Search_Result_0"
"wichtige Rolle","wichtige rolle","COLLOCATION",0,900,2,"https://de.wikipedia.org/wiki/Search_Result_0"
""" Vorsitzender",""" vorsitzender","COLLOCATION",0,613,2,"https://de.wikipedia.org/wiki/Search_Result_0"
"die transatlantische Partnerschaft","die transatlantisch partnerschaft","COLLOCATION",0,650,3,"https://de.wikipedia.org/wiki/Search_Result_0"
"Kanzlermehrheit","kanzlermehrheit","COMPOUND_NOUN",0,800,1,"https://de.wikipedia.org/wiki/Search_Result_0"
"Stellvertreter","stellvertreter","COMPOUND_NOUN",0,800,1,"https://de.wikipedia.org/wiki/Search_Result_0"
"Bundesaussenminister","bundesaussenminister","COMPOUND_NOUN",0,800,1,"https://de.wikipedia.org/wiki/Search_Result_0"
"erster Bundeskanzler","erster bundeskanzler","COLLOCATION",0,652,2,"https://de.wikipedia.org/wiki/Search_Result_0"
"Ressortprinzip","ressortprinzip","COMPOUND_NOUN",0,800,1,"https://de.wikipedia.org/wiki/Search_Result_0"
"Rekordarbeitslosigkeit","rekordarbeitslosigkeit","COMPOUND_NOUN",0,800,1,"https://de.wikipedia.org/wiki/Search_Result_0"
"noch einer","noch einer","COLLOCATION",0,527,2,"https://de.wikipedia.org/wiki/Search_Result_0"
"Die Konstruktion","die konstruktion","COLLOCATION",0,529,2,"https://de.wikipedia.org/wiki/Search_Result_0"
"Wirtschaftswunder","wirtschaftswunder","COMPOUND_NOUN",0,800,1,"https://de.wikipedia.org/wiki/Search_Result_0"
"Erst seit","erst seit","COLLOCATION",0,600,2,"https://de.wikipedia.org/wiki/Search_Result_0"
"Wahlphasen","wahlphasen","COMPOUND_NOUN",0,800,1,"https://de.wikipedia.org/wiki/Search_Result_0"
"Amtsbezeichnung mit","amtsbezeichnung mit","COLLOCATION",0,600,2,"https://de.wikipedia.org/wiki/Search_Result_0"
"Strafprozessordnung bzw","strafprozessordnung bzw","COLLOCATION",0,600,2,"https://de.wikipedia.org/wiki/Search_Result_0"
"Bürgerin","bürgerin","COMPOUND_NOUN",0,800,1,"https://de.wikipedia.org/wiki/Search_Result_0"
"sei ein","sei ein","COLLOCATION",0,584,2,"https://de.wikipedia.org/wiki/Search_Result_0"
"setzte sich","setzte sich","COLLOCATION",0,683,2,"https://de.wikipedia.org/wiki/Search_Result_0"
"seinem Rücktritt","seinem rücktritt","COLLOCATION",0,649,2,"https://de.wikipedia.org/wiki/Search_Result_0"
"Fachminister","fachminister","COMPOUND_NOUN",0,800,1,"https://de.wikipedia.org/wiki/Search_Result_0"
"Ratgeber","ratgeber","COMPOUND_NOUN",0,800,1,"https://de.wikipedia.org/wiki/Search_Result_0"
"Minister","minister","COMPOUND_NOUN",0,800,1,"https://de.wikipedia.org/wiki/Search_Result_0"
"Landtagswahl","landtagswahl","COMPOUND_NOUN",0,800,1,"https://de.wikipedia.org/wiki/Search_Result_0"
"Rededuelle","rededuelle","COMPOUND_NOUN",0,800,1,"https://de.wikipedia.org/wiki/Search_Result_0"
"mehr als","mehr als","COLLOCATION",0,536,2,"https://de.wikipedia.org/wiki/Search_Result_0"
"bezeichnet wurde","bezeichnet wurde","COLLOCATION",0,715,2,"https://de.wikipedia.org/wiki/Search_Result_0"
"ein formales","ein formales","PHRASAL_VERB",0,750,2,"https://de.wikipedia.org/wiki/Search_Result_0"
"zu ging","zu ging","PHRASAL_VERB",0,750,2,"https://de.wikipedia.org/wiki/Search_Result_0"
"des Grundgesetzes","des grundgesetzes","COLLOCATION",0,601,2,"https://de.wikipedia.org/wiki/Search_Result_0"
"mit denen","mit denen","PHRASAL_VERB",0,750,2,"https://de.wikipedia.org/wiki/Search_Result_0"
"Bundesministeriums","bundesministeriums","COMPOUND_NOUN",0,800,1,"https://de.wikipedia.org/wiki/Search_Result_0"
"Gesundheitsreform","gesundheitsreform","COMPOUND_NOUN",0,800,1,"https://de.wikipedia.org/wiki/Search_Result_0"
"und führt","und führt","COLLOCATION",0,600,2,"https://de.wikipedia.org/wiki/Search_Result_0"
"Amtsunfähigkeit","amtsunfähigkeit","COMPOUND_NOUN",0,800,1,"https://de.wikipedia.org/wiki/Search_Result_0"
"Wehrpflicht","wehrpflicht","COMPOUND_NOUN",0,800,1,"https://de.wikipedia.org/wiki/Search_Result_0"
"Gebrauch macht","gebrauch macht","COLLOCATION",0,600,2,"https://de.wikipedia.org/wiki/Search_Result_0"
"Amtsführung","amtsführung","COMPOUND_NOUN",0,800,1,"https://de.wikipedia.org/wiki/Search_Result_0"
"dieser auf","dies auf","COLLOCATION",0,600,2,"https://de.wikipedia.org/wiki/Search_Result_0"
"unter guten","unter guten","PHRASAL_VERB",0,750,2,"https://de.wikipedia.org/wiki/Search_Result_0"
"um eine","um eine","PHRASAL_VERB",0,750,2,"https://de.wikipedia.org/wiki/Search_Result_0"
""" Frau",""" frau","COLLOCATION",0,539,2,"https://de.wikipedia.org/wiki/Search_Result_0"
"während seiner","während seiner","COLLOCATION",0,543,2,"https://de.wikipedia.org/wiki/Search_Result_0"
"Auswahlbeschränkung","auswahlbeschränkung","COMPOUND_NOUN",0,800,1,"https://de.wikipedia.org/wiki/Search_Result_0"
"Wählern beliebt","wählern beliebt","COLLOCATION",0,600,2,"https://de.wikipedia.org/wiki/Search_Result_0"
"mit stabilen","mit stabilen","PHRASAL_VERB",0,750,2,"https://de.wikipedia.org/wiki/Search_Result_0"
"des Amtes","des amtes","COLLOCATION",0,569,2,"https://de.wikipedia.org/wiki/Search_Result_0"
"Das Grundgesetz","das grundgesetz","COLLOCATION",0,504,2,"https://de.wikipedia.org/wiki/Search_Result_0"
"im Bundesrat","im bundesrat","COLLOCATION",0,571,2,"https://de.wikipedia.org/wiki/Search_Result_0"
"Vereidigung","vereidigung","COMPOUND_NOUN",0,800,1,"https://de.wikipedia.org/wiki/Search_Result_0"
"Bundestagsfraktion","bundestagsfraktion","COMPOUND_NOUN",0,800,1,"https://de.wikipedia.org/wiki/Search_Result_0"
"zur Vertrauensfrage","zur vertrauensfrage","COLLOCATION",0,636,2,"https://de.wikipedia.org/wiki/Search_Result_0"
"Bundeskanzlerin gewählt","bundeskanzlerin gewählt","COLLOCATION",0,725,2,"https://de.wikipedia.org/wiki/Search_Result_0"
"erstmals in","erstmals in","COLLOCATION",0,530,2,"https://de.wikipedia.org/wiki/Search_Result_0"
"GG )","gg )","COLLOCATION",0,659,2,"https://de.wikipedia.org/wiki/Search_Result_0"
"Bundeskanzlers gemäss","bundeskanzlers gemäss","COLLOCATION",0,651,2,"https://de.wikipedia.org/wiki/Search_Result_0"
"Parteivorsitz","parteivorsitz","COMPOUND_NOUN",0,800,1,"https://de.wikipedia.org/wiki/Search_Result_0"
"Finanzkrise","finanzkrise","COMPOUND_NOUN",0,800,1,"https://de.wikipedia.org/wiki/Search_Result_0"
"In jedem","in jedem","COLLOCATION",0,630,2,"https://de.wikipedia.org/wiki/Search_Result_0"
"zum neuen","zum neuen","COLLOCATION",0,632,2,"https://de.wikipedia.org/wiki/Search_Result_0"
"Förderer wegen","förder wegen","COLLOCATION",0,600,2,"https://de.wikipedia.org/wiki/Search_Result_0"
"Kandidat zur","kandidat zur","COLLOCATION",0,600,2,"https://de.wikipedia.org/wiki/Search_Result_0"
"die Führung der","die führung der","COLLOCATION",0,650,3,"https://de.wikipedia.org/wiki/Search_Result_0"
"Kaiserreiches","kaiserreiches","COMPOUND_NOUN",0,800,1,"https://de.wikipedia.org/wiki/Search_Result_0"
"Die Mächtigen","die mächtigen","COLLOCATION",0,529,2,"https://de.wikipedia.org/wiki/Search_Result_0"
"Etablierung des","etablierung des","COLLOCATION",0,600,2,"https://de.wikipedia.org/wiki/Search_Result_0"
"Bundesinnenministeriums","bundesinnenministeriums","COMPOUND_NOUN",0,800,1,"https://de.wikipedia.org/wiki/Search_Result_0"
"Koalitionspartners","koalitionspartners","COMPOUND_NOUN",0,800,1,"https://de.wikipedia.org/wiki/Search_Result_0"
"Dienstsitz","dienstsitz","COMPOUND_NOUN",0,800,1,"https://de.wikipedia.org/wiki/Search_Result_0"
"Zivildienst abgeleistet","zivildienst abgeleistet","COLLOCATION",0,600,2,"https://de.wikipedia.org/wiki/Search_Result_0"
"Partnerschaft","partnerschaft","COMPOUND_NOUN",0,800,1,"https://de.wikipedia.org/wiki/Search_Result_0"
"nicht mit","nicht mit","COLLOCATION",0,600,2,"https://de.wikipedia.org/wiki/Search_Result_0"
"also nicht","also nicht","COLLOCATION",0,543,2,"https://de.wikipedia.org/wiki/Search_Result_0"
"unbedingt der","unbedingt der","COLLOCATION",0,600,2,"https://de.wikipedia.org/wiki/Search_Result_0"
"Deutscher Bundestag","deutscher bundestag","COLLOCATION",0,722,2,"https://de.wikipedia.org/wiki/Search_Result_0"
"private Nutzung","privat nutzung","COLLOCATION",0,600,2,"https://de.wikipedia.org/wiki/Search_Result_0"
"Verfassungswesens","verfassungswesens","COMPOUND_NOUN",0,800,1,"https://de.wikipedia.org/wiki/Search_Result_0"
"ohne vorherige","ohn vorherige","COLLOCATION",0,600,2,"https://de.wikipedia.org/wiki/Search_Result_0"
"ein Kandidat zur","ein kandidat zur","COLLOCATION",0,650,3,"https://de.wikipedia.org/wiki/Search_Result_0"
"Vertrauensfrage aus","vertrauensfrage aus","COLLOCATION",0,639,2,"https://de.wikipedia.org/wiki/Search_Result_0"
"Schmidt","schmidt","COMPOUND_NOUN",0,800,1,"https://de.wikipedia.org/wiki/Search_Result_0"
"Parteiamtes","parteiamtes","COMPOUND_NOUN",0,800,1,"https://de.wikipedia.org/wiki/Search_Result_0"
"auf den","auf den","PHRASAL_VERB",0,750,2,"https://de.wikipedia.org/wiki/Search_Result_0"
"Nach die","nach die","PHRASAL_VERB",0,750,2,"https://de.wikipedia.org/wiki/Search_Result_0"
"zehnte Person","zehnt person","COLLOCATION",0,600,2,"https://de.wikipedia.org/wiki/Search_Result_0"
"München 2014","münchen 2014","COLLOCATION",1,000,2,"https://de.wikipedia.org/wiki/Search_Result_0"
"keinen Anspruch","keinen anspruch","COLLOCATION",1,000,2,"https://de.wikipedia.org/wiki/Search_Result_0"
"beim Bundespräsidenten","beim bundespräsidenten","COLLOCATION",0,669,2,"https://de.wikipedia.org/wiki/Search_Result_0"
"Amtszeit","amtszeit","COMPOUND_NOUN",0,800,1,"https://de.wikipedia.org/wiki/Search_Result_0"
"auf gemeinsamen","auf gemeinsamen","PHRASAL_VERB",0,750,2,"https://de.wikipedia.org/wiki/Search_Result_0"
"Reformen","reformen","COMPOUND_NOUN",0,800,1,"https://de.wikipedia.org/wiki/Search_Result_0"
"Kanzlerwahl","kanzlerwahl","COMPOUND_NOUN",0,800,1,"https://de.wikipedia.org/wiki/Search_Result_0"
"zu Beginn","zu beginn","COLLOCATION",0,719,2,"https://de.wikipedia.org/wiki/Search_Result_0"
"aus während","aus während","PHRASAL_VERB",0,750,2,"https://de.wikipedia.org/wiki/Search_Result_0"
"Integrität","integrität","COMPOUND_NOUN",0,800,1,"https://de.wikipedia.org/wiki/Search_Result_0"
"auf längstens","auf längstens","PHRASAL_VERB",0,750,2,"https://de.wikipedia.org/wiki/Search_Result_0"
"und Kommandogewalt","und kommandogewalt","COLLOCATION",0,584,2,"https://de.wikipedia.org/wiki/Search_Result_0"
"und den","und den","COLLOCATION",0,600,2,"https://de.wikipedia.org/wiki/Search_Result_0"
"Parteiämter","parteiämter","COMPOUND_NOUN",0,800,1,"https://de.wikipedia.org/wiki/Search_Result_0"
"und dem","und dem","COLLOCATION",0,600,2,"https://de.wikipedia.org/wiki/Search_Result_0"
"wieder übernahm","wied übernahm","COLLOCATION",0,600,2,"https://de.wikipedia.org/wiki/Search_Result_0"
"Bislang","bislang","COMPOUND_NOUN",0,800,1,"https://de.wikipedia.org/wiki/Search_Result_0"
"Dritteln","dritteln","COMPOUND_NOUN",0,800,1,"https://de.wikipedia.org/wiki/Search_Result_0"
"Beginn seiner","beginn seiner","COLLOCATION",0,770,2,"https://de.wikipedia.org/wiki/Search_Result_0"
"sich vereinigt","sich vereinigt","COLLOCATION",0,600,2,"https://de.wikipedia.org/wiki/Search_Result_0"
"Befehls -","befehls -","COLLOCATION",0,828,2,"https://de.wikipedia.org/wiki/Search_Result_0"
"München 2005","münchen 2005","COLLOCATION",0,757,2,"https://de.wikipedia.org/wiki/Search_Result_0"
"direkt das","direkt das","COLLOCATION",0,600,2,"https://de.wikipedia.org/wiki/Search_Result_0"
"Bevölkerung","bevölkerung","COMPOUND_NOUN",0,800,1,"https://de.wikipedia.org/wiki/Search_Result_0"
"auf des","auf des","PHRASAL_VERB",0,750,2,"https://de.wikipedia.org/wiki/Search_Result_0"
"neben seinem","neben seinem","COLLOCATION",0,807,2,"https://de.wikipedia.org/wiki/Search_Result_0"
"Integration","integration","COMPOUND_NOUN",0,800,1,"https://de.wikipedia.org/wiki/Search_Result_0"
"Adenauer","adenauer","COMPOUND_NOUN",0,800,1,"https://de.wikipedia.org/wiki/Search_Result_0"
"an diesen","an diesen","PHRASAL_VERB",0,750,2,"https://de.wikipedia.org/wiki/Search_Result_0"
"den Rekord","den rekord","COLLOCATION",0,685,2,"https://de.wikipedia.org/wiki/Search_Result_0"
"geeinigt hat","geeinigt hat","COLLOCATION",0,884,2,"https://de.wikipedia.org/wiki/Search_Result_0"
"hier liegt","hi liegt","COLLOCATION",0,600,2,"https://de.wikipedia.org/wiki/Search_Result_0"
"gestürzt werden","gestürzt werden","COLLOCATION",0,600,2,"https://de.wikipedia.org/wiki/Search_Result_0"
"Hitlers Alleinherrschaft","hitlers alleinherrschaft","NAMED_ENTITY",0,850,2,"https://de.wikipedia.org/wiki/Search_Result_0"
"Randnummern","randnummern","COMPOUND_NOUN",0,800,1,"https://de.wikipedia.org/wiki/Search_Result_0"
"Wählbarkeit zum","wählbarkeit zum","COLLOCATION",0,774,2,"https://de.wikipedia.org/wiki/Search_Result_0"
"generischen Maskulinum","generischen maskulinum","COLLOCATION",1,000,2,"https://de.wikipedia.org/wiki/Search_Result_0"
"im Gegensatz zu","im gegensatz zu","PREPOSITIONAL_PHRASE",0,900,3,"https://de.wikipedia.org/wiki/Search_Result_0"
"in Maunz/Dürig","in maunz/dürig","COLLOCATION",0,572,2,"https://de.wikipedia.org/wiki/Search_Result_0"
"Arbeitslosigkeit nicht","arbeitslosigkeit nicht","COLLOCATION",0,600,2,"https://de.wikipedia.org/wiki/Search_Result_0"
"wurde bereits","wurde bereits","COLLOCATION",0,683,2,"https://de.wikipedia.org/wiki/Search_Result_0"
"Stärkung","stärkung","COMPOUND_NOUN",0,800,1,"https://de.wikipedia.org/wiki/Search_Result_0"
"Stellung des","stellung des","COLLOCATION",0,601,2,"https://de.wikipedia.org/wiki/Search_Result_0"
"Das Bundeskanzleramt","das bundeskanzleramt","COLLOCATION",0,569,2,"https://de.wikipedia.org/wiki/Search_Result_0"
"ein neuer","ein neuer","PHRASAL_VERB",0,750,2,"https://de.wikipedia.org/wiki/Search_Result_0"
"Pieroth","pieroth","COMPOUND_NOUN",0,800,1,"https://de.wikipedia.org/wiki/Search_Result_0"
"bestimmend für","bestimmend für","PHRASAL_VERB",0,700,2,"https://de.wikipedia.org/wiki/Search_Result_0"
"vom 6","vom 6","COLLOCATION",0,612,2,"https://de.wikipedia.org/wiki/Search_Result_0"
"vom 4","vom 4","COLLOCATION",0,612,2,"https://de.wikipedia.org/wiki/Search_Result_0"
"zu Wende","zu wende","PHRASAL_VERB",0,750,2,"https://de.wikipedia.org/wiki/Search_Result_0"
"demokratische Phase","demokratisch phase","COLLOCATION",0,600,2,"https://de.wikipedia.org/wiki/Search_Result_0"
"zumal er","zumal er","COLLOCATION",0,689,2,"https://de.wikipedia.org/wiki/Search_Result_0"
"Unternehmen","unternehmen","COMPOUND_NOUN",0,800,1,"https://de.wikipedia.org/wiki/Search_Result_0"
"vor die","vor die","PHRASAL_VERB",0,750,2,"https://de.wikipedia.org/wiki/Search_Result_0"
"um mit","um mit","PHRASAL_VERB",0,750,2,"https://de.wikipedia.org/wiki/Search_Result_0"
"ab der","ab der","PHRASAL_VERB",0,750,2,"https://de.wikipedia.org/wiki/Search_Result_0"
": Grundgesetz",": grundgesetz","COLLOCATION",0,510,2,"https://de.wikipedia.org/wiki/Search_Result_0"
"jedem Fall","jedem fall","COLLOCATION",1,000,2,"https://de.wikipedia.org/wiki/Search_Result_0"
"und muss","und muss","COLLOCATION",0,600,2,"https://de.wikipedia.org/wiki/Search_Result_0"
"bei gilt","bei gilt","PHRASAL_VERB",0,750,2,"https://de.wikipedia.org/wiki/Search_Result_0"
"bei allen","bei allen","PHRASAL_VERB",0,750,2,"https://de.wikipedia.org/wiki/Search_Result_0"
"des Bundeskanzleramtes","des bundeskanzleramtes","COLLOCATION",0,601,2,"https://de.wikipedia.org/wiki/Search_Result_0"
"über diesen","über diesen","PHRASAL_VERB",0,750,2,"https://de.wikipedia.org/wiki/Search_Result_0"
"Tod Hindenburgs","tod hindenburgs","NAMED_ENTITY",0,850,2,"https://de.wikipedia.org/wiki/Search_Result_0"
"am längsten","am längsten","COLLOCATION",0,751,2,"https://de.wikipedia.org/wiki/Search_Result_0"
"ab den","ab den","PHRASAL_VERB",0,750,2,"https://de.wikipedia.org/wiki/Search_Result_0"
"Goldmann 2000","goldmann 2000","COLLOCATION",1,000,2,"https://de.wikipedia.org/wiki/Search_Result_0"
"Monate (","monate (","COLLOCATION",0,600,2,"https://de.wikipedia.org/wiki/Search_Result_0"
"Verteidigungsfalles","verteidigungsfalles","COMPOUND_NOUN",0,800,1,"https://de.wikipedia.org/wiki/Search_Result_0"
"Verlängerung","verlängerung","COMPOUND_NOUN",0,800,1,"https://de.wikipedia.org/wiki/Search_Result_0"
"Gewohnheitsrecht","gewohnheitsrecht","COMPOUND_NOUN",0,800,1,"https://de.wikipedia.org/wiki/Search_Result_0"
"Errichtung","errichtung","COMPOUND_NOUN",0,800,1,"https://de.wikipedia.org/wiki/Search_Result_0"
"mit absoluter","mit absoluter","COLLOCATION",0,717,2,"https://de.wikipedia.org/wiki/Search_Result_0"
"aus stellte","aus stellte","PHRASAL_VERB",0,750,2,"https://de.wikipedia.org/wiki/Search_Result_0"
"Sozialliberale Koalition","sozialliberale koalition","COLLOCATION",0,939,2,"https://de.wikipedia.org/wiki/Search_Result_0"
"zu wenn","zu wenn","PHRASAL_VERB",0,750,2,"https://de.wikipedia.org/wiki/Search_Result_0"
"an eine","an eine","PHRASAL_VERB",0,750,2,"https://de.wikipedia.org/wiki/Search_Result_0"
"Bundesverfassungsgericht gegen","bundesverfassungsgericht gegen","COLLOCATION",0,600,2,"https://de.wikipedia.org/wiki/Search_Result_0"
"Höhe von","höh von","COLLOCATION",0,600,2,"https://de.wikipedia.org/wiki/Search_Result_0"
"war Soldat","war soldat","COLLOCATION",0,776,2,"https://de.wikipedia.org/wiki/Search_Result_0"
"Ministerpräsidenten und","ministerpräsident und","COLLOCATION",0,600,2,"https://de.wikipedia.org/wiki/Search_Result_0"
"Bundespräsident","bundespräsident","COMPOUND_NOUN",0,800,1,"https://de.wikipedia.org/wiki/Search_Result_0"
"Nach schlägt","nach schlägt","PHRASAL_VERB",0,750,2,"https://de.wikipedia.org/wiki/Search_Result_0"
"zu bestimmen","zu bestimmen","COLLOCATION",0,751,2,"https://de.wikipedia.org/wiki/Search_Result_0"
"als solcher","als solcher","COLLOCATION",0,694,2,"https://de.wikipedia.org/wiki/Search_Result_0"
"damit der","damit der","COLLOCATION",0,600,2,"https://de.wikipedia.org/wiki/Search_Result_0"
"vor den","vor den","PHRASAL_VERB",0,750,2,"https://de.wikipedia.org/wiki/Search_Result_0"
"eine grosse","eine grosse","COLLOCATION",0,707,2,"https://de.wikipedia.org/wiki/Search_Result_0"
"51 Jahren","51 jahren","COLLOCATION",0,874,2,"https://de.wikipedia.org/wiki/Search_Result_0"
"Vorschriften des","vorschriften des","COLLOCATION",0,543,2,"https://de.wikipedia.org/wiki/Search_Result_0"
"Deutschland Kommentar","deutschland kommentar","COLLOCATION",0,862,2,"https://de.wikipedia.org/wiki/Search_Result_0"
"Zusammenhang mit","zusammenhang mit","PHRASAL_VERB",0,700,2,"https://de.wikipedia.org/wiki/Search_Result_0"
"Bundesverfassungsgericht","bundesverfassungsgericht","COMPOUND_NOUN",0,800,1,"https://de.wikipedia.org/wiki/Search_Result_0"
"ein prominenten","ein prominenten","PHRASAL_VERB",0,750,2,"https://de.wikipedia.org/wiki/Search_Result_0"
"aus eine","aus eine","PHRASAL_VERB",0,750,2,"https://de.wikipedia.org/wiki/Search_Result_0"
"kann aber","kann aber","COLLOCATION",0,531,2,"https://de.wikipedia.org/wiki/Search_Result_0"
"Atlantiker","atlantiker","COMPOUND_NOUN",0,800,1,"https://de.wikipedia.org/wiki/Search_Result_0"
"Bundeskanzlers Wahl","bundeskanzlers wahl","NAMED_ENTITY",0,850,2,"https://de.wikipedia.org/wiki/Search_Result_0"
"den Bundeskanzler","den bundeskanzler","COLLOCATION",0,600,2,"https://de.wikipedia.org/wiki/Search_Result_0"
"Vorteil","vorteil","COMPOUND_NOUN",0,800,1,"https://de.wikipedia.org/wiki/Search_Result_0"
"die auf","die auf","PHRASAL_VERB",0,700,2,"https://de.wikipedia.org/wiki/Search_Result_0"
"förderte damit","fördert damit","COLLOCATION",0,600,2,"https://de.wikipedia.org/wiki/Search_Result_0"
"Dienste","dienste","COMPOUND_NOUN",0,800,1,"https://de.wikipedia.org/wiki/Search_Result_0"
"zu bereit","zu bereit","PHRASAL_VERB",0,750,2,"https://de.wikipedia.org/wiki/Search_Result_0"
"Satz 2","satz 2","COLLOCATION",0,832,2,"https://de.wikipedia.org/wiki/Search_Result_0"
"des Bundestags","des bundestags","COLLOCATION",0,575,2,"https://de.wikipedia.org/wiki/Search_Result_0"
"Funktionsbezeichnung fehlt","funktionsbezeichnung fehlt","COLLOCATION",0,600,2,"https://de.wikipedia.org/wiki/Search_Result_0"
"Absetzbarkeit","absetzbarkeit","COMPOUND_NOUN",0,800,1,"https://de.wikipedia.org/wiki/Search_Result_0"
"unter ersten","unter ersten","PHRASAL_VERB",0,750,2,"https://de.wikipedia.org/wiki/Search_Result_0"
"gleichzeitig einen","gleichzeitig ein","COLLOCATION",0,564,2,"https://de.wikipedia.org/wiki/Search_Result_0"
"Urteil vom","urteil vom","COLLOCATION",0,670,2,"https://de.wikipedia.org/wiki/Search_Result_0"
"des Jahres","des jahres","COLLOCATION",0,601,2,"https://de.wikipedia.org/wiki/Search_Result_0"
"gegen ihn","gegen ihn","COLLOCATION",0,806,2,"https://de.wikipedia.org/wiki/Search_Result_0"
"Oberverwaltungsgericht","oberverwaltungsgericht","COMPOUND_NOUN",0,800,1,"https://de.wikipedia.org/wiki/Search_Result_0"
"Mandate","mandate","COMPOUND_NOUN",0,800,1,"https://de.wikipedia.org/wiki/Search_Result_0"
"Schröders","schröders","COMPOUND_NOUN",0,800,1,"https://de.wikipedia.org/wiki/Search_Result_0"
"Wahlkampf eine","wahlkampf ein","COLLOCATION",0,706,2,"https://de.wikipedia.org/wiki/Search_Result_0"
"Jahre (","jahre (","COLLOCATION",0,513,2,"https://de.wikipedia.org/wiki/Search_Result_0"
"über gemeinsames","über gemeinsames","PHRASAL_VERB",0,750,2,"https://de.wikipedia.org/wiki/Search_Result_0"
"lebte bei","lebte bei","PHRASAL_VERB",0,700,2,"https://de.wikipedia.org/wiki/Search_Result_0"
"Weimarer","weimarer","COMPOUND_NOUN",0,800,1,"https://de.wikipedia.org/wiki/Search_Result_0"
"Wahlperiode","wahlperiode","COMPOUND_NOUN",0,800,1,"https://de.wikipedia.org/wiki/Search_Result_0"
"Ludwig Erhard","ludwig erhard","COLLOCATION",0,956,2,"https://de.wikipedia.org/wiki/Search_Result_0"
"an wenn","an wenn","PHRASAL_VERB",0,750,2,"https://de.wikipedia.org/wiki/Search_Result_0"
"eine Sozialliberale","eine sozialliberale","COLLOCATION",0,781,2,"https://de.wikipedia.org/wiki/Search_Result_0"
"der Besoldungsordnung B","der besoldungsordnung b","COLLOCATION",0,650,3,"https://de.wikipedia.org/wiki/Search_Result_0"
"die Arbeitslosigkeit nicht","die arbeitslosigkeit nicht","COLLOCATION",0,650,3,"https://de.wikipedia.org/wiki/Search_Result_0"
"Mai 1974","mai 1974","COLLOCATION",0,847,2,"https://de.wikipedia.org/wiki/Search_Result_0"
"Nachfolgers","nachfolgers","COMPOUND_NOUN",0,800,1,"https://de.wikipedia.org/wiki/Search_Result_0"
"Gebiete :","gebiete :","COLLOCATION",0,697,2,"https://de.wikipedia.org/wiki/Search_Result_0"
"der Formierung einer","der formierung einer","COLLOCATION",0,650,3,"https://de.wikipedia.org/wiki/Search_Result_0"
"im Vergleich","im vergleich","COLLOCATION",0,703,2,"https://de.wikipedia.org/wiki/Search_Result_0"
"Urteilsbegründung","urteilsbegründung","COMPOUND_NOUN",0,800,1,"https://de.wikipedia.org/wiki/Search_Result_0"
"Bundestag gewählt","bundestag gewählt","COLLOCATION",0,599,2,"https://de.wikipedia.org/wiki/Search_Result_0"
"Im Zusammenhang","im zusammenhang","COLLOCATION",0,644,2,"https://de.wikipedia.org/wiki/Search_Result_0"
"stark für","stark für","PHRASAL_VERB",0,700,2,"https://de.wikipedia.org/wiki/Search_Result_0"
"Biografie","biografie","COMPOUND_NOUN",0,800,1,"https://de.wikipedia.org/wiki/Search_Result_0"
"finden erneute","find erneute","COLLOCATION",0,600,2,"https://de.wikipedia.org/wiki/Search_Result_0"
"bei mit","bei mit","PHRASAL_VERB",0,750,2,"https://de.wikipedia.org/wiki/Search_Result_0"
"Jahr 1983","jahr 1983","COLLOCATION",0,964,2,"https://de.wikipedia.org/wiki/Search_Result_0"
"nach den","nach den","PHRASAL_VERB",0,750,2,"https://de.wikipedia.org/wiki/Search_Result_0"
"nach dem","nach dem","PHRASAL_VERB",0,750,2,"https://de.wikipedia.org/wiki/Search_Result_0"
"eines Bundeskanzlers","eines bundeskanzlers","COLLOCATION",0,551,2,"https://de.wikipedia.org/wiki/Search_Result_0"
"ist weiterhin","ist weiterhin","COLLOCATION",0,664,2,"https://de.wikipedia.org/wiki/Search_Result_0"
"Absatz 3","absatz 3","COLLOCATION",0,802,2,"https://de.wikipedia.org/wiki/Search_Result_0"
"Absatz 2","absatz 2","COLLOCATION",0,794,2,"https://de.wikipedia.org/wiki/Search_Result_0"
"nicht ohne","nicht ohne","COLLOCATION",0,528,2,"https://de.wikipedia.org/wiki/Search_Result_0"
"Absatz 1","absatz 1","COLLOCATION",0,836,2,"https://de.wikipedia.org/wiki/Search_Result_0"
"Helmut Kohls","helmut kohls","COLLOCATION",0,800,2,"https://de.wikipedia.org/wiki/Search_Result_0"
"Fukushima","fukushima","COMPOUND_NOUN",0,800,1,"https://de.wikipedia.org/wiki/Search_Result_0"
"nach des","nach des","PHRASAL_VERB",0,750,2,"https://de.wikipedia.org/wiki/Search_Result_0"
"Bundesministers","bundesministers","COMPOUND_NOUN",0,800,1,"https://de.wikipedia.org/wiki/Search_Result_0"
"nach der","nach der","PHRASAL_VERB",0,750,2,"https://de.wikipedia.org/wiki/Search_Result_0"
"die Zustimmung der","die zustimmung der","COLLOCATION",0,650,3,"https://de.wikipedia.org/wiki/Search_Result_0"
"internationale Finanzkrise","international finanzkrise","COLLOCATION",0,600,2,"https://de.wikipedia.org/wiki/Search_Result_0"
"Vorschlag","vorschlag","COMPOUND_NOUN",0,800,1,"https://de.wikipedia.org/wiki/Search_Result_0"
"Mittelalter","mittelalter","COMPOUND_NOUN",0,800,1,"https://de.wikipedia.org/wiki/Search_Result_0"
"diese zu","diese zu","PHRASAL_VERB",0,700,2,"https://de.wikipedia.org/wiki/Search_Result_0"
"gegen dessen","gegen dessen","COLLOCATION",0,784,2,"https://de.wikipedia.org/wiki/Search_Result_0"
"Erst mit","erst mit","COLLOCATION",0,600,2,"https://de.wikipedia.org/wiki/Search_Result_0"
"entstanden durch","entstanden durch","PHRASAL_VERB",0,700,2,"https://de.wikipedia.org/wiki/Search_Result_0"
"Erzkanzlers","erzkanzlers","COMPOUND_NOUN",0,800,1,"https://de.wikipedia.org/wiki/Search_Result_0"
"Bundestagsabgeordneter","bundestagsabgeordneter","COMPOUND_NOUN",0,800,1,"https://de.wikipedia.org/wiki/Search_Result_0"
"so kann","so kann","COLLOCATION",0,559,2,"https://de.wikipedia.org/wiki/Search_Result_0"
"ins Amt","ins amt","COLLOCATION",0,766,2,"https://de.wikipedia.org/wiki/Search_Result_0"
"Legitimität gleichgesetzt","legitimität gleichgesetzt","COLLOCATION",0,600,2,"https://de.wikipedia.org/wiki/Search_Result_0"
"Uneinigkeit","uneinigkeit","COMPOUND_NOUN",0,800,1,"https://de.wikipedia.org/wiki/Search_Result_0"
"Informationsamt","informationsamt","COMPOUND_NOUN",0,800,1,"https://de.wikipedia.org/wiki/Search_Result_0"
"mit diese","mit diese","PHRASAL_VERB",0,750,2,"https://de.wikipedia.org/wiki/Search_Result_0"
"Nach Spenden","nach spenden","PHRASAL_VERB",0,750,2,"https://de.wikipedia.org/wiki/Search_Result_0"
"auf Vorschlag","auf vorschlag","COLLOCATION",0,651,2,"https://de.wikipedia.org/wiki/Search_Result_0"
"Konrad Adenauers","konrad adenauers","COLLOCATION",0,906,2,"https://de.wikipedia.org/wiki/Search_Result_0"
"Vertrauensfrage","vertrauensfrage","COMPOUND_NOUN",0,800,1,"https://de.wikipedia.org/wiki/Search_Result_0"
"Reichskanzlers","reichskanzlers","COMPOUND_NOUN",0,800,1,"https://de.wikipedia.org/wiki/Search_Result_0"
"Konrad Adenauer","konrad adenauer","COLLOCATION",0,862,2,"https://de.wikipedia.org/wiki/Search_Result_0"
"Bundespräsident entscheidet","bundespräsident entscheidet","COLLOCATION",0,874,2,"https://de.wikipedia.org/wiki/Search_Result_0"
"Artikel 65","artikel 65","COLLOCATION",0,747,2,"https://de.wikipedia.org/wiki/Search_Result_0"
"Artikel 64","artikel 64","COLLOCATION",0,795,2,"https://de.wikipedia.org/wiki/Search_Result_0"
"Artikel 63","artikel 63","COLLOCATION",0,827,2,"https://de.wikipedia.org/wiki/Search_Result_0"
"Artikel 69","artikel 69","COLLOCATION",0,781,2,"https://de.wikipedia.org/wiki/Search_Result_0"
"Artikel 68","artikel 68","COLLOCATION",0,869,2,"https://de.wikipedia.org/wiki/Search_Result_0"
"Artikel 67","artikel 67","COLLOCATION",0,869,2,"https://de.wikipedia.org/wiki/Search_Result_0"
"Als wichtigste","als wichtigste","COLLOCATION",0,677,2,"https://de.wikipedia.org/wiki/Search_Result_0"
"Herbeirufung oder","herbeirufung oder","COLLOCATION",0,600,2,"https://de.wikipedia.org/wiki/Search_Result_0"
"Verantwortung","verantwortung","COMPOUND_NOUN",0,800,1,"https://de.wikipedia.org/wiki/Search_Result_0"
"zur Ernennung","zur ernennung","COLLOCATION",0,704,2,"https://de.wikipedia.org/wiki/Search_Result_0"
"eine in","eine in","PHRASAL_VERB",0,700,2,"https://de.wikipedia.org/wiki/Search_Result_0"
"mit ihrem","mit ihrem","COLLOCATION",0,658,2,"https://de.wikipedia.org/wiki/Search_Result_0"
"bis zur","bis zur","COLLOCATION",0,558,2,"https://de.wikipedia.org/wiki/Search_Result_0"
"älteste Bundeskanzler","älteste bundeskanzler","COLLOCATION",0,652,2,"https://de.wikipedia.org/wiki/Search_Result_0"
"sich für","sich für","COLLOCATION",0,600,2,"https://de.wikipedia.org/wiki/Search_Result_0"
"Aufforderung","aufforderung","COMPOUND_NOUN",0,800,1,"https://de.wikipedia.org/wiki/Search_Result_0"
"ein leiten","ein leiten","PHRASAL_VERB",0,750,2,"https://de.wikipedia.org/wiki/Search_Result_0"
"zweiten Wahlgang","zweit wahlgang","COLLOCATION",0,600,2,"https://de.wikipedia.org/wiki/Search_Result_0"
"Bundesrates","bundesrates","COMPOUND_NOUN",0,800,1,"https://de.wikipedia.org/wiki/Search_Result_0"
"bei Wahlentscheidung","bei wahlentscheidung","PHRASAL_VERB",0,750,2,"https://de.wikipedia.org/wiki/Search_Result_0"
"Reichspräsidenten","reichspräsidenten","COMPOUND_NOUN",0,800,1,"https://de.wikipedia.org/wiki/Search_Result_0"
"Reichskanzler","reichskanzler","COMPOUND_NOUN",0,800,1,"https://de.wikipedia.org/wiki/Search_Result_0"
"Festhalten an","festhalten an","PHRASAL_VERB",0,700,2,"https://de.wikipedia.org/wiki/Search_Result_0"
"die zu","die zu","PHRASAL_VERB",0,700,2,"https://de.wikipedia.org/wiki/Search_Result_0"
"die unerwartet geringe","die unerwartet geringe","COLLOCATION",0,650,3,"https://de.wikipedia.org/wiki/Search_Result_0"
"unter die","unter die","PHRASAL_VERB",0,750,2,"https://de.wikipedia.org/wiki/Search_Result_0"
"eine Einzelwahl","ein einzelwahl","COLLOCATION",0,600,2,"https://de.wikipedia.org/wiki/Search_Result_0"
"aussen -","aussen -","COLLOCATION",0,828,2,"https://de.wikipedia.org/wiki/Search_Result_0"
"wurde festgestellt","wurd festgestellt","COLLOCATION",0,600,2,"https://de.wikipedia.org/wiki/Search_Result_0"
"des Koalitionspartners","des koalitionspartners","COLLOCATION",0,569,2,"https://de.wikipedia.org/wiki/Search_Result_0"
"– wie","– wie","COLLOCATION",0,590,2,"https://de.wikipedia.org/wiki/Search_Result_0"
"Zusammentritt","zusammentritt","COMPOUND_NOUN",0,800,1,"https://de.wikipedia.org/wiki/Search_Result_0"
"im Rahmen","im rahmen","COLLOCATION",0,703,2,"https://de.wikipedia.org/wiki/Search_Result_0"
"Gesetzes über","gesetzes über","COLLOCATION",0,869,2,"https://de.wikipedia.org/wiki/Search_Result_0"
"Machtübergabe an","machtübergabe an","PHRASAL_VERB",0,700,2,"https://de.wikipedia.org/wiki/Search_Result_0"
"gehörte zu","gehörte zu","PHRASAL_VERB",0,700,2,"https://de.wikipedia.org/wiki/Search_Result_0"
"und vor","und vor","COLLOCATION",0,600,2,"https://de.wikipedia.org/wiki/Search_Result_0"
"Nach Beschluss","nach beschluss","PHRASAL_VERB",0,750,2,"https://de.wikipedia.org/wiki/Search_Result_0"
"bisher war","bish war","COLLOCATION",0,600,2,"https://de.wikipedia.org/wiki/Search_Result_0"
"Friedrich Merz","friedrich merz","COLLOCATION",1,000,2,"https://de.wikipedia.org/wiki/Search_Result_0"
"geschäftsführenden Bundeskanzler","geschäftsführenden bundeskanzler","COLLOCATION",0,594,2,"https://de.wikipedia.org/wiki/Search_Result_0"
"aus dem","aus dem","COLLOCATION",0,576,2,"https://de.wikipedia.org/wiki/Search_Result_0"
"Ausgestaltung","ausgestaltung","COMPOUND_NOUN",0,800,1,"https://de.wikipedia.org/wiki/Search_Result_0"
"jenseits der","jenseits der","COLLOCATION",0,600,2,"https://de.wikipedia.org/wiki/Search_Result_0"
"Amtsgehalt","amtsgehalt","COMPOUND_NOUN",0,800,1,"https://de.wikipedia.org/wiki/Search_Result_0"
"gestellt wird","gestellt wird","COLLOCATION",0,693,2,"https://de.wikipedia.org/wiki/Search_Result_0"
"verwarf das","verwarf das","COLLOCATION",0,600,2,"https://de.wikipedia.org/wiki/Search_Result_0"
"wurde durch","wurde durch","PHRASAL_VERB",0,700,2,"https://de.wikipedia.org/wiki/Search_Result_0"
"Regierender Bürgermeister","regierender bürgermeister","NAMED_ENTITY",0,850,2,"https://de.wikipedia.org/wiki/Search_Result_0"
"Verpflichtung","verpflichtung","COMPOUND_NOUN",0,800,1,"https://de.wikipedia.org/wiki/Search_Result_0"
"so vorgezogene","so vorgezogene","COLLOCATION",0,781,2,"https://de.wikipedia.org/wiki/Search_Result_0"
"mit Urteil","mit urteil","COLLOCATION",0,558,2,"https://de.wikipedia.org/wiki/Search_Result_0"
"Vorschrift","vorschrift","COMPOUND_NOUN",0,800,1,"https://de.wikipedia.org/wiki/Search_Result_0"
"Unterbringung","unterbringung","COMPOUND_NOUN",0,800,1,"https://de.wikipedia.org/wiki/Search_Result_0"
"Aussprache","aussprache","COMPOUND_NOUN",0,800,1,"https://de.wikipedia.org/wiki/Search_Result_0"
"Bundeskanzlers Das Amt","bundeskanzlers das amt","NAMED_ENTITY",0,850,3,"https://de.wikipedia.org/wiki/Search_Result_0"
"Unterbrechungen","unterbrechungen","COMPOUND_NOUN",0,800,1,"https://de.wikipedia.org/wiki/Search_Result_0"
"Herrenhauses","herrenhauses","COMPOUND_NOUN",0,800,1,"https://de.wikipedia.org/wiki/Search_Result_0"
"Auflage","auflage","COMPOUND_NOUN",0,800,1,"https://de.wikipedia.org/wiki/Search_Result_0"
"aus der","aus der","PHRASAL_VERB",0,750,2,"https://de.wikipedia.org/wiki/Search_Result_0"
"nach insgesamt","nach insgesamt","PHRASAL_VERB",0,750,2,"https://de.wikipedia.org/wiki/Search_Result_0"
"ein Streit","ein streit","PHRASAL_VERB",0,750,2,"https://de.wikipedia.org/wiki/Search_Result_0"
"exakt mit","exakt mit","PHRASAL_VERB",0,700,2,"https://de.wikipedia.org/wiki/Search_Result_0"
"dies bis","dies bis","PHRASAL_VERB",0,700,2,"https://de.wikipedia.org/wiki/Search_Result_0"
"( CDU","( cdu","COLLOCATION",0,551,2,"https://de.wikipedia.org/wiki/Search_Result_0"
"Brentanos","brentanos","COMPOUND_NOUN",0,800,1,"https://de.wikipedia.org/wiki/Search_Result_0"
"Kernkraftwerke","kernkraftwerke","COMPOUND_NOUN",0,800,1,"https://de.wikipedia.org/wiki/Search_Result_0"
"Bundestag als","bundestag als","COLLOCATION",0,600,2,"https://de.wikipedia.org/wiki/Search_Result_0"
"auf die","auf die","PHRASAL_VERB",0,750,2,"https://de.wikipedia.org/wiki/Search_Result_0"
"Bundeskanzler Schröder","bundeskanzler schröder","NAMED_ENTITY",0,850,2,"https://de.wikipedia.org/wiki/Search_Result_0"
"aber auch","aber auch","COLLOCATION",0,516,2,"https://de.wikipedia.org/wiki/Search_Result_0"
"konstruktives Misstrauensvotum","konstruktives misstrauensvotum","COLLOCATION",1,000,2,"https://de.wikipedia.org/wiki/Search_Result_0"
"in Hamburg","in hamburg","COLLOCATION",0,572,2,"https://de.wikipedia.org/wiki/Search_Result_0"
"Misstrauensvotum","misstrauensvotum","COMPOUND_NOUN",0,800,1,"https://de.wikipedia.org/wiki/Search_Result_0"
"Text der","text der","COLLOCATION",0,600,2,"https://de.wikipedia.org/wiki/Search_Result_0"
"mit prominenten","mit prominenten","PHRASAL_VERB",0,750,2,"https://de.wikipedia.org/wiki/Search_Result_0"
"Ministerpräsident laut","ministerpräsident laut","COLLOCATION",0,600,2,"https://de.wikipedia.org/wiki/Search_Result_0"
"bei eines","bei eines","PHRASAL_VERB",0,750,2,"https://de.wikipedia.org/wiki/Search_Result_0"
"den Zivildienst abgeleistet","den zivildienst abgeleistet","COLLOCATION",0,650,3,"https://de.wikipedia.org/wiki/Search_Result_0"
"Berlin- Brandenburg","berlin- brandenburg","COLLOCATION",1,000,2,"https://de.wikipedia.org/wiki/Search_Result_0"
"längstens für","längstens für","PHRASAL_VERB",0,700,2,"https://de.wikipedia.org/wiki/Search_Result_0"
"Bundestagswahl 2002","bundestagswahl 2002","COLLOCATION",0,886,2,"https://de.wikipedia.org/wiki/Search_Result_0"
"nach und","nach und","PHRASAL_VERB",0,750,2,"https://de.wikipedia.org/wiki/Search_Result_0"
"Prädikat","prädikat","COMPOUND_NOUN",0,800,1,"https://de.wikipedia.org/wiki/Search_Result_0"
"Baerbock","baerbock","COMPOUND_NOUN",0,800,1,"https://de.wikipedia.org/wiki/Search_Result_0"
"Auslöser","auslöser","COMPOUND_NOUN",0,800,1,"https://de.wikipedia.org/wiki/Search_Result_0"
"kein Kandidat","kein kandidat","COLLOCATION",0,874,2,"https://de.wikipedia.org/wiki/Search_Result_0"
"im Kabinett","im kabinett","COLLOCATION",0,544,2,"https://de.wikipedia.org/wiki/Search_Result_0"
"87 Jahren","87 jahren","COLLOCATION",0,932,2,"https://de.wikipedia.org/wiki/Search_Result_0"
"Reichspräsident","reichspräsident","COMPOUND_NOUN",0,800,1,"https://de.wikipedia.org/wiki/Search_Result_0"
"vom 22","vom 22","COLLOCATION",0,670,2,"https://de.wikipedia.org/wiki/Search_Result_0"
"dem Jahr","dem jahr","COLLOCATION",0,589,2,"https://de.wikipedia.org/wiki/Search_Result_0"
"Parlament","parlament","COMPOUND_NOUN",0,800,1,"https://de.wikipedia.org/wiki/Search_Result_0"
"aus Union","aus union","COLLOCATION",0,600,2,"https://de.wikipedia.org/wiki/Search_Result_0"
"Juni 2024","juni 2024","COLLOCATION",0,815,2,"https://de.wikipedia.org/wiki/Search_Result_0"
"Beschlüsse wie","beschlüss wie","COLLOCATION",0,600,2,"https://de.wikipedia.org/wiki/Search_Result_0"
"und einem","und einem","COLLOCATION",0,600,2,"https://de.wikipedia.org/wiki/Search_Result_0"
"Geschäfte","geschäfte","COMPOUND_NOUN",0,800,1,"https://de.wikipedia.org/wiki/Search_Result_0"
"neu gewählten","neu gewählten","COLLOCATION",1,000,2,"https://de.wikipedia.org/wiki/Search_Result_0"
"nicht an","nicht an","PHRASAL_VERB",0,700,2,"https://de.wikipedia.org/wiki/Search_Result_0"
"Alfons Kaiser","alfons kaiser","NAMED_ENTITY",0,850,2,"https://de.wikipedia.org/wiki/Search_Result_0"
"( PDF","( pdf","COLLOCATION",0,659,2,"https://de.wikipedia.org/wiki/Search_Result_0"
"Bündnis 90/Die","bündnis 90/die","COLLOCATION",1,000,2,"https://de.wikipedia.org/wiki/Search_Result_0"
"Bundesministergesetz","bundesministergesetz","COMPOUND_NOUN",0,800,1,"https://de.wikipedia.org/wiki/Search_Result_0"
"Regierungshandeln","regierungshandeln","COMPOUND_NOUN",0,800,1,"https://de.wikipedia.org/wiki/Search_Result_0"
"seiner Kanzlerschaft","seiner kanzlerschaft","COLLOCATION",0,685,2,"https://de.wikipedia.org/wiki/Search_Result_0"
"nach aufwerfe","nach aufwerfe","PHRASAL_VERB",0,750,2,"https://de.wikipedia.org/wiki/Search_Result_0"
"gleichzeitig aber","gleichzeitig aber","COLLOCATION",0,600,2,"https://de.wikipedia.org/wiki/Search_Result_0"
"relative Mehrheit","relativ mehrheit","COLLOCATION",0,600,2,"https://de.wikipedia.org/wiki/Search_Result_0"
"Hindenburgs","hindenburgs","COMPOUND_NOUN",0,800,1,"https://de.wikipedia.org/wiki/Search_Result_0"
"eines neuen","eines neuen","COLLOCATION",0,700,2,"https://de.wikipedia.org/wiki/Search_Result_0"
"anders als","anders als","COLLOCATION",0,736,2,"https://de.wikipedia.org/wiki/Search_Result_0"
"Wechsel","wechsel","COMPOUND_NOUN",0,800,1,"https://de.wikipedia.org/wiki/Search_Result_0"
"April 2025","april 2025","COLLOCATION",0,867,2,"https://de.wikipedia.org/wiki/Search_Result_0"
"April 2023","april 2023","COLLOCATION",0,903,2,"https://de.wikipedia.org/wiki/Search_Result_0"
"Machtfülle","machtfülle","COMPOUND_NOUN",0,800,1,"https://de.wikipedia.org/wiki/Search_Result_0"
"Grundgesetz für","grundgesetz für","COLLOCATION",0,590,2,"https://de.wikipedia.org/wiki/Search_Result_0"
"60 Jahren","60 jahren","COLLOCATION",0,874,2,"https://de.wikipedia.org/wiki/Search_Result_0"
"Diese Phase","dies phase","COLLOCATION",0,600,2,"https://de.wikipedia.org/wiki/Search_Result_0"
"nach Artikel","nach artikel","COLLOCATION",0,558,2,"https://de.wikipedia.org/wiki/Search_Result_0"
"Bundesnachrichtendienstes","bundesnachrichtendienstes","COMPOUND_NOUN",0,800,1,"https://de.wikipedia.org/wiki/Search_Result_0"
"vor Entlassung","vor entlassung","PHRASAL_VERB",0,750,2,"https://de.wikipedia.org/wiki/Search_Result_0"
"Bund (","bund (","COLLOCATION",0,659,2,"https://de.wikipedia.org/wiki/Search_Result_0"
"nach Gesetzes","nach gesetzes","PHRASAL_VERB",0,750,2,"https://de.wikipedia.org/wiki/Search_Result_0"
"des Bundesministergesetzes","des bundesministergesetzes","COLLOCATION",0,601,2,"https://de.wikipedia.org/wiki/Search_Result_0"
"den Regierungsbunker","den regierungsbunker","COLLOCATION",0,600,2,"https://de.wikipedia.org/wiki/Search_Result_0"
"Privileg","privileg","COMPOUND_NOUN",0,800,1,"https://de.wikipedia.org/wiki/Search_Result_0"
"Wesentlichen dem","wesentlich dem","COLLOCATION",0,600,2,"https://de.wikipedia.org/wiki/Search_Result_0"
"Verfassungsordnung","verfassungsordnung","COMPOUND_NOUN",0,800,1,"https://de.wikipedia.org/wiki/Search_Result_0"
"des Bundesministeriums","des bundesministeriums","COLLOCATION",0,601,2,"https://de.wikipedia.org/wiki/Search_Result_0"
"ein stirbt","ein stirbt","PHRASAL_VERB",0,750,2,"https://de.wikipedia.org/wiki/Search_Result_0"
"aus die","aus die","PHRASAL_VERB",0,750,2,"https://de.wikipedia.org/wiki/Search_Result_0"
"Entscheidung des","entscheidung des","COLLOCATION",0,501,2,"https://de.wikipedia.org/wiki/Search_Result_0"
"Schweiz","schweiz","COMPOUND_NOUN",0,800,1,"https://de.wikipedia.org/wiki/Search_Result_0"
"die Wahl annimmt","die wahl annimmt","COLLOCATION",0,650,3,"https://de.wikipedia.org/wiki/Search_Result_0"
"auf dienstälteste","auf dienstälteste","PHRASAL_VERB",0,750,2,"https://de.wikipedia.org/wiki/Search_Result_0"
"das weitere","das weitere","COLLOCATION",0,691,2,"https://de.wikipedia.org/wiki/Search_Result_0"
"Bundeskanzler Helmut Schmidt","bundeskanzler helmut schmidt","NAMED_ENTITY",0,850,3,"https://de.wikipedia.org/wiki/Search_Result_0"
"allerdings muss","allerdings muss","COLLOCATION",0,674,2,"https://de.wikipedia.org/wiki/Search_Result_0"
"sich haben","sich haben","COLLOCATION",0,600,2,"https://de.wikipedia.org/wiki/Search_Result_0"
"Willy Brandts","willy brandts","COLLOCATION",0,947,2,"https://de.wikipedia.org/wiki/Search_Result_0"
"zu Annahme","zu annahme","PHRASAL_VERB",0,750,2,"https://de.wikipedia.org/wiki/Search_Result_0"
"die Etablierung des","die etablierung des","COLLOCATION",0,650,3,"https://de.wikipedia.org/wiki/Search_Result_0"
"Wahlgang","wahlgang","COMPOUND_NOUN",0,800,1,"https://de.wikipedia.org/wiki/Search_Result_0"
"Gewählten ernennt","gewählt ernennt","COLLOCATION",0,600,2,"https://de.wikipedia.org/wiki/Search_Result_0"
"Rücktritt Adenauers","rücktritt adenauers","NAMED_ENTITY",0,850,2,"https://de.wikipedia.org/wiki/Search_Result_0"
"auf und","auf und","PHRASAL_VERB",0,750,2,"https://de.wikipedia.org/wiki/Search_Result_0"
"Vertrauen","vertrauen","COMPOUND_NOUN",0,800,1,"https://de.wikipedia.org/wiki/Search_Result_0"
"ab ist","ab ist","PHRASAL_VERB",0,750,2,"https://de.wikipedia.org/wiki/Search_Result_0"
"unter Spenden","unter spenden","PHRASAL_VERB",0,750,2,"https://de.wikipedia.org/wiki/Search_Result_0"
"Wahlkampf ein","wahlkampf ein","COLLOCATION",0,706,2,"https://de.wikipedia.org/wiki/Search_Result_0"
"zehn Tage","zehn tage","COLLOCATION",1,000,2,"https://de.wikipedia.org/wiki/Search_Result_0"
"Guido Knopp","guido knopp","COLLOCATION",1,000,2,"https://de.wikipedia.org/wiki/Search_Result_0"
"durch den","durch den","COLLOCATION",0,510,2,"https://de.wikipedia.org/wiki/Search_Result_0"
"Arbeitslosigkeit","arbeitslosigkeit","COMPOUND_NOUN",0,800,1,"https://de.wikipedia.org/wiki/Search_Result_0"
"über entscheiden","über entscheiden","PHRASAL_VERB",0,750,2,"https://de.wikipedia.org/wiki/Search_Result_0"
"Aus diesem","aus diesem","PHRASAL_VERB",0,750,2,"https://de.wikipedia.org/wiki/Search_Result_0"
"Bundesregierung tragenden","bundesregierung tragenden","COLLOCATION",0,860,2,"https://de.wikipedia.org/wiki/Search_Result_0"
"68 des","68 des","COLLOCATION",0,601,2,"https://de.wikipedia.org/wiki/Search_Result_0"
"für ehemalige","für ehemalige","COLLOCATION",0,623,2,"https://de.wikipedia.org/wiki/Search_Result_0"
"Politikwissenschaft","politikwissenschaft","COMPOUND_NOUN",0,800,1,"https://de.wikipedia.org/wiki/Search_Result_0"
"Bundesministern und","bundesministern und","COLLOCATION",0,600,2,"https://de.wikipedia.org/wiki/Search_Result_0"
"nach massiven","nach massiven","PHRASAL_VERB",0,750,2,"https://de.wikipedia.org/wiki/Search_Result_0"
"ein gewisser Vorteil","ein gewiss vorteil","COLLOCATION",0,650,3,"https://de.wikipedia.org/wiki/Search_Result_0"
"ein Reichsministerpräsident vorsass","ein reichsministerpräsident vorsass","COLLOCATION",0,650,3,"https://de.wikipedia.org/wiki/Search_Result_0"
"Herrschers","herrschers","COMPOUND_NOUN",0,800,1,"https://de.wikipedia.org/wiki/Search_Result_0"
"Koalition","koalition","COMPOUND_NOUN",0,800,1,"https://de.wikipedia.org/wiki/Search_Result_0"
"Zustimmung treffen","zustimmung treffen","COLLOCATION",0,600,2,"https://de.wikipedia.org/wiki/Search_Result_0"
"den Gewählten ernennt","den gewählt ernennt","COLLOCATION",0,650,3,"https://de.wikipedia.org/wiki/Search_Result_0"
"mit wählten","mit wählten","PHRASAL_VERB",0,750,2,"https://de.wikipedia.org/wiki/Search_Result_0"
"Atomkraftwerke","atomkraftwerke","COMPOUND_NOUN",0,800,1,"https://de.wikipedia.org/wiki/Search_Result_0"
"Gesetzgebung","gesetzgebung","COMPOUND_NOUN",0,800,1,"https://de.wikipedia.org/wiki/Search_Result_0"
"und entlassen","und entlassen","COLLOCATION",0,600,2,"https://de.wikipedia.org/wiki/Search_Result_0"
"Innerhalb","innerhalb","COMPOUND_NOUN",0,800,1,"https://de.wikipedia.org/wiki/Search_Result_0"
"ein den","ein den","PHRASAL_VERB",0,750,2,"https://de.wikipedia.org/wiki/Search_Result_0"
"den Bundestag","den bundestag","COLLOCATION",0,600,2,"https://de.wikipedia.org/wiki/Search_Result_0"
"ein der","ein der","PHRASAL_VERB",0,750,2,"https://de.wikipedia.org/wiki/Search_Result_0"
"Vorschlagsrecht","vorschlagsrecht","COMPOUND_NOUN",0,800,1,"https://de.wikipedia.org/wiki/Search_Result_0"
"auf bringt","auf bringt","PHRASAL_VERB",0,750,2,"https://de.wikipedia.org/wiki/Search_Result_0"
"US -","us -","COLLOCATION",0,828,2,"https://de.wikipedia.org/wiki/Search_Result_0"
"einen Bundesminister","einen bundesminister","COLLOCATION",0,615,2,"https://de.wikipedia.org/wiki/Search_Result_0"
"einschliesslich 2025","einschliesslich 2025","COLLOCATION",0,600,2,"https://de.wikipedia.org/wiki/Search_Result_0"
"bei den","bei den","PHRASAL_VERB",0,750,2,"https://de.wikipedia.org/wiki/Search_Result_0"
"Reichskanzler musste","reichskanzler musste","COLLOCATION",0,915,2,"https://de.wikipedia.org/wiki/Search_Result_0"
"bei der","bei der","PHRASAL_VERB",0,750,2,"https://de.wikipedia.org/wiki/Search_Result_0"
"alle Bundeskanzler","alle bundeskanzler","COLLOCATION",0,552,2,"https://de.wikipedia.org/wiki/Search_Result_0"
"nach mit","nach mit","PHRASAL_VERB",0,750,2,"https://de.wikipedia.org/wiki/Search_Result_0"
"von Bundesministern","von bundesministern","COLLOCATION",0,613,2,"https://de.wikipedia.org/wiki/Search_Result_0"
"Sprache","sprache","COMPOUND_NOUN",0,800,1,"https://de.wikipedia.org/wiki/Search_Result_0"
"Mit längsten","mit längsten","PHRASAL_VERB",0,750,2,"https://de.wikipedia.org/wiki/Search_Result_0"
"bis 2025","bis 2025","COLLOCATION",0,512,2,"https://de.wikipedia.org/wiki/Search_Result_0"
"Bodo Pieroth","bodo pieroth","COLLOCATION",1,000,2,"https://de.wikipedia.org/wiki/Search_Result_0"
"Mehrheit","mehrheit","COMPOUND_NOUN",0,800,1,"https://de.wikipedia.org/wiki/Search_Result_0"
"zu seinem","zu seinem","COLLOCATION",0,527,2,"https://de.wikipedia.org/wiki/Search_Result_0"
"her ununterbrochenes","her ununterbrochenes","PHRASAL_VERB",0,750,2,"https://de.wikipedia.org/wiki/Search_Result_0"
"Stellung","stellung","COMPOUND_NOUN",0,800,1,"https://de.wikipedia.org/wiki/Search_Result_0"
"spricht man","spricht man","COLLOCATION",0,974,2,"https://de.wikipedia.org/wiki/Search_Result_0"
"Bundeskanzler ernennt","bundeskanzler ernennt","COLLOCATION",0,552,2,"https://de.wikipedia.org/wiki/Search_Result_0"
"Auswahlrechtes","auswahlrechtes","COMPOUND_NOUN",0,800,1,"https://de.wikipedia.org/wiki/Search_Result_0"
"ein ununterbrochenes","ein ununterbrochenes","PHRASAL_VERB",0,750,2,"https://de.wikipedia.org/wiki/Search_Result_0"
"seinem Tod","seinem tod","COLLOCATION",0,822,2,"https://de.wikipedia.org/wiki/Search_Result_0"
"in Verbindung","in verbindung","COLLOCATION",0,630,2,"https://de.wikipedia.org/wiki/Search_Result_0"
"Bundesregierung","bundesregierung","COMPOUND_NOUN",0,800,1,"https://de.wikipedia.org/wiki/Search_Result_0"
"Georg Kiesinger","georg kiesinger","COLLOCATION",0,968,2,"https://de.wikipedia.org/wiki/Search_Result_0"
"Bei Bewältigung","bei bewältigung","PHRASAL_VERB",0,750,2,"https://de.wikipedia.org/wiki/Search_Result_0"
"vom 10","vom 10","COLLOCATION",0,670,2,"https://de.wikipedia.org/wiki/Search_Result_0"
"Gemeinsamen Ausschuss","gemeinsamen ausschuss","COLLOCATION",1,000,2,"https://de.wikipedia.org/wiki/Search_Result_0"
"Zentralgewaltgesetz","zentralgewaltgesetz","COMPOUND_NOUN",0,800,1,"https://de.wikipedia.org/wiki/Search_Result_0"
"unterstrichen wurde","unterstrich wurde","COLLOCATION",0,600,2,"https://de.wikipedia.org/wiki/Search_Result_0"
"Meinung","meinung","COMPOUND_NOUN",0,800,1,"https://de.wikipedia.org/wiki/Search_Result_0"
"unter Staaten","unter staaten","PHRASAL_VERB",0,750,2,"https://de.wikipedia.org/wiki/Search_Result_0"
"26 Tagen","26 tagen","COLLOCATION",1,000,2,"https://de.wikipedia.org/wiki/Search_Result_0"
"die Gesetze","die gesetze","COLLOCATION",0,529,2,"https://de.wikipedia.org/wiki/Search_Result_0"
"Rücktritt oder","rücktritt oder","COLLOCATION",0,632,2,"https://de.wikipedia.org/wiki/Search_Result_0"
"Dienstwohnung","dienstwohnung","COMPOUND_NOUN",0,800,1,"https://de.wikipedia.org/wiki/Search_Result_0"
"vom 17","vom 17","COLLOCATION",0,687,2,"https://de.wikipedia.org/wiki/Search_Result_0"
"Ortszuschlag","ortszuschlag","COMPOUND_NOUN",0,800,1,"https://de.wikipedia.org/wiki/Search_Result_0"
"sich entschliessen","sich entschliessen","COLLOCATION",0,600,2,"https://de.wikipedia.org/wiki/Search_Result_0"
"als unbegründet","als unbegründet","COLLOCATION",0,736,2,"https://de.wikipedia.org/wiki/Search_Result_0"
"lassen dürfe","lass dürfe","COLLOCATION",0,600,2,"https://de.wikipedia.org/wiki/Search_Result_0"
"Oppositionspartei","oppositionspartei","COMPOUND_NOUN",0,800,1,"https://de.wikipedia.org/wiki/Search_Result_0"
"Bei dieser","bei dieser","PHRASAL_VERB",0,750,2,"https://de.wikipedia.org/wiki/Search_Result_0"
"Grossen Koalition","grossen koalition","COLLOCATION",0,839,2,"https://de.wikipedia.org/wiki/Search_Result_0"
"Hamburg )","hamburg )","COLLOCATION",0,659,2,"https://de.wikipedia.org/wiki/Search_Result_0"
"Betreuung oder","betreuung oder","COLLOCATION",0,600,2,"https://de.wikipedia.org/wiki/Search_Result_0"
"Gültigkeit","gültigkeit","COMPOUND_NOUN",0,800,1,"https://de.wikipedia.org/wiki/Search_Result_0"
"zum Wort","zum wort","COLLOCATION",0,700,2,"https://de.wikipedia.org/wiki/Search_Result_0"
"Grosse Koalition","grosse koalition","COLLOCATION",0,807,2,"https://de.wikipedia.org/wiki/Search_Result_0"
"Bundesminister","bundesminister","COMPOUND_NOUN",0,800,1,"https://de.wikipedia.org/wiki/Search_Result_0"
"2 BvE","2 bve","COLLOCATION",0,964,2,"https://de.wikipedia.org/wiki/Search_Result_0"
"häufig von","häufig von","COLLOCATION",0,600,2,"https://de.wikipedia.org/wiki/Search_Result_0"
"zweite Amtszeit","zweit amtszeit","COLLOCATION",0,600,2,"https://de.wikipedia.org/wiki/Search_Result_0"
"durch das","durch das","COLLOCATION",0,600,2,"https://de.wikipedia.org/wiki/Search_Result_0"
"auf mit","auf mit","PHRASAL_VERB",0,750,2,"https://de.wikipedia.org/wiki/Search_Result_0"
"ISBN 978-3","isbn 978-3","COLLOCATION",1,000,2,"https://de.wikipedia.org/wiki/Search_Result_0"
"nur in","nur in","PHRASAL_VERB",0,700,2,"https://de.wikipedia.org/wiki/Search_Result_0"
"Schranken","schranken","COMPOUND_NOUN",0,800,1,"https://de.wikipedia.org/wiki/Search_Result_0"
"einen neuen","ein neuen","COLLOCATION",0,600,2,"https://de.wikipedia.org/wiki/Search_Result_0"
"Aussage","aussage","COMPOUND_NOUN",0,800,1,"https://de.wikipedia.org/wiki/Search_Result_0"
"Protokoll","protokoll","COMPOUND_NOUN",0,800,1,"https://de.wikipedia.org/wiki/Search_Result_0"
"mit einen","mit einen","PHRASAL_VERB",0,750,2,"https://de.wikipedia.org/wiki/Search_Result_0"
"mit einem","mit einem","PHRASAL_VERB",0,750,2,"https://de.wikipedia.org/wiki/Search_Result_0"
"69 Absatz","69 absatz","COLLOCATION",0,948,2,"https://de.wikipedia.org/wiki/Search_Result_0"
"Beziehungen zu","beziehungen zu","COLLOCATION",0,693,2,"https://de.wikipedia.org/wiki/Search_Result_0"
"ernannt wurde","ernannt wurde","COLLOCATION",0,657,2,"https://de.wikipedia.org/wiki/Search_Result_0"
"war zudem","war zudem","COLLOCATION",0,776,2,"https://de.wikipedia.org/wiki/Search_Result_0"
"der Bemessung der","der bemessung der","COLLOCATION",0,650,3,"https://de.wikipedia.org/wiki/Search_Result_0"
"ein die","ein die","PHRASAL_VERB",0,750,2,"https://de.wikipedia.org/wiki/Search_Result_0"
"↑ Bodo","↑ bodo","COLLOCATION",0,643,2,"https://de.wikipedia.org/wiki/Search_Result_0"
"die von","die von","PHRASAL_VERB",0,700,2,"https://de.wikipedia.org/wiki/Search_Result_0"
"Exekutive zu","exekutiv zu","COLLOCATION",0,600,2,"https://de.wikipedia.org/wiki/Search_Result_0"
"Ausdruck","ausdruck","COMPOUND_NOUN",0,800,1,"https://de.wikipedia.org/wiki/Search_Result_0"
"vorgezogene Neuwahlen","vorgezogene neuwahlen","COLLOCATION",1,000,2,"https://de.wikipedia.org/wiki/Search_Result_0"
"Vergütung","vergütung","COMPOUND_NOUN",0,800,1,"https://de.wikipedia.org/wiki/Search_Result_0"
"Christian Lindner","christian lindner","COLLOCATION",1,000,2,"https://de.wikipedia.org/wiki/Search_Result_0"
"zu stürzen","zu stürzen","PHRASAL_VERB",0,750,2,"https://de.wikipedia.org/wiki/Search_Result_0"
"indem nur","indem nur","COLLOCATION",0,600,2,"https://de.wikipedia.org/wiki/Search_Result_0"
"Gewählte","gewählte","COMPOUND_NOUN",0,800,1,"https://de.wikipedia.org/wiki/Search_Result_0"
"mit eines","mit eines","PHRASAL_VERB",0,750,2,"https://de.wikipedia.org/wiki/Search_Result_0"
"Helmut Schmidt","helmut schmidt","NAMED_ENTITY",0,850,2,"https://de.wikipedia.org/wiki/Search_Result_0"
"ein Mitglied","ein mitglied","PHRASAL_VERB",0,750,2,"https://de.wikipedia.org/wiki/Search_Result_0"
"international stark","international stark","COLLOCATION",0,600,2,"https://de.wikipedia.org/wiki/Search_Result_0"
"mit einstigen","mit einstigen","PHRASAL_VERB",0,750,2,"https://de.wikipedia.org/wiki/Search_Result_0"
"bei Amtsantritt","bei amtsantritt","COLLOCATION",0,838,2,"https://de.wikipedia.org/wiki/Search_Result_0"
"Nachhinein als","nachhinein als","COLLOCATION",0,600,2,"https://de.wikipedia.org/wiki/Search_Result_0"
"faktisch geschäftsführend","faktisch geschäftsführend","COLLOCATION",1,000,2,"https://de.wikipedia.org/wiki/Search_Result_0"
"Bundeskanzlervorschlag","bundeskanzlervorschlag","COMPOUND_NOUN",0,800,1,"https://de.wikipedia.org/wiki/Search_Result_0"
"Fortsetzung","fortsetzung","COMPOUND_NOUN",0,800,1,"https://de.wikipedia.org/wiki/Search_Result_0"
"mit ebenfalls","mit ebenfalls","PHRASAL_VERB",0,750,2,"https://de.wikipedia.org/wiki/Search_Result_0"
"die demokratische Phase","die demokratisch phase","COLLOCATION",0,650,3,"https://de.wikipedia.org/wiki/Search_Result_0"
"bei die","bei die","PHRASAL_VERB",0,750,2,"https://de.wikipedia.org/wiki/Search_Result_0"
"seinen Nachfolgern","seinen nachfolgern","COLLOCATION",1,000,2,"https://de.wikipedia.org/wiki/Search_Result_0"
"an Geschäftsordnung","an geschäftsordnung","PHRASAL_VERB",0,750,2,"https://de.wikipedia.org/wiki/Search_Result_0"
"Oktober 2022","oktober 2022","COLLOCATION",0,847,2,"https://de.wikipedia.org/wiki/Search_Result_0"
"die absolute Mehrheit","die absolut mehrheit","COLLOCATION",0,650,3,"https://de.wikipedia.org/wiki/Search_Result_0"
"Gründung der","gründung der","COLLOCATION",0,600,2,"https://de.wikipedia.org/wiki/Search_Result_0"
"scharf kritisierte","scharf kritisierte","COLLOCATION",0,600,2,"https://de.wikipedia.org/wiki/Search_Result_0"
"sich selbst","sich selbst","COLLOCATION",0,600,2,"https://de.wikipedia.org/wiki/Search_Result_0"
"einer Minderheitsregierung","einer minderheitsregierung","COLLOCATION",0,793,2,"https://de.wikipedia.org/wiki/Search_Result_0"
"Revolutionszeit","revolutionszeit","COMPOUND_NOUN",0,800,1,"https://de.wikipedia.org/wiki/Search_Result_0"
"Regierungsamt","regierungsamt","COMPOUND_NOUN",0,800,1,"https://de.wikipedia.org/wiki/Search_Result_0"
"Ausschüsse","ausschüsse","COMPOUND_NOUN",0,800,1,"https://de.wikipedia.org/wiki/Search_Result_0"
"Bundespräsidenten ernannt","bundespräsidenten ernannt","COLLOCATION",0,652,2,"https://de.wikipedia.org/wiki/Search_Result_0"
"unter des","unter des","PHRASAL_VERB",0,750,2,"https://de.wikipedia.org/wiki/Search_Result_0"
"Formierung einer","formierung einer","COLLOCATION",0,600,2,"https://de.wikipedia.org/wiki/Search_Result_0"
"Unterstützung","unterstützung","COMPOUND_NOUN",0,800,1,"https://de.wikipedia.org/wiki/Search_Result_0"
"Befugnisse des","befugnisse des","COLLOCATION",0,501,2,"https://de.wikipedia.org/wiki/Search_Result_0"
"Reptilienfonds","reptilienfonds","COMPOUND_NOUN",0,800,1,"https://de.wikipedia.org/wiki/Search_Result_0"
"Bezeichnung ""","bezeichnung ""","COLLOCATION",0,613,2,"https://de.wikipedia.org/wiki/Search_Result_0"
": faz.net",": faz.net","COLLOCATION",0,697,2,"https://de.wikipedia.org/wiki/Search_Result_0"
": bundestag.de",": bundestag.de","COLLOCATION",0,697,2,"https://de.wikipedia.org/wiki/Search_Result_0"
"Reichstag","reichstag","COMPOUND_NOUN",0,800,1,"https://de.wikipedia.org/wiki/Search_Result_0"
"Unter den","unter den","PHRASAL_VERB",0,750,2,"https://de.wikipedia.org/wiki/Search_Result_0"
"eines Nachfolgers","eines nachfolgers","COLLOCATION",0,841,2,"https://de.wikipedia.org/wiki/Search_Result_0"
"Bundeskanzleramtes","bundeskanzleramtes","COMPOUND_NOUN",0,800,1,"https://de.wikipedia.org/wiki/Search_Result_0"
"Einzelwahl","einzelwahl","COMPOUND_NOUN",0,800,1,"https://de.wikipedia.org/wiki/Search_Result_0"
"die beklagte","die beklagte","COLLOCATION",0,529,2,"https://de.wikipedia.org/wiki/Search_Result_0"
"weil er","weil er","COLLOCATION",0,615,2,"https://de.wikipedia.org/wiki/Search_Result_0"
"Aussöhnung","aussöhnung","COMPOUND_NOUN",0,800,1,"https://de.wikipedia.org/wiki/Search_Result_0"
"das Amt","das amt","COLLOCATION",0,575,2,"https://de.wikipedia.org/wiki/Search_Result_0"
"Ministerpräsident genannt","ministerpräsident genannt","COLLOCATION",0,600,2,"https://de.wikipedia.org/wiki/Search_Result_0"
"Linkspartei","linkspartei","COMPOUND_NOUN",0,800,1,"https://de.wikipedia.org/wiki/Search_Result_0"
"ARD Audiothek","ard audiothek","NAMED_ENTITY",0,850,2,"https://de.wikipedia.org/wiki/Search_Result_0"
"Bundeskanzlern","bundeskanzlern","COMPOUND_NOUN",0,800,1,"https://de.wikipedia.org/wiki/Search_Result_0"
"der Strafprozessordnung bzw","der strafprozessordnung bzw","COLLOCATION",0,650,3,"https://de.wikipedia.org/wiki/Search_Result_0"
"Schlagwort","schlagwort","COMPOUND_NOUN",0,800,1,"https://de.wikipedia.org/wiki/Search_Result_0"
"Machtbefugnisse","machtbefugnisse","COMPOUND_NOUN",0,800,1,"https://de.wikipedia.org/wiki/Search_Result_0"
"Gegnerschaft","gegnerschaft","COMPOUND_NOUN",0,800,1,"https://de.wikipedia.org/wiki/Search_Result_0"
"ein Kandidat","ein kandidat","COLLOCATION",0,632,2,"https://de.wikipedia.org/wiki/Search_Result_0"
"Ernennung eines","ernennung eines","COLLOCATION",0,726,2,"https://de.wikipedia.org/wiki/Search_Result_0"
"einen weiteren Wahlgang","einen weiter wahlgang","COLLOCATION",0,650,3,"https://de.wikipedia.org/wiki/Search_Result_0"
"Bundeskanzler Üb","bundeskanzler üb","NAMED_ENTITY",0,850,2,"https://de.wikipedia.org/wiki/Search_Result_0"
"weiteren Wahlgang","weiter wahlgang","COLLOCATION",0,600,2,"https://de.wikipedia.org/wiki/Search_Result_0"
"Misstrauensvotums","misstrauensvotums","COMPOUND_NOUN",0,800,1,"https://de.wikipedia.org/wiki/Search_Result_0"
"Zu sehr","zu sehr","PHRASAL_VERB",0,750,2,"https://de.wikipedia.org/wiki/Search_Result_0"
"Bundeskanzlers","bundeskanzlers","COMPOUND_NOUN",0,800,1,"https://de.wikipedia.org/wiki/Search_Result_0"
"des Bundes","des bundes","COLLOCATION",0,601,2,"https://de.wikipedia.org/wiki/Search_Result_0"
"ein gestellt","ein gestellt","PHRASAL_VERB",0,750,2,"https://de.wikipedia.org/wiki/Search_Result_0"
"Tod Helmut","tod helmut","NAMED_ENTITY",0,850,2,"https://de.wikipedia.org/wiki/Search_Result_0"
"Artikel 115h","artikel 115h","COLLOCATION",0,869,2,"https://de.wikipedia.org/wiki/Search_Result_0"
"Regel auf","regel auf","COLLOCATION",0,684,2,"https://de.wikipedia.org/wiki/Search_Result_0"
"des Bundestages","des bundestages","COLLOCATION",0,535,2,"https://de.wikipedia.org/wiki/Search_Result_0"
"Redezeit","redezeit","COMPOUND_NOUN",0,800,1,"https://de.wikipedia.org/wiki/Search_Result_0"
"die mit","die mit","PHRASAL_VERB",0,700,2,"https://de.wikipedia.org/wiki/Search_Result_0"
"jedoch nicht","jedoch nicht","COLLOCATION",0,600,2,"https://de.wikipedia.org/wiki/Search_Result_0"
"seiner Amtszeit","seiner amtszeit","COLLOCATION",0,670,2,"https://de.wikipedia.org/wiki/Search_Result_0"
"Auf diese","auf diese","PHRASAL_VERB",0,750,2,"https://de.wikipedia.org/wiki/Search_Result_0"
"Willy Brandt","willy brandt","COLLOCATION",0,874,2,"https://de.wikipedia.org/wiki/Search_Result_0"
"Amtszeit fiel","amtszeit fiel","COLLOCATION",0,815,2,"https://de.wikipedia.org/wiki/Search_Result_0"
"Amt gewählt","amt gewählt","COLLOCATION",0,559,2,"https://de.wikipedia.org/wiki/Search_Result_0"
"Grundgehalt","grundgehalt","COMPOUND_NOUN",0,800,1,"https://de.wikipedia.org/wiki/Search_Result_0"
"das Wort","das wort","COLLOCATION",0,559,2,"https://de.wikipedia.org/wiki/Search_Result_0"
"Regierung","regierung","COMPOUND_NOUN",0,800,1,"https://de.wikipedia.org/wiki/Search_Result_0"
"worden wäre","word wäre","COLLOCATION",0,600,2,"https://de.wikipedia.org/wiki/Search_Result_0"
"ein anderes","ein anderes","COLLOCATION",0,764,2,"https://de.wikipedia.org/wiki/Search_Result_0"
"Nach Enttarnung","nach enttarnung","PHRASAL_VERB",0,750,2,"https://de.wikipedia.org/wiki/Search_Result_0"
"Volksbeauftragten","volksbeauftragten","COMPOUND_NOUN",0,800,1,"https://de.wikipedia.org/wiki/Search_Result_0"
"und unterschrieb","und unterschrieb","COLLOCATION",0,600,2,"https://de.wikipedia.org/wiki/Search_Result_0"
"Parteien","parteien","COMPOUND_NOUN",0,800,1,"https://de.wikipedia.org/wiki/Search_Result_0"
"Politikwissenschaftler","politikwissenschaftler","COMPOUND_NOUN",0,800,1,"https://de.wikipedia.org/wiki/Search_Result_0"
"Roman Herzog","roman herzog","COLLOCATION",1,000,2,"https://de.wikipedia.org/wiki/Search_Result_0"
"Bundesrepublik","bundesrepublik","COMPOUND_NOUN",0,800,1,"https://de.wikipedia.org/wiki/Search_Result_0"
"zu Entlassung","zu entlassung","PHRASAL_VERB",0,750,2,"https://de.wikipedia.org/wiki/Search_Result_0"
"Grundstein","grundstein","COMPOUND_NOUN",0,800,1,"https://de.wikipedia.org/wiki/Search_Result_0"
"ISBN 3","isbn 3","COLLOCATION",0,862,2,"https://de.wikipedia.org/wiki/Search_Result_0"
"Vorgänger","vorgänger","COMPOUND_NOUN",0,800,1,"https://de.wikipedia.org/wiki/Search_Result_0"
"den Gemeinsamen","den gemeinsamen","COLLOCATION",0,611,2,"https://de.wikipedia.org/wiki/Search_Result_0"
"des Gesetzes","des gesetzes","COLLOCATION",0,601,2,"https://de.wikipedia.org/wiki/Search_Result_0"
"Interpretation","interpretation","COMPOUND_NOUN",0,800,1,"https://de.wikipedia.org/wiki/Search_Result_0"
"Aussenminister","aussenminister","COMPOUND_NOUN",0,800,1,"https://de.wikipedia.org/wiki/Search_Result_0"
"ein und","ein und","PHRASAL_VERB",0,750,2,"https://de.wikipedia.org/wiki/Search_Result_0"
"und wurde","und wurde","COLLOCATION",0,600,2,"https://de.wikipedia.org/wiki/Search_Result_0"
"zu und","zu und","PHRASAL_VERB",0,750,2,"https://de.wikipedia.org/wiki/Search_Result_0"
"63 Grundgesetz","63 grundgesetz","COLLOCATION",0,718,2,"https://de.wikipedia.org/wiki/Search_Result_0"
"vor eingehende","vor eingehende","PHRASAL_VERB",0,750,2,"https://de.wikipedia.org/wiki/Search_Result_0"
"aus mit","aus mit","PHRASAL_VERB",0,750,2,"https://de.wikipedia.org/wiki/Search_Result_0"
"Mal zur","mal zur","COLLOCATION",0,777,2,"https://de.wikipedia.org/wiki/Search_Result_0"
"gab es","gab es","COLLOCATION",0,857,2,"https://de.wikipedia.org/wiki/Search_Result_0"
"Bundesnachrichtendienst","bundesnachrichtendienst","COMPOUND_NOUN",0,800,1,"https://de.wikipedia.org/wiki/Search_Result_0"
"Ernennung","ernennung","COMPOUND_NOUN",0,800,1,"https://de.wikipedia.org/wiki/Search_Result_0"
"Rangordnung","rangordnung","COMPOUND_NOUN",0,800,1,"https://de.wikipedia.org/wiki/Search_Result_0"
"sondern auch","sondern auch","COLLOCATION",0,600,2,"https://de.wikipedia.org/wiki/Search_Result_0"
"Verrates","verrates","COMPOUND_NOUN",0,800,1,"https://de.wikipedia.org/wiki/Search_Result_0"
"Geschäftszweig selbstständig","geschäftszweig selbstständig","COLLOCATION",0,600,2,"https://de.wikipedia.org/wiki/Search_Result_0"
"beschränkt ist","beschränkt ist","COLLOCATION",0,706,2,"https://de.wikipedia.org/wiki/Search_Result_0"
"Weiteres","weiteres","COMPOUND_NOUN",0,800,1,"https://de.wikipedia.org/wiki/Search_Result_0"
"Verteidigungsfalls","verteidigungsfalls","COMPOUND_NOUN",0,800,1,"https://de.wikipedia.org/wiki/Search_Result_0"
"Kurt Georg","kurt georg","COLLOCATION",1,000,2,"https://de.wikipedia.org/wiki/Search_Result_0"
"das jedoch nicht","das jedoch nicht","COLLOCATION",0,650,3,"https://de.wikipedia.org/wiki/Search_Result_0"
"absoluten Mehrheit","absolut mehrheit","COLLOCATION",0,925,2,"https://de.wikipedia.org/wiki/Search_Result_0"
"Bundesrepublik Deutschland","bundesrepublik deutschland","COLLOCATION",0,845,2,"https://de.wikipedia.org/wiki/Search_Result_0"
"Bundesrat aus","bundesrat aus","COLLOCATION",0,600,2,"https://de.wikipedia.org/wiki/Search_Result_0"
"Waldemar Schreckenberger","waldemar schreckenberger","COLLOCATION",1,000,2,"https://de.wikipedia.org/wiki/Search_Result_0"
"den damaligen","den damaligen","COLLOCATION",0,600,2,"https://de.wikipedia.org/wiki/Search_Result_0"
"Reichsverweser","reichsverweser","COMPOUND_NOUN",0,800,1,"https://de.wikipedia.org/wiki/Search_Result_0"
"nach Geschäftsordnung","nach geschäftsordnung","PHRASAL_VERB",0,750,2,"https://de.wikipedia.org/wiki/Search_Result_0"
"oder aber","oder aber","COLLOCATION",0,512,2,"https://de.wikipedia.org/wiki/Search_Result_0"
"Dienste des","dienste des","COLLOCATION",0,601,2,"https://de.wikipedia.org/wiki/Search_Result_0"
"stark beachtet","stark beachtet","COLLOCATION",1,000,2,"https://de.wikipedia.org/wiki/Search_Result_0"
"Versöhnung","versöhnung","COMPOUND_NOUN",0,800,1,"https://de.wikipedia.org/wiki/Search_Result_0"
"Grundgesetz","grundgesetz","COMPOUND_NOUN",0,800,1,"https://de.wikipedia.org/wiki/Search_Result_0"
"Mitgliedschaft","mitgliedschaft","COMPOUND_NOUN",0,800,1,"https://de.wikipedia.org/wiki/Search_Result_0"
"ihrer Amtszeit","ihr amtszeit","COLLOCATION",0,741,2,"https://de.wikipedia.org/wiki/Search_Result_0"
"und seit","und seit","COLLOCATION",0,600,2,"https://de.wikipedia.org/wiki/Search_Result_0"
"von Olaf","von olaf","COLLOCATION",0,533,2,"https://de.wikipedia.org/wiki/Search_Result_0"
"Geschäftsbereich des","geschäftsbereich des","COLLOCATION",0,601,2,"https://de.wikipedia.org/wiki/Search_Result_0"
"auf einen","auf einen","COLLOCATION",0,567,2,"https://de.wikipedia.org/wiki/Search_Result_0"
"Wirtschaft in","wirtschaft in","COLLOCATION",0,530,2,"https://de.wikipedia.org/wiki/Search_Result_0"
"sich nun","sich nun","COLLOCATION",0,600,2,"https://de.wikipedia.org/wiki/Search_Result_0"
"Geschichte","geschichte","COMPOUND_NOUN",0,800,1,"https://de.wikipedia.org/wiki/Search_Result_0"
"ein eindeutiges","ein eindeutiges","PHRASAL_VERB",0,750,2,"https://de.wikipedia.org/wiki/Search_Result_0"
"die zweite Amtszeit","die zweit amtszeit","COLLOCATION",0,650,3,"https://de.wikipedia.org/wiki/Search_Result_0"
"auf entschied","auf entschied","PHRASAL_VERB",0,750,2,"https://de.wikipedia.org/wiki/Search_Result_0"
"( Satz","( satz","COLLOCATION",0,527,2,"https://de.wikipedia.org/wiki/Search_Result_0"
""" genannt",""" genannt","COLLOCATION",0,613,2,"https://de.wikipedia.org/wiki/Search_Result_0"
"Anspruch auf","anspruch auf","COLLOCATION",0,684,2,"https://de.wikipedia.org/wiki/Search_Result_0"
"mit und","mit und","PHRASAL_VERB",0,750,2,"https://de.wikipedia.org/wiki/Search_Result_0"
"Allenfalls","allenfalls","COMPOUND_NOUN",0,800,1,"https://de.wikipedia.org/wiki/Search_Result_0"
"über die","über die","PHRASAL_VERB",0,750,2,"https://de.wikipedia.org/wiki/Search_Result_0"
"seit 2025","seit 2025","COLLOCATION",0,697,2,"https://de.wikipedia.org/wiki/Search_Result_0"
"das Amt des","das amt des","COLLOCATION",0,650,3,"https://de.wikipedia.org/wiki/Search_Result_0"
"Hier schreiben","hi schreiben","COLLOCATION",0,600,2,"https://de.wikipedia.org/wiki/Search_Result_0"
"Regierungsmitglieder","regierungsmitglieder","COMPOUND_NOUN",0,800,1,"https://de.wikipedia.org/wiki/Search_Result_0"
"Unionsparteien","unionsparteien","COMPOUND_NOUN",0,800,1,"https://de.wikipedia.org/wiki/Search_Result_0"
"Gerichtshöfe","gerichtshöfe","COMPOUND_NOUN",0,800,1,"https://de.wikipedia.org/wiki/Search_Result_0"
"Ausstattung mit","ausstattung mit","COLLOCATION",0,717,2,"https://de.wikipedia.org/wiki/Search_Result_0"
"dieser Eigenschaft","dies eigenschaft","COLLOCATION",0,600,2,"https://de.wikipedia.org/wiki/Search_Result_0"
"Stand :","stand :","COLLOCATION",0,639,2,"https://de.wikipedia.org/wiki/Search_Result_0"
"zwei Wochen","zwei wochen","COLLOCATION",0,962,2,"https://de.wikipedia.org/wiki/Search_Result_0"
"ein gemeinsames","ein gemeinsames","PHRASAL_VERB",0,750,2,"https://de.wikipedia.org/wiki/Search_Result_0"
"ein eine","ein eine","PHRASAL_VERB",0,750,2,"https://de.wikipedia.org/wiki/Search_Result_0"
"Ein nach","ein nach","PHRASAL_VERB",0,750,2,"https://de.wikipedia.org/wiki/Search_Result_0"
"Ausnahmen","ausnahmen","COMPOUND_NOUN",0,800,1,"https://de.wikipedia.org/wiki/Search_Result_0"
"ein besonderes","ein besonderes","PHRASAL_VERB",0,750,2,"https://de.wikipedia.org/wiki/Search_Result_0"
"zum Teil","zum teil","COLLOCATION",0,832,2,"https://de.wikipedia.org/wiki/Search_Result_0"
"acht Jahre","acht jahre","COLLOCATION",0,918,2,"https://de.wikipedia.org/wiki/Search_Result_0"
"der Ministerpräsident laut","der ministerpräsident laut","COLLOCATION",0,650,3,"https://de.wikipedia.org/wiki/Search_Result_0"
"Wehrmacht","wehrmacht","COMPOUND_NOUN",0,800,1,"https://de.wikipedia.org/wiki/Search_Result_0"
"unter Bezeichnung","unter bezeichnung","PHRASAL_VERB",0,750,2,"https://de.wikipedia.org/wiki/Search_Result_0"
"des Innern","des innern","COLLOCATION",0,601,2,"https://de.wikipedia.org/wiki/Search_Result_0"
"zu die","zu die","PHRASAL_VERB",0,750,2,"https://de.wikipedia.org/wiki/Search_Result_0"
"Öffentlichkeit","öffentlichkeit","COMPOUND_NOUN",0,800,1,"https://de.wikipedia.org/wiki/Search_Result_0"
"zu treffen","zu treffen","COLLOCATION",0,693,2,"https://de.wikipedia.org/wiki/Search_Result_0"
"Reichsministerpräsident","reichsministerpräsident","COMPOUND_NOUN",0,800,1,"https://de.wikipedia.org/wiki/Search_Result_0"
"zusammen mit","zusammen mit","COLLOCATION",0,643,2,"https://de.wikipedia.org/wiki/Search_Result_0"
"im Oktober","im oktob","COLLOCATION",0,703,2,"https://de.wikipedia.org/wiki/Search_Result_0"
"Legitimation","legitimation","COMPOUND_NOUN",0,800,1,"https://de.wikipedia.org/wiki/Search_Result_0"
"Wählers","wählers","COMPOUND_NOUN",0,800,1,"https://de.wikipedia.org/wiki/Search_Result_0"
"vor starken","vor starken","PHRASAL_VERB",0,750,2,"https://de.wikipedia.org/wiki/Search_Result_0"
"Wahlphase","wahlphase","COMPOUND_NOUN",0,800,1,"https://de.wikipedia.org/wiki/Search_Result_0"
"so hat","so hat","COLLOCATION",0,559,2,"https://de.wikipedia.org/wiki/Search_Result_0"
"Möglichkeit","möglichkeit","COMPOUND_NOUN",0,800,1,"https://de.wikipedia.org/wiki/Search_Result_0"
"ihrer praktischen","ihr praktischen","COLLOCATION",0,600,2,"https://de.wikipedia.org/wiki/Search_Result_0"
"den geplanten","den geplanten","COLLOCATION",0,600,2,"https://de.wikipedia.org/wiki/Search_Result_0"
"Hitlers","hitlers","COMPOUND_NOUN",0,800,1,"https://de.wikipedia.org/wiki/Search_Result_0"
"streng zwischen","streng zwisch","PHRASAL_VERB",0,700,2,"https://de.wikipedia.org/wiki/Search_Result_0"
"gewählt werden","gewählt werden","COLLOCATION",0,575,2,"https://de.wikipedia.org/wiki/Search_Result_0"
"Streit zwischen","streit zwisch","PHRASAL_VERB",0,700,2,"https://de.wikipedia.org/wiki/Search_Result_0"
"mit gewählten","mit gewählten","PHRASAL_VERB",0,750,2,"https://de.wikipedia.org/wiki/Search_Result_0"
"Gesetze des","gesetze des","COLLOCATION",0,601,2,"https://de.wikipedia.org/wiki/Search_Result_0"
"Sitzung des","sitzung des","COLLOCATION",0,601,2,"https://de.wikipedia.org/wiki/Search_Result_0"
"Führung der","führung der","COLLOCATION",0,600,2,"https://de.wikipedia.org/wiki/Search_Result_0"
"↑ Urteil","↑ urteil","COLLOCATION",0,630,2,"https://de.wikipedia.org/wiki/Search_Result_0"
"Februar 2022","februar 2022","COLLOCATION",0,815,2,"https://de.wikipedia.org/wiki/Search_Result_0"
"Verfügung","verfügung","COMPOUND_NOUN",0,800,1,"https://de.wikipedia.org/wiki/Search_Result_0"
"Machtfülle des","machtfülle des","COLLOCATION",0,601,2,"https://de.wikipedia.org/wiki/Search_Result_0"
"Februar 2025","februar 2025","COLLOCATION",0,815,2,"https://de.wikipedia.org/wiki/Search_Result_0"
"sondern der","sondern der","COLLOCATION",0,600,2,"https://de.wikipedia.org/wiki/Search_Result_0"
"Herkunft","herkunft","COMPOUND_NOUN",0,800,1,"https://de.wikipedia.org/wiki/Search_Result_0"
"Im Nachhinein","im nachhinein","COLLOCATION",0,703,2,"https://de.wikipedia.org/wiki/Search_Result_0"
"Vorgesetzter","vorgesetzter","COMPOUND_NOUN",0,800,1,"https://de.wikipedia.org/wiki/Search_Result_0"
"Brandt war","brandt war","COLLOCATION",0,502,2,"https://de.wikipedia.org/wiki/Search_Result_0"
"Vertretungsreihenfolge","vertretungsreihenfolge","COMPOUND_NOUN",0,800,1,"https://de.wikipedia.org/wiki/Search_Result_0"
"über den","über den","PHRASAL_VERB",0,750,2,"https://de.wikipedia.org/wiki/Search_Result_0"
"Aufgabe","aufgabe","COMPOUND_NOUN",0,800,1,"https://de.wikipedia.org/wiki/Search_Result_0"
"über der","über der","PHRASAL_VERB",0,750,2,"https://de.wikipedia.org/wiki/Search_Result_0"
"Promotion","promotion","COMPOUND_NOUN",0,800,1,"https://de.wikipedia.org/wiki/Search_Result_0"
"laut Verfassung","laut verfassung","COLLOCATION",0,989,2,"https://de.wikipedia.org/wiki/Search_Result_0"
"Regierungschef","regierungschef","COMPOUND_NOUN",0,800,1,"https://de.wikipedia.org/wiki/Search_Result_0"
"Artikels","artikels","COMPOUND_NOUN",0,800,1,"https://de.wikipedia.org/wiki/Search_Result_0"
"gleichzeitig auf","gleichzeitig auf","COLLOCATION",0,600,2,"https://de.wikipedia.org/wiki/Search_Result_0"
"nicht aber","nicht aber","COLLOCATION",0,600,2,"https://de.wikipedia.org/wiki/Search_Result_0"
"und damit","und damit","COLLOCATION",0,600,2,"https://de.wikipedia.org/wiki/Search_Result_0"
"Grundsatz","grundsatz","COMPOUND_NOUN",0,800,1,"https://de.wikipedia.org/wiki/Search_Result_0"
"Personalfreiheit","personalfreiheit","COMPOUND_NOUN",0,800,1,"https://de.wikipedia.org/wiki/Search_Result_0"
"nicht mehr","nicht mehr","COLLOCATION",0,618,2,"https://de.wikipedia.org/wiki/Search_Result_0"
"zusammengebrochen war","zusammengebroch war","COLLOCATION",0,600,2,"https://de.wikipedia.org/wiki/Search_Result_0"
"den beiden","den beiden","COLLOCATION",0,600,2,"https://de.wikipedia.org/wiki/Search_Result_0"
"nach eine","nach eine","PHRASAL_VERB",0,750,2,"https://de.wikipedia.org/wiki/Search_Result_0"
"Jahr 1871","jahr 1871","COLLOCATION",0,600,2,"https://de.wikipedia.org/wiki/Search_Result_0"
"die Lastenausgleichsgesetzgebung oder","die lastenausgleichsgesetzgebung oder","COLLOCATION",0,650,3,"https://de.wikipedia.org/wiki/Search_Result_0"
"mit die","mit die","PHRASAL_VERB",0,750,2,"https://de.wikipedia.org/wiki/Search_Result_0"
"er allerdings","er allerdings","COLLOCATION",0,600,2,"https://de.wikipedia.org/wiki/Search_Result_0"
"Funktion","funktion","COMPOUND_NOUN",0,800,1,"https://de.wikipedia.org/wiki/Search_Result_0"
"Mitwirkung","mitwirkung","COMPOUND_NOUN",0,800,1,"https://de.wikipedia.org/wiki/Search_Result_0"
"nur noch","nur noch","COLLOCATION",0,573,2,"https://de.wikipedia.org/wiki/Search_Result_0"
"Heinrich von","heinrich von","COLLOCATION",0,655,2,"https://de.wikipedia.org/wiki/Search_Result_0"
"nicht um","nicht um","COLLOCATION",0,600,2,"https://de.wikipedia.org/wiki/Search_Result_0"
"Pieroth :","pieroth :","COLLOCATION",0,610,2,"https://de.wikipedia.org/wiki/Search_Result_0"
"Unvereinbarkeit","unvereinbarkeit","COMPOUND_NOUN",0,800,1,"https://de.wikipedia.org/wiki/Search_Result_0"
"Bürgermeister","bürgermeister","COMPOUND_NOUN",0,800,1,"https://de.wikipedia.org/wiki/Search_Result_0"
"transatlantische Partnerschaft","transatlantisch partnerschaft","COLLOCATION",0,600,2,"https://de.wikipedia.org/wiki/Search_Result_0"
"ein acht","ein acht","PHRASAL_VERB",0,750,2,"https://de.wikipedia.org/wiki/Search_Result_0"
"über eingehende","über eingehende","PHRASAL_VERB",0,750,2,"https://de.wikipedia.org/wiki/Search_Result_0"
"im Parlament","im parlament","COLLOCATION",0,561,2,"https://de.wikipedia.org/wiki/Search_Result_0"
"Machtposition","machtposition","COMPOUND_NOUN",0,800,1,"https://de.wikipedia.org/wiki/Search_Result_0"
"Föderalismus","föderalismus","COMPOUND_NOUN",0,800,1,"https://de.wikipedia.org/wiki/Search_Result_0"
"eigenen Partei","eigenen partei","COLLOCATION",0,898,2,"https://de.wikipedia.org/wiki/Search_Result_0"
"Exekutive und","exekutiv und","COLLOCATION",0,600,2,"https://de.wikipedia.org/wiki/Search_Result_0"
"zu insgesamt","zu insgesamt","PHRASAL_VERB",0,750,2,"https://de.wikipedia.org/wiki/Search_Result_0"
"Pieroth (","pieroth (","COLLOCATION",0,545,2,"https://de.wikipedia.org/wiki/Search_Result_0"
"zur Verfügung","zur verfügung","COLLOCATION",0,794,2,"https://de.wikipedia.org/wiki/Search_Result_0"
"Fachgebiet","fachgebiet","COMPOUND_NOUN",0,800,1,"https://de.wikipedia.org/wiki/Search_Result_0"
"Oberverwaltungsgericht Berlin-","oberverwaltungsgericht berlin-","COLLOCATION",1,000,2,"https://de.wikipedia.org/wiki/Search_Result_0"
"wahr mir","wahr mir","COLLOCATION",0,600,2,"https://de.wikipedia.org/wiki/Search_Result_0"
"Deutschen Bundestages","deutschen bundestages","COLLOCATION",0,715,2,"https://de.wikipedia.org/wiki/Search_Result_0"
"aus und","aus und","PHRASAL_VERB",0,750,2,"https://de.wikipedia.org/wiki/Search_Result_0"
"sondern aus","sondern aus","COLLOCATION",0,600,2,"https://de.wikipedia.org/wiki/Search_Result_0"
"Grundlage","grundlage","COMPOUND_NOUN",0,800,1,"https://de.wikipedia.org/wiki/Search_Result_0"
"die Streitkräfte","die streitkräfte","COLLOCATION",0,529,2,"https://de.wikipedia.org/wiki/Search_Result_0"
"Bundespräsidenten Vorgeschlagenen","bundespräsidenten vorgeschlagenen","NAMED_ENTITY",0,850,2,"https://de.wikipedia.org/wiki/Search_Result_0"
"wenn sich","wenn sich","COLLOCATION",0,557,2,"https://de.wikipedia.org/wiki/Search_Result_0"
"Finanzen","finanzen","COMPOUND_NOUN",0,800,1,"https://de.wikipedia.org/wiki/Search_Result_0"
"und nicht","und nicht","COLLOCATION",0,600,2,"https://de.wikipedia.org/wiki/Search_Result_0"
"und extrem","und extrem","COLLOCATION",0,600,2,"https://de.wikipedia.org/wiki/Search_Result_0"
"Ursache","ursache","COMPOUND_NOUN",0,800,1,"https://de.wikipedia.org/wiki/Search_Result_0"
"dieser Fallkonstellation","dies fallkonstellation","COLLOCATION",0,600,2,"https://de.wikipedia.org/wiki/Search_Result_0"
"beiden grossen","beiden grossen","COLLOCATION",1,000,2,"https://de.wikipedia.org/wiki/Search_Result_0"
"Präsidenten","präsidenten","COMPOUND_NOUN",0,800,1,"https://de.wikipedia.org/wiki/Search_Result_0"
"Tradition","tradition","COMPOUND_NOUN",0,800,1,"https://de.wikipedia.org/wiki/Search_Result_0"
"bisherigen Amtsinhaber","bisherigen amtsinhaber","COLLOCATION",0,903,2,"https://de.wikipedia.org/wiki/Search_Result_0"
"Herbst 2005","herbst 2005","COLLOCATION",0,600,2,"https://de.wikipedia.org/wiki/Search_Result_0"
"das passive Wahlrecht","das passiv wahlrecht","COLLOCATION",0,650,3,"https://de.wikipedia.org/wiki/Search_Result_0"
"Bundesminister vor","bundesminister vor","COLLOCATION",0,607,2,"https://de.wikipedia.org/wiki/Search_Result_0"
"Zweifel an","zweifel an","PHRASAL_VERB",0,700,2,"https://de.wikipedia.org/wiki/Search_Result_0"
"( Wirtschaft","( wirtschaft","COLLOCATION",0,559,2,"https://de.wikipedia.org/wiki/Search_Result_0"
"Wahlrecht","wahlrecht","COMPOUND_NOUN",0,800,1,"https://de.wikipedia.org/wiki/Search_Result_0"
"auch wenn","auch wenn","COLLOCATION",0,609,2,"https://de.wikipedia.org/wiki/Search_Result_0"
"seinem Recht","seinem recht","COLLOCATION",0,739,2,"https://de.wikipedia.org/wiki/Search_Result_0"
"eine namentlich","ein namentlich","COLLOCATION",0,600,2,"https://de.wikipedia.org/wiki/Search_Result_0"
"Bundesminister Deutsche","bundesminister deutsche","NAMED_ENTITY",0,850,2,"https://de.wikipedia.org/wiki/Search_Result_0"
"wie bei","wi bei","COLLOCATION",0,600,2,"https://de.wikipedia.org/wiki/Search_Result_0"
"am 8","am 8","COLLOCATION",0,684,2,"https://de.wikipedia.org/wiki/Search_Result_0"
""" bezeichnete",""" bezeichnete","COLLOCATION",0,539,2,"https://de.wikipedia.org/wiki/Search_Result_0"
"Wahlphase :","wahlphase :","COLLOCATION",0,556,2,"https://de.wikipedia.org/wiki/Search_Result_0"
"zu kurzen","zu kurzen","PHRASAL_VERB",0,750,2,"https://de.wikipedia.org/wiki/Search_Result_0"
"Palais Schaumburg","palais schaumburg","COLLOCATION",1,000,2,"https://de.wikipedia.org/wiki/Search_Result_0"
"Angela Merkel","angela merkel","COLLOCATION",0,889,2,"https://de.wikipedia.org/wiki/Search_Result_0"
"auf Bundesebene","auf bundesebene","COLLOCATION",0,784,2,"https://de.wikipedia.org/wiki/Search_Result_0"
"passive Wahlrecht","passiv wahlrecht","COLLOCATION",0,600,2,"https://de.wikipedia.org/wiki/Search_Result_0"
"am 6","am 6","COLLOCATION",0,699,2,"https://de.wikipedia.org/wiki/Search_Result_0"
"der Europäischen Union","der europäisch union","COLLOCATION",0,650,3,"https://de.wikipedia.org/wiki/Search_Result_0"
"mit Begründung","mit begründung","PHRASAL_VERB",0,750,2,"https://de.wikipedia.org/wiki/Search_Result_0"
"Position des","position des","COLLOCATION",0,543,2,"https://de.wikipedia.org/wiki/Search_Result_0"
"+ +","+ +","COLLOCATION",1,000,2,"https://de.wikipedia.org/wiki/Search_Result_0"
"Entscheidung","entscheidung","COMPOUND_NOUN",0,800,1,"https://de.wikipedia.org/wiki/Search_Result_0"
"Mitglieder des","mitglieder des","COLLOCATION",0,514,2,"https://de.wikipedia.org/wiki/Search_Result_0"
"Terminus","terminus","COMPOUND_NOUN",0,800,1,"https://de.wikipedia.org/wiki/Search_Result_0"
"Wahlkampf","wahlkampf","COMPOUND_NOUN",0,800,1,"https://de.wikipedia.org/wiki/Search_Result_0"
"Rechtsnormen","rechtsnormen","COMPOUND_NOUN",0,800,1,"https://de.wikipedia.org/wiki/Search_Result_0"
""" bezeichnet",""" bezeichnet","COLLOCATION",0,571,2,"https://de.wikipedia.org/wiki/Search_Result_0"
"innenpolitisch wird","innenpolitisch wird","COLLOCATION",0,600,2,"https://de.wikipedia.org/wiki/Search_Result_0"
"Verbindung mit","verbindung mit","COLLOCATION",0,717,2,"https://de.wikipedia.org/wiki/Search_Result_0"
"Betrag gekürzt","betrag gekürzt","COLLOCATION",0,600,2,"https://de.wikipedia.org/wiki/Search_Result_0"
"Rechtsstaat","rechtsstaat","COMPOUND_NOUN",0,800,1,"https://de.wikipedia.org/wiki/Search_Result_0"
"zuzüglich eines","zuzüglich eines","COLLOCATION",0,600,2,"https://de.wikipedia.org/wiki/Search_Result_0"
"Eigenschaft","eigenschaft","COMPOUND_NOUN",0,800,1,"https://de.wikipedia.org/wiki/Search_Result_0"
"Diese setzen","dies setzen","COLLOCATION",0,600,2,"https://de.wikipedia.org/wiki/Search_Result_0"
"Einfluss auf","einfluss auf","COLLOCATION",0,684,2,"https://de.wikipedia.org/wiki/Search_Result_0"
"Vorgeschlagenen","vorgeschlagenen","COMPOUND_NOUN",0,800,1,"https://de.wikipedia.org/wiki/Search_Result_0"
"Entlassung von","entlassung von","PHRASAL_VERB",0,700,2,"https://de.wikipedia.org/wiki/Search_Result_0"
"der Exekutive zu","der exekutiv zu","COLLOCATION",0,650,3,"https://de.wikipedia.org/wiki/Search_Result_0"
"unverzüglich erneut","unverzüglich erneut","COLLOCATION",0,600,2,"https://de.wikipedia.org/wiki/Search_Result_0"
"deutschen Verfassungsgeschichte","deutschen verfassungsgeschichte","COLLOCATION",0,925,2,"https://de.wikipedia.org/wiki/Search_Result_0"
"1998–2005 )","1998–2005 )","COLLOCATION",0,659,2,"https://de.wikipedia.org/wiki/Search_Result_0"
"Autorität","autorität","COMPOUND_NOUN",0,800,1,"https://de.wikipedia.org/wiki/Search_Result_0"
"siehe auch","sieh auch","COLLOCATION",0,600,2,"https://de.wikipedia.org/wiki/Search_Result_0"
"Einkünfte","einkünfte","COMPOUND_NOUN",0,800,1,"https://de.wikipedia.org/wiki/Search_Result_0"
"sondern nur","sondern nur","COLLOCATION",0,600,2,"https://de.wikipedia.org/wiki/Search_Result_0"
"- Präsidenten","- präsidenten","COLLOCATION",0,770,2,"https://de.wikipedia.org/wiki/Search_Result_0"
"Differenz","differenz","COMPOUND_NOUN",0,800,1,"https://de.wikipedia.org/wiki/Search_Result_0"
"zum Beispiel","zum beispiel","COLLOCATION",0,774,2,"https://de.wikipedia.org/wiki/Search_Result_0"
"Europäischen Union","europäisch union","COLLOCATION",0,600,2,"https://de.wikipedia.org/wiki/Search_Result_0"
"und zur","und zur","COLLOCATION",0,600,2,"https://de.wikipedia.org/wiki/Search_Result_0"
"sei eine","sei eine","COLLOCATION",0,600,2,"https://de.wikipedia.org/wiki/Search_Result_0"
"Verweigerung","verweigerung","COMPOUND_NOUN",0,800,1,"https://de.wikipedia.org/wiki/Search_Result_0"
"für jedes","für jedes","COLLOCATION",0,697,2,"https://de.wikipedia.org/wiki/Search_Result_0"
"Rücktritt","rücktritt","COMPOUND_NOUN",0,800,1,"https://de.wikipedia.org/wiki/Search_Result_0"
"eine analoge","ein analoge","COLLOCATION",0,600,2,"https://de.wikipedia.org/wiki/Search_Result_0"
"Ein mit","ein mit","PHRASAL_VERB",0,750,2,"https://de.wikipedia.org/wiki/Search_Result_0"
"Zweidrittelmehrheit","zweidrittelmehrheit","COMPOUND_NOUN",0,800,1,"https://de.wikipedia.org/wiki/Search_Result_0"
"Dezember 2021","dezember 2021","COLLOCATION",0,830,2,"https://de.wikipedia.org/wiki/Search_Result_0"
"Reichsminister","reichsminister","COMPOUND_NOUN",0,800,1,"https://de.wikipedia.org/wiki/Search_Result_0"
"dem ersten","dem ersten","COLLOCATION",0,530,2,"https://de.wikipedia.org/wiki/Search_Result_0"
"↑ §","↑ §","COLLOCATION",0,519,2,"https://de.wikipedia.org/wiki/Search_Result_0"
"Mandat niederlegte","mandat niederlegte","COLLOCATION",0,600,2,"https://de.wikipedia.org/wiki/Search_Result_0"
"abgerufen am","abgerufen am","COLLOCATION",0,784,2,"https://de.wikipedia.org/wiki/Search_Result_0"
"an die","an die","PHRASAL_VERB",0,750,2,"https://de.wikipedia.org/wiki/Search_Result_0"
"als Nachfolger","als nachfolger","COLLOCATION",0,536,2,"https://de.wikipedia.org/wiki/Search_Result_0"
"Lastenausgleichsgesetzgebung oder","lastenausgleichsgesetzgebung oder","COLLOCATION",0,600,2,"https://de.wikipedia.org/wiki/Search_Result_0"
"Einschränkungen","einschränkungen","COMPOUND_NOUN",0,800,1,"https://de.wikipedia.org/wiki/Search_Result_0"
"Probleme","probleme","COMPOUND_NOUN",0,800,1,"https://de.wikipedia.org/wiki/Search_Result_0"
"Vorsitz","vorsitz","COMPOUND_NOUN",0,800,1,"https://de.wikipedia.org/wiki/Search_Result_0"
"unbegründet zurück","unbegründet zurück","COLLOCATION",0,600,2,"https://de.wikipedia.org/wiki/Search_Result_0"
"Handbuch Politisches","handbuch politisches","COLLOCATION",0,600,2,"https://de.wikipedia.org/wiki/Search_Result_0"
"Vertrag","vertrag","COMPOUND_NOUN",0,800,1,"https://de.wikipedia.org/wiki/Search_Result_0"
"2005 zur","2005 zur","COLLOCATION",0,545,2,"https://de.wikipedia.org/wiki/Search_Result_0"
"Vorhaben","vorhaben","COMPOUND_NOUN",0,800,1,"https://de.wikipedia.org/wiki/Search_Result_0"
"Bundeskanzlerin","bundeskanzlerin","COMPOUND_NOUN",0,800,1,"https://de.wikipedia.org/wiki/Search_Result_0"
"und Informationsamt","und informationsamt","COLLOCATION",0,600,2,"https://de.wikipedia.org/wiki/Search_Result_0"
"Bismarck","bismarck","COMPOUND_NOUN",0,800,1,"https://de.wikipedia.org/wiki/Search_Result_0"
"Audiothek","audiothek","COMPOUND_NOUN",0,800,1,"https://de.wikipedia.org/wiki/Search_Result_0"
"des Bundeskanzlers","des bundeskanzlers","COLLOCATION",0,573,2,"https://de.wikipedia.org/wiki/Search_Result_0"
"Dezember 2024","dezember 2024","COLLOCATION",0,832,2,"https://de.wikipedia.org/wiki/Search_Result_0"
"Provisorische Zentralgewalt","provisorisch zentralgewalt","COLLOCATION",0,600,2,"https://de.wikipedia.org/wiki/Search_Result_0"
"Besoldungsordnung B","besoldungsordnung b","COLLOCATION",0,600,2,"https://de.wikipedia.org/wiki/Search_Result_0"
"Position","position","COMPOUND_NOUN",0,800,1,"https://de.wikipedia.org/wiki/Search_Result_0"
"Notstandsgesetze","notstandsgesetze","COMPOUND_NOUN",0,800,1,"https://de.wikipedia.org/wiki/Search_Result_0"
"mit kürzesten","mit kürzesten","PHRASAL_VERB",0,750,2,"https://de.wikipedia.org/wiki/Search_Result_0"
"Anstieg","anstieg","COMPOUND_NOUN",0,800,1,"https://de.wikipedia.org/wiki/Search_Result_0"
"Handeln zwingen","handeln zwingen","COLLOCATION",0,600,2,"https://de.wikipedia.org/wiki/Search_Result_0"
"Wirtschaft","wirtschaft","COMPOUND_NOUN",0,800,1,"https://de.wikipedia.org/wiki/Search_Result_0"
"Mit neugewählten","mit neugewählten","PHRASAL_VERB",0,750,2,"https://de.wikipedia.org/wiki/Search_Result_0"
"Knopp :","knopp :","COLLOCATION",0,675,2,"https://de.wikipedia.org/wiki/Search_Result_0"
"Gewicht","gewicht","COMPOUND_NOUN",0,800,1,"https://de.wikipedia.org/wiki/Search_Result_0"
"vom Bundespräsidenten","vom bundespräsidenten","COLLOCATION",0,565,2,"https://de.wikipedia.org/wiki/Search_Result_0"
"Wissenschaftliche","wissenschaftliche","COMPOUND_NOUN",0,800,1,"https://de.wikipedia.org/wiki/Search_Result_0"
"Bestimmungen der","bestimmung der","COLLOCATION",0,600,2,"https://de.wikipedia.org/wiki/Search_Result_0"
"zu bezeichnet","zu bezeichnet","PHRASAL_VERB",0,750,2,"https://de.wikipedia.org/wiki/Search_Result_0"
"dem Rücktritt","dem rücktritt","COLLOCATION",0,572,2,"https://de.wikipedia.org/wiki/Search_Result_0"
"Herausforderern","herausforderern","COMPOUND_NOUN",0,800,1,"https://de.wikipedia.org/wiki/Search_Result_0"
"nach schied","nach schied","PHRASAL_VERB",0,750,2,"https://de.wikipedia.org/wiki/Search_Result_0"
"Oktober 1966","oktob 1966","COLLOCATION",0,600,2,"https://de.wikipedia.org/wiki/Search_Result_0"
"Amtsträger","amtsträger","COMPOUND_NOUN",0,800,1,"https://de.wikipedia.org/wiki/Search_Result_0"
"sofern der","sofern der","COLLOCATION",0,600,2,"https://de.wikipedia.org/wiki/Search_Result_0"
"des Auswärtigen","des auswärtigen","COLLOCATION",0,601,2,"https://de.wikipedia.org/wiki/Search_Result_0"
"auf starken","auf starken","PHRASAL_VERB",0,750,2,"https://de.wikipedia.org/wiki/Search_Result_0"
"gemäss Artikel","gemäss artikel","COLLOCATION",0,795,2,"https://de.wikipedia.org/wiki/Search_Result_0"
"entschieden werden","entschieden werden","COLLOCATION",0,856,2,"https://de.wikipedia.org/wiki/Search_Result_0"
"Adenauers","adenauers","COMPOUND_NOUN",0,800,1,"https://de.wikipedia.org/wiki/Search_Result_0"
"Wegen seiner","wegen seiner","COLLOCATION",0,611,2,"https://de.wikipedia.org/wiki/Search_Result_0"
"Bemessung der","bemessung der","COLLOCATION",0,600,2,"https://de.wikipedia.org/wiki/Search_Result_0"
"mit den","mit den","PHRASAL_VERB",0,750,2,"https://de.wikipedia.org/wiki/Search_Result_0"
"zwei Jahren","zwei jahren","COLLOCATION",0,662,2,"https://de.wikipedia.org/wiki/Search_Result_0"
"Bei eindeutiges","bei eindeutiges","PHRASAL_VERB",0,750,2,"https://de.wikipedia.org/wiki/Search_Result_0"
"seine Regierung","seine regierung","COLLOCATION",0,613,2,"https://de.wikipedia.org/wiki/Search_Result_0"
"↑ a","↑ a","COLLOCATION",0,672,2,"https://de.wikipedia.org/wiki/Search_Result_0"
"mit des","mit des","PHRASAL_VERB",0,750,2,"https://de.wikipedia.org/wiki/Search_Result_0"
"Rechtswissenschaft","rechtswissenschaft","COMPOUND_NOUN",0,800,1,"https://de.wikipedia.org/wiki/Search_Result_0"
"Möglichkeiten","möglichkeiten","COMPOUND_NOUN",0,800,1,"https://de.wikipedia.org/wiki/Search_Result_0"
"wird am","wird am","COLLOCATION",0,600,2,"https://de.wikipedia.org/wiki/Search_Result_0"
"Anspruch","anspruch","COMPOUND_NOUN",0,800,1,"https://de.wikipedia.org/wiki/Search_Result_0"
"Bundesverwaltungsgericht","bundesverwaltungsgericht","COMPOUND_NOUN",0,800,1,"https://de.wikipedia.org/wiki/Search_Result_0"
"auch auf","auch auf","COLLOCATION",0,600,2,"https://de.wikipedia.org/wiki/Search_Result_0"
"Gesamtredezeit","gesamtredezeit","COMPOUND_NOUN",0,800,1,"https://de.wikipedia.org/wiki/Search_Result_0"
"mit der","mit der","PHRASAL_VERB",0,750,2,"https://de.wikipedia.org/wiki/Search_Result_0"
"Im Verteidigungsfall","im verteidigungsfall","COLLOCATION",0,703,2,"https://de.wikipedia.org/wiki/Search_Result_0"
"gewisser Vorteil","gewiss vorteil","COLLOCATION",0,600,2,"https://de.wikipedia.org/wiki/Search_Result_0"
"Eindruck","eindruck","COMPOUND_NOUN",0,800,1,"https://de.wikipedia.org/wiki/Search_Result_0"
"eine Koalition","eine koalition","COLLOCATION",0,515,2,"https://de.wikipedia.org/wiki/Search_Result_0"
"intern oder","intern oder","COLLOCATION",0,600,2,"https://de.wikipedia.org/wiki/Search_Result_0"
"der absoluten Mehrheit","der absolut mehrheit","COLLOCATION",0,650,3,"https://de.wikipedia.org/wiki/Search_Result_0"
"Dezember 2005","dezember 2005","COLLOCATION",0,657,2,"https://de.wikipedia.org/wiki/Search_Result_0"
"Staaten von","staaten von","PHRASAL_VERB",0,700,2,"https://de.wikipedia.org/wiki/Search_Result_0"
"zu geschäftsführenden","zu geschäftsführenden","PHRASAL_VERB",0,750,2,"https://de.wikipedia.org/wiki/Search_Result_0"
"stark aus","stark aus","PHRASAL_VERB",0,700,2,"https://de.wikipedia.org/wiki/Search_Result_0"
"Nach Staatsrates","nach staatsrates","PHRASAL_VERB",0,750,2,"https://de.wikipedia.org/wiki/Search_Result_0"
"amtierte Helmut","amtiert helmut","COLLOCATION",0,600,2,"https://de.wikipedia.org/wiki/Search_Result_0"
"Ausnahme","ausnahme","COMPOUND_NOUN",0,800,1,"https://de.wikipedia.org/wiki/Search_Result_0"
"Volksparteien","volksparteien","COMPOUND_NOUN",0,800,1,"https://de.wikipedia.org/wiki/Search_Result_0"
"trägt dafür","trägt dafür","COLLOCATION",1,000,2,"https://de.wikipedia.org/wiki/Search_Result_0"
"zur Bundeskanzlerin","zur bundeskanzlerin","COLLOCATION",0,619,2,"https://de.wikipedia.org/wiki/Search_Result_0"
"Innensenator in","innensenator in","COLLOCATION",0,630,2,"https://de.wikipedia.org/wiki/Search_Result_0"
"↑ Deutscher","↑ deutscher","COLLOCATION",0,630,2,"https://de.wikipedia.org/wiki/Search_Result_0"
"Amt des","amt des","COLLOCATION",0,600,2,"https://de.wikipedia.org/wiki/Search_Result_0"
"einer Vertrauensfrage","ein vertrauensfrage","COLLOCATION",0,600,2,"https://de.wikipedia.org/wiki/Search_Result_0"
"wie das","wi das","COLLOCATION",0,600,2,"https://de.wikipedia.org/wiki/Search_Result_0"
"Nach überwiegender","nach überwiegender","COLLOCATION",0,753,2,"https://de.wikipedia.org/wiki/Search_Result_0"
"und nach","und nach","COLLOCATION",0,600,2,"https://de.wikipedia.org/wiki/Search_Result_0"
"Dienstlimousine","dienstlimousine","COMPOUND_NOUN",0,800,1,"https://de.wikipedia.org/wiki/Search_Result_0"
"Mit Erhöhung","mit erhöhung","PHRASAL_VERB",0,750,2,"https://de.wikipedia.org/wiki/Search_Result_0"
"absolute Mehrheit","absolut mehrheit","COLLOCATION",0,925,2,"https://de.wikipedia.org/wiki/Search_Result_0"
"innenpolitischer Probleme","innenpolitisch probleme","COLLOCATION",0,600,2,"https://de.wikipedia.org/wiki/Search_Result_0"
"Bundestagswahl","bundestagswahl","COMPOUND_NOUN",0,800,1,"https://de.wikipedia.org/wiki/Search_Result_0"
"gewählten Kanzler","gewählten kanzler","COLLOCATION",0,760,2,"https://de.wikipedia.org/wiki/Search_Result_0"
"PDF )","pdf )","COLLOCATION",0,600,2,"https://de.wikipedia.org/wiki/Search_Result_0"
"Instabilität","instabilität","COMPOUND_NOUN",0,800,1,"https://de.wikipedia.org/wiki/Search_Result_0"
"die Auflösung","die auflösung","COLLOCATION",0,529,2,"https://de.wikipedia.org/wiki/Search_Result_0"
"Major d","major d","COLLOCATION",0,600,2,"https://de.wikipedia.org/wiki/Search_Result_0"
"zweiten Wahlphase","zweiten wahlphase","COLLOCATION",0,932,2,"https://de.wikipedia.org/wiki/Search_Result_0"
"nicht schon","nicht schon","COLLOCATION",0,600,2,"https://de.wikipedia.org/wiki/Search_Result_0"
"unterliegt die","unterliegt die","COLLOCATION",0,600,2,"https://de.wikipedia.org/wiki/Search_Result_0"
"Grundgehalts","grundgehalts","COMPOUND_NOUN",0,800,1,"https://de.wikipedia.org/wiki/Search_Result_0"
"auf bezeichneten","auf bezeichneten","PHRASAL_VERB",0,750,2,"https://de.wikipedia.org/wiki/Search_Result_0"
"über Ende","über ende","PHRASAL_VERB",0,750,2,"https://de.wikipedia.org/wiki/Search_Result_0"
"mit 87","mit 87","COLLOCATION",0,717,2,"https://de.wikipedia.org/wiki/Search_Result_0"
"wird seine","wird seine","COLLOCATION",0,600,2,"https://de.wikipedia.org/wiki/Search_Result_0"
"Berlin erhoben","berlin erhoben","COLLOCATION",0,600,2,"https://de.wikipedia.org/wiki/Search_Result_0"
"erste Bundeskanzlerin","erste bundeskanzlerin","COLLOCATION",0,689,2,"https://de.wikipedia.org/wiki/Search_Result_0"
"unerwartet geringe","unerwartet geringe","COLLOCATION",0,600,2,"https://de.wikipedia.org/wiki/Search_Result_0"
"Mitglied des","mitglied des","COLLOCATION",0,512,2,"https://de.wikipedia.org/wiki/Search_Result_0"
"an seinem","an seinem","COLLOCATION",0,594,2,"https://de.wikipedia.org/wiki/Search_Result_0"
"Anrede für","anrede für","COLLOCATION",0,697,2,"https://de.wikipedia.org/wiki/Search_Result_0"
"aus kürzesten","aus kürzesten","PHRASAL_VERB",0,750,2,"https://de.wikipedia.org/wiki/Search_Result_0"
"90/Die Grünen","90/die grünen","COLLOCATION",1,000,2,"https://de.wikipedia.org/wiki/Search_Result_0"
"wiederum der","wiederum der","COLLOCATION",0,600,2,"https://de.wikipedia.org/wiki/Search_Result_0"
"Die private Nutzung","die privat nutzung","COLLOCATION",0,650,3,"https://de.wikipedia.org/wiki/Search_Result_0"
"mit vorausgegangen","mit vorausgegangen","PHRASAL_VERB",0,750,2,"https://de.wikipedia.org/wiki/Search_Result_0"
"Partei SED","partei sed","NAMED_ENTITY",0,850,2,"https://de.wikipedia.org/wiki/Search_Result_0"
"die Revision","die revision","COLLOCATION",0,529,2,"https://de.wikipedia.org/wiki/Search_Result_0"
"Frau Bundeskanzlerin","frau bundeskanzlerin","COLLOCATION",0,774,2,"https://de.wikipedia.org/wiki/Search_Result_0"
"zulässig erachtet","zulässig erachtet","COLLOCATION",0,600,2,"https://de.wikipedia.org/wiki/Search_Result_0"
"zurück die","zurück die","PHRASAL_VERB",0,750,2,"https://de.wikipedia.org/wiki/Search_Result_0"
"geht seine","geht seine","COLLOCATION",0,600,2,"https://de.wikipedia.org/wiki/Search_Result_0"
"Alleinherrschaft","alleinherrschaft","COMPOUND_NOUN",0,800,1,"https://de.wikipedia.org/wiki/Search_Result_0"
"Weiterführung","weiterführung","COMPOUND_NOUN",0,800,1,"https://de.wikipedia.org/wiki/Search_Result_0"
"Ebenso setzte","ebenso setzte","COLLOCATION",1,000,2,"https://de.wikipedia.org/wiki/Search_Result_0"
"Silberzunge","silberzunge","COMPOUND_NOUN",0,800,1,"https://de.wikipedia.org/wiki/Search_Result_0"
"( Innensenator","( innensenator","COLLOCATION",0,659,2,"https://de.wikipedia.org/wiki/Search_Result_0"
"Teamarbeit","teamarbeit","COMPOUND_NOUN",0,800,1,"https://de.wikipedia.org/wiki/Search_Result_0"
"November 2024","november 2024","COLLOCATION",0,774,2,"https://de.wikipedia.org/wiki/Search_Result_0"
"Diese auch","dies auch","COLLOCATION",0,600,2,"https://de.wikipedia.org/wiki/Search_Result_0"
"des Bundesrates","des bundesrates","COLLOCATION",0,543,2,"https://de.wikipedia.org/wiki/Search_Result_0"
"sich reden","sich reden","COLLOCATION",0,600,2,"https://de.wikipedia.org/wiki/Search_Result_0"
"mit arbeiteten","mit arbeiteten","PHRASAL_VERB",0,750,2,"https://de.wikipedia.org/wiki/Search_Result_0"
"Nutzung","nutzung","COMPOUND_NOUN",0,800,1,"https://de.wikipedia.org/wiki/Search_Result_0"
"Guernsey","guernsey","COMPOUND_NOUN",0,800,1,"https://de.wikipedia.org/wiki/Search_Result_0"
"Gerhard Schröder","gerhard schröder","COLLOCATION",0,892,2,"https://de.wikipedia.org/wiki/Search_Result_0"
"seiner eigenen","seiner eigenen","COLLOCATION",0,743,2,"https://de.wikipedia.org/wiki/Search_Result_0"
"Artikel","artikel","COMPOUND_NOUN",0,800,1,"https://de.wikipedia.org/wiki/Search_Result_0"
"die Ministerien verlassen","die ministeri verlassen","COLLOCATION",0,650,3,"https://de.wikipedia.org/wiki/Search_Result_0"
"Zentralgewalt","zentralgewalt","COMPOUND_NOUN",0,800,1,"https://de.wikipedia.org/wiki/Search_Result_0"
"Amtsdauer","amtsdauer","COMPOUND_NOUN",0,800,1,"https://de.wikipedia.org/wiki/Search_Result_0"
"Massing","massing","COMPOUND_NOUN",0,800,1,"https://de.wikipedia.org/wiki/Search_Result_0"
"Besatzungsmächte der","besatzungsmächt der","COLLOCATION",0,600,2,"https://de.wikipedia.org/wiki/Search_Result_0"
"Einzelfragen","einzelfragen","COMPOUND_NOUN",0,800,1,"https://de.wikipedia.org/wiki/Search_Result_0"
"die obersten","die obersten","COLLOCATION",0,529,2,"https://de.wikipedia.org/wiki/Search_Result_0"
"Mit Ende","mit ende","PHRASAL_VERB",0,750,2,"https://de.wikipedia.org/wiki/Search_Result_0"
"Ablösung","ablösung","COMPOUND_NOUN",0,800,1,"https://de.wikipedia.org/wiki/Search_Result_0"
"ob eine","ob eine","COLLOCATION",0,581,2,"https://de.wikipedia.org/wiki/Search_Result_0"
"Führer und","führ und","COLLOCATION",0,600,2,"https://de.wikipedia.org/wiki/Search_Result_0"
"16 Jahren","16 jahren","COLLOCATION",0,721,2,"https://de.wikipedia.org/wiki/Search_Result_0"
"die relative Mehrheit","die relativ mehrheit","COLLOCATION",0,650,3,"https://de.wikipedia.org/wiki/Search_Result_0"
"Grundgesetzes","grundgesetzes","COMPOUND_NOUN",0,800,1,"https://de.wikipedia.org/wiki/Search_Result_0"
"Bundesverfassungsgerichts","bundesverfassungsgerichts","COMPOUND_NOUN",0,800,1,"https://de.wikipedia.org/wiki/Search_Result_0"
"Mitgliedschaft im","mitgliedschaft im","COLLOCATION",0,603,2,"https://de.wikipedia.org/wiki/Search_Result_0"
"Regierender","regierender","COMPOUND_NOUN",0,800,1,"https://de.wikipedia.org/wiki/Search_Result_0"
"Ministern des","ministern des","COLLOCATION",0,600,2,"https://de.wikipedia.org/wiki/Search_Result_0"
"mit 51","mit 51","COLLOCATION",0,658,2,"https://de.wikipedia.org/wiki/Search_Result_0"
"gegenüber dem","gegenüber dem","COLLOCATION",0,730,2,"https://de.wikipedia.org/wiki/Search_Result_0"
"den Gesetzgebungsnotstand","den gesetzgebungsnotstand","COLLOCATION",0,685,2,"https://de.wikipedia.org/wiki/Search_Result_0"
"Verwaltungsrechtsweg","verwaltungsrechtsweg","COMPOUND_NOUN",0,800,1,"https://de.wikipedia.org/wiki/Search_Result_0"
"Prüfungsrecht","prüfungsrecht","COMPOUND_NOUN",0,800,1,"https://de.wikipedia.org/wiki/Search_Result_0"
"Machtwort","machtwort","COMPOUND_NOUN",0,800,1,"https://de.wikipedia.org/wiki/Search_Result_0"
"sah man","sah man","COLLOCATION",0,600,2,"https://de.wikipedia.org/wiki/Search_Result_0"
"Bundestags","bundestags","COMPOUND_NOUN",0,800,1,"https://de.wikipedia.org/wiki/Search_Result_0"
"Zentrums","zentrums","COMPOUND_NOUN",0,800,1,"https://de.wikipedia.org/wiki/Search_Result_0"
"Bundeshaushaltsordnung","bundeshaushaltsordnung","COMPOUND_NOUN",0,800,1,"https://de.wikipedia.org/wiki/Search_Result_0"
"den neuen","den neuen","COLLOCATION",0,600,2,"https://de.wikipedia.org/wiki/Search_Result_0"
"Zweifel der","zweifel der","COLLOCATION",0,600,2,"https://de.wikipedia.org/wiki/Search_Result_0"
"wie beim","wie beim","COLLOCATION",0,818,2,"https://de.wikipedia.org/wiki/Search_Result_0"
"zahlreicher Landtags","zahlreich landtags","COLLOCATION",0,600,2,"https://de.wikipedia.org/wiki/Search_Result_0"
"nicht der","nicht der","COLLOCATION",0,600,2,"https://de.wikipedia.org/wiki/Search_Result_0"
"den Bundestagspräsidenten","den bundestagspräsidenten","COLLOCATION",0,626,2,"https://de.wikipedia.org/wiki/Search_Result_0"
"Bundeskabinetts","bundeskabinetts","COMPOUND_NOUN",0,800,1,"https://de.wikipedia.org/wiki/Search_Result_0"
"neben dem","neben dem","COLLOCATION",0,598,2,"https://de.wikipedia.org/wiki/Search_Result_0"
"ein einzurichten","ein einzurichten","PHRASAL_VERB",0,750,2,"https://de.wikipedia.org/wiki/Search_Result_0"
"für zwei","für zwei","COLLOCATION",0,544,2,"https://de.wikipedia.org/wiki/Search_Result_0"
"Bundeskanzleramt","bundeskanzleramt","COMPOUND_NOUN",0,800,1,"https://de.wikipedia.org/wiki/Search_Result_0"
"Herausforderungen","herausforderungen","COMPOUND_NOUN",0,800,1,"https://de.wikipedia.org/wiki/Search_Result_0"
"Auslegung des","auslegung des","COLLOCATION",0,601,2,"https://de.wikipedia.org/wiki/Search_Result_0"
"Wählbarkeit","wählbarkeit","COMPOUND_NOUN",0,800,1,"https://de.wikipedia.org/wiki/Search_Result_0"
"setzte er","setzte er","COLLOCATION",0,615,2,"https://de.wikipedia.org/wiki/Search_Result_0"
"nach eines","nach eines","PHRASAL_VERB",0,750,2,"https://de.wikipedia.org/wiki/Search_Result_0"
"Gründung","gründung","COMPOUND_NOUN",0,800,1,"https://de.wikipedia.org/wiki/Search_Result_0"
"Wahlgänge","wahlgänge","COMPOUND_NOUN",0,800,1,"https://de.wikipedia.org/wiki/Search_Result_0"
"Wissenschaftliche Dienste","wissenschaftliche dienste","COLLOCATION",1,000,2,"https://de.wikipedia.org/wiki/Search_Result_0"
"Auflösung des","auflösung des","COLLOCATION",0,601,2,"https://de.wikipedia.org/wiki/Search_Result_0"
"zum 1","zum 1","COLLOCATION",0,600,2,"https://de.wikipedia.org/wiki/Search_Result_0"
"Einfluss","einfluss","COMPOUND_NOUN",0,800,1,"https://de.wikipedia.org/wiki/Search_Result_0"
"Amtsbeendigung","amtsbeendigung","COMPOUND_NOUN",0,800,1,"https://de.wikipedia.org/wiki/Search_Result_0"
"Auslegung","auslegung","COMPOUND_NOUN",0,800,1,"https://de.wikipedia.org/wiki/Search_Result_0"
"Politische","politische","COMPOUND_NOUN",0,800,1,"https://de.wikipedia.org/wiki/Search_Result_0"
"Vizekanzlerschaft","vizekanzlerschaft","COMPOUND_NOUN",0,800,1,"https://de.wikipedia.org/wiki/Search_Result_0"
"Anwendung","anwendung","COMPOUND_NOUN",0,800,1,"https://de.wikipedia.org/wiki/Search_Result_0"
"Amtsinhaberin","amtsinhaberin","COMPOUND_NOUN",0,800,1,"https://de.wikipedia.org/wiki/Search_Result_0"
"Versorgung","versorgung","COMPOUND_NOUN",0,800,1,"https://de.wikipedia.org/wiki/Search_Result_0"
"Reformprojekten","reformprojekten","COMPOUND_NOUN",0,800,1,"https://de.wikipedia.org/wiki/Search_Result_0"
"nach einer","nach einer","COLLOCATION",0,600,2,"https://de.wikipedia.org/wiki/Search_Result_0"
"Haushaltsausschusses","haushaltsausschusses","COMPOUND_NOUN",0,800,1,"https://de.wikipedia.org/wiki/Search_Result_0"
"aus ist","aus ist","PHRASAL_VERB",0,750,2,"https://de.wikipedia.org/wiki/Search_Result_0"
"Innenpolitisch","innenpolitisch","COMPOUND_NOUN",0,800,1,"https://de.wikipedia.org/wiki/Search_Result_0"
"Transportmitteln","transportmitteln","COMPOUND_NOUN",0,800,1,"https://de.wikipedia.org/wiki/Search_Result_0"
"Schröder","schröder","COMPOUND_NOUN",0,800,1,"https://de.wikipedia.org/wiki/Search_Result_0"
"Vor Legislaturperiode","vor legislaturperiode","PHRASAL_VERB",0,750,2,"https://de.wikipedia.org/wiki/Search_Result_0"
"Eckart Lohse","eckart lohse","NAMED_ENTITY",0,850,2,"https://de.wikipedia.org/wiki/Search_Result_0"
"nach Entlassung","nach entlassung","PHRASAL_VERB",0,750,2,"https://de.wikipedia.org/wiki/Search_Result_0"
"die Gunst der","die gunst der","COLLOCATION",0,650,3,"https://de.wikipedia.org/wiki/Search_Result_0"
"die Provisorische Zentralgewalt","die provisorisch zentralgewalt","COLLOCATION",0,650,3,"https://de.wikipedia.org/wiki/Search_Result_0"
"YouTube-Kanal der","youtube-kanal der","COLLOCATION",0,600,2,"https://de.wikipedia.org/wiki/Search_Result_0"
"Protokoll Inland","protokoll inland","COLLOCATION",1,000,2,"https://de.wikipedia.org/wiki/Search_Result_0"
"Politiker","politiker","COMPOUND_NOUN",0,800,1,"https://de.wikipedia.org/wiki/Search_Result_0"
"Einigung","einigung","COMPOUND_NOUN",0,800,1,"https://de.wikipedia.org/wiki/Search_Result_0"
"Misstrauensvotum gegen","misstrauensvotum gegen","COLLOCATION",0,718,2,"https://de.wikipedia.org/wiki/Search_Result_0"
"geniesst er","geniesst er","COLLOCATION",0,600,2,"https://de.wikipedia.org/wiki/Search_Result_0"
"eigener Verantwortung","eigener verantwortung","COLLOCATION",1,000,2,"https://de.wikipedia.org/wiki/Search_Result_0"
"geschäftsführend nach","geschäftsführend nach","PHRASAL_VERB",0,700,2,"https://de.wikipedia.org/wiki/Search_Result_0"
"und durch","und durch","PHRASAL_VERB",0,700,2,"https://de.wikipedia.org/wiki/Search_Result_0"
"Reichsministerpräsident vorsass","reichsministerpräsident vorsass","COLLOCATION",0,600,2,"https://de.wikipedia.org/wiki/Search_Result_0"
"Wolfgang","wolfgang","COMPOUND_NOUN",0,800,1,"https://de.wikipedia.org/wiki/Search_Result_0"
"in diesem","in diesem","COLLOCATION",0,530,2,"https://de.wikipedia.org/wiki/Search_Result_0"
"§ 9","§ 9","COLLOCATION",0,894,2,"https://de.wikipedia.org/wiki/Search_Result_0"
"das Vertrauen","das vertrauen","COLLOCATION",0,669,2,"https://de.wikipedia.org/wiki/Search_Result_0"
"im Gegensatz","im gegensatz","COLLOCATION",0,703,2,"https://de.wikipedia.org/wiki/Search_Result_0"
"und Sicherheitspolitik","und sicherheitspolitik","COLLOCATION",0,584,2,"https://de.wikipedia.org/wiki/Search_Result_0"
"die zehnte Person","die zehnt person","COLLOCATION",0,650,3,"https://de.wikipedia.org/wiki/Search_Result_0"
"zwischen den","zwisch den","COLLOCATION",0,626,2,"https://de.wikipedia.org/wiki/Search_Result_0"
"ein konstruktives","ein konstruktives","PHRASAL_VERB",0,750,2,"https://de.wikipedia.org/wiki/Search_Result_0"
"am 16","am 16","COLLOCATION",0,613,2,"https://de.wikipedia.org/wiki/Search_Result_0"
"am 17","am 17","COLLOCATION",0,684,2,"https://de.wikipedia.org/wiki/Search_Result_0"
"Koalition aus","koalition aus","COLLOCATION",0,573,2,"https://de.wikipedia.org/wiki/Search_Result_0"
"am 18","am 18","COLLOCATION",0,684,2,"https://de.wikipedia.org/wiki/Search_Result_0"
"selbst wie","selbst wie","COLLOCATION",0,600,2,"https://de.wikipedia.org/wiki/Search_Result_0"
"auf gilt","auf gilt","PHRASAL_VERB",0,750,2,"https://de.wikipedia.org/wiki/Search_Result_0"
"das Recht","das recht","COLLOCATION",0,550,2,"https://de.wikipedia.org/wiki/Search_Result_0"
"zu den","zu den","PHRASAL_VERB",0,750,2,"https://de.wikipedia.org/wiki/Search_Result_0"
"zu Staaten","zu staaten","PHRASAL_VERB",0,750,2,"https://de.wikipedia.org/wiki/Search_Result_0"
"am 10","am 10","COLLOCATION",0,625,2,"https://de.wikipedia.org/wiki/Search_Result_0"
"am 11","am 11","COLLOCATION",0,625,2,"https://de.wikipedia.org/wiki/Search_Result_0"
"Zustimmung der","zustimmung der","COLLOCATION",0,600,2,"https://de.wikipedia.org/wiki/Search_Result_0"
"Bundespräsidenten","bundespräsidenten","COMPOUND_NOUN",0,800,1,"https://de.wikipedia.org/wiki/Search_Result_0"
"zu der","zu der","PHRASAL_VERB",0,750,2,"https://de.wikipedia.org/wiki/Search_Result_0"
"Walter Scheel","walter scheel","COLLOCATION",1,000,2,"https://de.wikipedia.org/wiki/Search_Result_0"
"Politik","politik","COMPOUND_NOUN",0,800,1,"https://de.wikipedia.org/wiki/Search_Result_0"
"am 13","am 13","COLLOCATION",0,567,2,"https://de.wikipedia.org/wiki/Search_Result_0"
"ihn geeinigt","ihn geeinigt","COLLOCATION",0,600,2,"https://de.wikipedia.org/wiki/Search_Result_0"
"am 14","am 14","COLLOCATION",0,684,2,"https://de.wikipedia.org/wiki/Search_Result_0"
"1951 bis","1951 bis","COLLOCATION",0,828,2,"https://de.wikipedia.org/wiki/Search_Result_0"
"Landtags","landtags","COMPOUND_NOUN",0,800,1,"https://de.wikipedia.org/wiki/Search_Result_0"
"absoluter Mehrheit","absoluter mehrheit","COLLOCATION",0,925,2,"https://de.wikipedia.org/wiki/Search_Result_0"
"Rederecht","rederecht","COMPOUND_NOUN",0,800,1,"https://de.wikipedia.org/wiki/Search_Result_0"
"Deutsche","deutsche","COMPOUND_NOUN",0,800,1,"https://de.wikipedia.org/wiki/Search_Result_0"
"Unter entschied","unter entschied","PHRASAL_VERB",0,750,2,"https://de.wikipedia.org/wiki/Search_Result_0"
"fünf Bundeskanzler","fünf bundeskanzler","COLLOCATION",0,552,2,"https://de.wikipedia.org/wiki/Search_Result_0"
"sondern vom","sondern vom","COLLOCATION",0,600,2,"https://de.wikipedia.org/wiki/Search_Result_0"
"Schmidt 1982","schmidt 1982","COLLOCATION",0,701,2,"https://de.wikipedia.org/wiki/Search_Result_0"
"für Verteidigung","für verteidigung","COLLOCATION",0,656,2,"https://de.wikipedia.org/wiki/Search_Result_0"
"Am 27","am 27","COLLOCATION",0,784,2,"https://de.wikipedia.org/wiki/Search_Result_0"
"und trägt","und trägt","COLLOCATION",0,584,2,"https://de.wikipedia.org/wiki/Search_Result_0"
"der Ministerien regeln","der ministeri regeln","COLLOCATION",0,650,3,"https://de.wikipedia.org/wiki/Search_Result_0"
"Koordination","koordination","COMPOUND_NOUN",0,800,1,"https://de.wikipedia.org/wiki/Search_Result_0"
"um den","um den","PHRASAL_VERB",0,750,2,"https://de.wikipedia.org/wiki/Search_Result_0"
"am 22","am 22","COLLOCATION",0,684,2,"https://de.wikipedia.org/wiki/Search_Result_0"
"Reichstages","reichstages","COMPOUND_NOUN",0,800,1,"https://de.wikipedia.org/wiki/Search_Result_0"
"mit wurde","mit wurde","PHRASAL_VERB",0,750,2,"https://de.wikipedia.org/wiki/Search_Result_0"
"Nachfolgern nicht","nachfolgern nicht","COLLOCATION",0,600,2,"https://de.wikipedia.org/wiki/Search_Result_0"
"Bekleidung","bekleidung","COMPOUND_NOUN",0,800,1,"https://de.wikipedia.org/wiki/Search_Result_0"
"↑ Guido","↑ guido","COLLOCATION",0,747,2,"https://de.wikipedia.org/wiki/Search_Result_0"
"Amt war","amt war","COLLOCATION",0,600,2,"https://de.wikipedia.org/wiki/Search_Result_0"
"Aufenthaltsort","aufenthaltsort","COMPOUND_NOUN",0,800,1,"https://de.wikipedia.org/wiki/Search_Result_0"
"Zusammenarbeit","zusammenarbeit","COMPOUND_NOUN",0,800,1,"https://de.wikipedia.org/wiki/Search_Result_0"
"Immunität","immunität","COMPOUND_NOUN",0,800,1,"https://de.wikipedia.org/wiki/Search_Result_0"
"wird jedoch","wird jedoch","COLLOCATION",0,600,2,"https://de.wikipedia.org/wiki/Search_Result_0"
"mit ersten","mit ersten","PHRASAL_VERB",0,750,2,"https://de.wikipedia.org/wiki/Search_Result_0"
"das höchste","das höchste","COLLOCATION",0,633,2,"https://de.wikipedia.org/wiki/Search_Result_0"
"Rücktritte","rücktritte","COMPOUND_NOUN",0,800,1,"https://de.wikipedia.org/wiki/Search_Result_0"
"Deutschlands","deutschlands","COMPOUND_NOUN",0,800,1,"https://de.wikipedia.org/wiki/Search_Result_0"
"aber noch","aber noch","COLLOCATION",0,587,2,"https://de.wikipedia.org/wiki/Search_Result_0"
"Massgabe","massgabe","COMPOUND_NOUN",0,800,1,"https://de.wikipedia.org/wiki/Search_Result_0"
"um die","um die","PHRASAL_VERB",0,750,2,"https://de.wikipedia.org/wiki/Search_Result_0"
"im generischen","im generischen","COLLOCATION",0,703,2,"https://de.wikipedia.org/wiki/Search_Result_0"
"Amtssitz","amtssitz","COMPOUND_NOUN",0,800,1,"https://de.wikipedia.org/wiki/Search_Result_0"
"Erholung","erholung","COMPOUND_NOUN",0,800,1,"https://de.wikipedia.org/wiki/Search_Result_0"
"Ministerien regeln","ministeri regeln","COLLOCATION",0,600,2,"https://de.wikipedia.org/wiki/Search_Result_0"
"am 30","am 30","COLLOCATION",0,661,2,"https://de.wikipedia.org/wiki/Search_Result_0"
"Bundesverfassungsgerichtes","bundesverfassungsgerichtes","COMPOUND_NOUN",0,800,1,"https://de.wikipedia.org/wiki/Search_Result_0"
"werden könnten","werden könnten","COLLOCATION",0,856,2,"https://de.wikipedia.org/wiki/Search_Result_0"
"Verfassung","verfassung","COMPOUND_NOUN",0,800,1,"https://de.wikipedia.org/wiki/Search_Result_0"
"aus Geschäftsordnung","aus geschäftsordnung","PHRASAL_VERB",0,750,2,"https://de.wikipedia.org/wiki/Search_Result_0"
"jedoch schon","jedoch schon","COLLOCATION",0,818,2,"https://de.wikipedia.org/wiki/Search_Result_0"
"häufig trotz","häufig trotz","COLLOCATION",0,600,2,"https://de.wikipedia.org/wiki/Search_Result_0"
"dem Reichstag","dem reichstag","COLLOCATION",0,630,2,"https://de.wikipedia.org/wiki/Search_Result_0"
"1966 bis","1966 bis","COLLOCATION",0,670,2,"https://de.wikipedia.org/wiki/Search_Result_0"
"von etwa","von etwa","COLLOCATION",0,533,2,"https://de.wikipedia.org/wiki/Search_Result_0"
"Unteroffizier","unteroffizier","COMPOUND_NOUN",0,800,1,"https://de.wikipedia.org/wiki/Search_Result_0"
"Parteivorsitzender","parteivorsitzender","COMPOUND_NOUN",0,800,1,"https://de.wikipedia.org/wiki/Search_Result_0"
"Bundesministerium des","bundesministerium des","COLLOCATION",0,601,2,"https://de.wikipedia.org/wiki/Search_Result_0"
"dem Tod","dem tod","COLLOCATION",0,572,2,"https://de.wikipedia.org/wiki/Search_Result_0"
"im Hinblick auf","im hinblick auf","PREPOSITIONAL_PHRASE",0,900,3,"https://de.wikipedia.org/wiki/Search_Result_0"
"Weimarer Republik","weimarer republik","COLLOCATION",0,913,2,"https://de.wikipedia.org/wiki/Search_Result_0"
"Umsetzung","umsetzung","COMPOUND_NOUN",0,800,1,"https://de.wikipedia.org/wiki/Search_Result_0"
"Vorsitzender des","vorsitzender des","COLLOCATION",0,543,2,"https://de.wikipedia.org/wiki/Search_Result_0"
"entscheidet über","entscheidet über","COLLOCATION",0,810,2,"https://de.wikipedia.org/wiki/Search_Result_0"
"Protokollarische","protokollarische","COMPOUND_NOUN",0,800,1,"https://de.wikipedia.org/wiki/Search_Result_0"
"wie bisher","wi bisher","COLLOCATION",0,600,2,"https://de.wikipedia.org/wiki/Search_Result_0"
"so muss","so muss","COLLOCATION",0,607,2,"https://de.wikipedia.org/wiki/Search_Result_0"
"auf eine","auf eine","PHRASAL_VERB",0,750,2,"https://de.wikipedia.org/wiki/Search_Result_0"
"gewählten Bundestages","gewählten bundestages","COLLOCATION",0,774,2,"https://de.wikipedia.org/wiki/Search_Result_0"
"dem Amtsinhaber","dem amtsinhaber","COLLOCATION",0,550,2,"https://de.wikipedia.org/wiki/Search_Result_0"
"bei seinen","bei seinen","PHRASAL_VERB",0,750,2,"https://de.wikipedia.org/wiki/Search_Result_0"
"kam es","kam es","COLLOCATION",0,789,2,"https://de.wikipedia.org/wiki/Search_Result_0"
"Zu diesen","zu diesen","PHRASAL_VERB",0,750,2,"https://de.wikipedia.org/wiki/Search_Result_0"
"Helmut Kohl","helmut kohl","COLLOCATION",0,800,2,"https://de.wikipedia.org/wiki/Search_Result_0"
"Uneindeutigkeit","uneindeutigkeit","COMPOUND_NOUN",0,800,1,"https://de.wikipedia.org/wiki/Search_Result_0"
"zu starken","zu starken","PHRASAL_VERB",0,750,2,"https://de.wikipedia.org/wiki/Search_Result_0"
"rückgängig gemacht","rückgängig gemacht","COLLOCATION",0,600,2,"https://de.wikipedia.org/wiki/Search_Result_0"
"Regierungsbunker","regierungsbunker","COMPOUND_NOUN",0,800,1,"https://de.wikipedia.org/wiki/Search_Result_0"
"Einflussmöglichkeiten","einflussmöglichkeiten","COMPOUND_NOUN",0,800,1,"https://de.wikipedia.org/wiki/Search_Result_0"
"Von Bismarck","von bismarck","NAMED_ENTITY",0,850,2,"https://de.wikipedia.org/wiki/Search_Result_0"
": Kanzlerdemokratie",": kanzlerdemokratie","COLLOCATION",0,539,2,"https://de.wikipedia.org/wiki/Search_Result_0"
"dem Bundespräsidenten","dem bundespräsidenten","COLLOCATION",0,516,2,"https://de.wikipedia.org/wiki/Search_Result_0"
"seiner Partei","seiner partei","COLLOCATION",0,619,2,"https://de.wikipedia.org/wiki/Search_Result_0"
"und umgekehrt","und umgekehrt","COLLOCATION",0,600,2,"https://de.wikipedia.org/wiki/Search_Result_0"
"abgelöst werden","abgelöst werden","COLLOCATION",0,856,2,"https://de.wikipedia.org/wiki/Search_Result_0"
"Scheitern","scheitern","COMPOUND_NOUN",0,800,1,"https://de.wikipedia.org/wiki/Search_Result_0"
"bei Wiedereinführung","bei wiedereinführung","PHRASAL_VERB",0,750,2,"https://de.wikipedia.org/wiki/Search_Result_0"
"2 GG","2 gg","COLLOCATION",0,747,2,"https://de.wikipedia.org/wiki/Search_Result_0"
"Im Jahr","im jahr","COLLOCATION",0,635,2,"https://de.wikipedia.org/wiki/Search_Result_0"
"einer Kanzlerschaft","einer kanzlerschaft","COLLOCATION",0,634,2,"https://de.wikipedia.org/wiki/Search_Result_0"
"Schwächephase","schwächephase","COMPOUND_NOUN",0,800,1,"https://de.wikipedia.org/wiki/Search_Result_0"
"Bundesjustizministers","bundesjustizministers","COMPOUND_NOUN",0,800,1,"https://de.wikipedia.org/wiki/Search_Result_0"
"zunächst im","zunächst im","COLLOCATION",0,544,2,"https://de.wikipedia.org/wiki/Search_Result_0"
"sich um","sich um","COLLOCATION",0,583,2,"https://de.wikipedia.org/wiki/Search_Result_0"
"lang (","lang (","COLLOCATION",0,600,2,"https://de.wikipedia.org/wiki/Search_Result_0"
"↑ Antrag","↑ antrag","COLLOCATION",0,589,2,"https://de.wikipedia.org/wiki/Search_Result_0"
"Personalhoheit","personalhoheit","COMPOUND_NOUN",0,800,1,"https://de.wikipedia.org/wiki/Search_Result_0"
"69 Rn","69 rn","COLLOCATION",1,000,2,"https://de.wikipedia.org/wiki/Search_Result_0"
"die Herbeirufung oder","die herbeirufung oder","COLLOCATION",0,650,3,"https://de.wikipedia.org/wiki/Search_Result_0"
"Jahr 2024","jahr 2024","COLLOCATION",0,600,2,"https://de.wikipedia.org/wiki/Search_Result_0"
"nach Festhalten","nach festhalten","PHRASAL_VERB",0,750,2,"https://de.wikipedia.org/wiki/Search_Result_0"
"Jahr 2022","jahr 2022","COLLOCATION",0,600,2,"https://de.wikipedia.org/wiki/Search_Result_0"
"Revision","revision","COMPOUND_NOUN",0,800,1,"https://de.wikipedia.org/wiki/Search_Result_0"
"Gebäude des","gebäude des","COLLOCATION",0,601,2,"https://de.wikipedia.org/wiki/Search_Result_0"
"Verteidigung","verteidigung","COMPOUND_NOUN",0,800,1,"https://de.wikipedia.org/wiki/Search_Result_0"
"Fallkonstellation","fallkonstellation","COMPOUND_NOUN",0,800,1,"https://de.wikipedia.org/wiki/Search_Result_0"
"Gesellschaft","gesellschaft","COMPOUND_NOUN",0,800,1,"https://de.wikipedia.org/wiki/Search_Result_0"
"Kiesinger war","kiesinger war","COLLOCATION",0,506,2,"https://de.wikipedia.org/wiki/Search_Result_0"
"November 2005","november 2005","COLLOCATION",0,815,2,"https://de.wikipedia.org/wiki/Search_Result_0"
"Gegenzeichnung","gegenzeichnung","COMPOUND_NOUN",0,800,1,"https://de.wikipedia.org/wiki/Search_Result_0"
"in solchen","in solch","COLLOCATION",0,572,2,"https://de.wikipedia.org/wiki/Search_Result_0"
"den amtierenden","den amtierenden","COLLOCATION",0,600,2,"https://de.wikipedia.org/wiki/Search_Result_0"
"Bundeshaushalt","bundeshaushalt","COMPOUND_NOUN",0,800,1,"https://de.wikipedia.org/wiki/Search_Result_0"
"Euro im","euro im","COLLOCATION",0,544,2,"https://de.wikipedia.org/wiki/Search_Result_0"
"stellte am","stellte am","COLLOCATION",0,603,2,"https://de.wikipedia.org/wiki/Search_Result_0"
"Finanzministers","finanzministers","COMPOUND_NOUN",0,800,1,"https://de.wikipedia.org/wiki/Search_Result_0"
"und liess","und liess","COLLOCATION",0,600,2,"https://de.wikipedia.org/wiki/Search_Result_0"
"Amtsinhaber","amtsinhaber","COMPOUND_NOUN",0,800,1,"https://de.wikipedia.org/wiki/Search_Result_0"
"Dieser Artikel","dieser artikel","COLLOCATION",0,623,2,"https://de.wikipedia.org/wiki/Search_Result_0"
"Regierungsführung von","regierungsführung von","PHRASAL_VERB",0,700,2,"https://de.wikipedia.org/wiki/Search_Result_0"
"Parteisatzung","parteisatzung","COMPOUND_NOUN",0,800,1,"https://de.wikipedia.org/wiki/Search_Result_0"
"Mai 2023","mai 2023","COLLOCATION",0,884,2,"https://de.wikipedia.org/wiki/Search_Result_0"
"Ortszuschlages","ortszuschlages","COMPOUND_NOUN",0,800,1,"https://de.wikipedia.org/wiki/Search_Result_0"
"Mai 2022","mai 2022","COLLOCATION",0,747,2,"https://de.wikipedia.org/wiki/Search_Result_0"
"für eine","für eine","COLLOCATION",0,600,2,"https://de.wikipedia.org/wiki/Search_Result_0"
"Amtsantritt","amtsantritt","COMPOUND_NOUN",0,800,1,"https://de.wikipedia.org/wiki/Search_Result_0"
"Rahmenbedingungen","rahmenbedingungen","COMPOUND_NOUN",0,800,1,"https://de.wikipedia.org/wiki/Search_Result_0"
"Mai 2025","mai 2025","COLLOCATION",0,747,2,"https://de.wikipedia.org/wiki/Search_Result_0"
"Bestellung und","bestellung und","COLLOCATION",0,600,2,"https://de.wikipedia.org/wiki/Search_Result_0"
"Fokussierung auf","fokussierung auf","COLLOCATION",0,600,2,"https://de.wikipedia.org/wiki/Search_Result_0"
"haben sich","haben sich","COLLOCATION",0,583,2,"https://de.wikipedia.org/wiki/Search_Result_0"
"ein entscheiden","ein entscheiden","PHRASAL_VERB",0,750,2,"https://de.wikipedia.org/wiki/Search_Result_0"
"aus schied","aus schied","PHRASAL_VERB",0,750,2,"https://de.wikipedia.org/wiki/Search_Result_0"
"und mit","und mit","COLLOCATION",0,600,2,"https://de.wikipedia.org/wiki/Search_Result_0"
"Weg den","weg den","PHRASAL_VERB",0,750,2,"https://de.wikipedia.org/wiki/Search_Result_0"
"vor alle","vor alle","PHRASAL_VERB",0,750,2,"https://de.wikipedia.org/wiki/Search_Result_0"
"Bundeskanzler","bundeskanzler","COMPOUND_NOUN",0,800,1,"https://de.wikipedia.org/wiki/Search_Result_0"
"Für den","für den","COLLOCATION",0,600,2,"https://de.wikipedia.org/wiki/Search_Result_0"
"Ruch des","ruch des","COLLOCATION",0,600,2,"https://de.wikipedia.org/wiki/Search_Result_0"
"( Hrsg","( hrsg","COLLOCATION",0,659,2,"https://de.wikipedia.org/wiki/Search_Result_0"
"Argumentation","argumentation","COMPOUND_NOUN",0,800,1,"https://de.wikipedia.org/wiki/Search_Result_0"
"Eidgenossenschaft","eidgenossenschaft","COMPOUND_NOUN",0,800,1,"https://de.wikipedia.org/wiki/Search_Result_0"
"Brandt hatte","brandt hatte","COLLOCATION",0,615,2,"https://de.wikipedia.org/wiki/Search_Result_0"
"zu alle","zu alle","PHRASAL_VERB",0,750,2,"https://de.wikipedia.org/wiki/Search_Result_0"
"Hans Jarass","hans jarass","COLLOCATION",1,000,2,"https://de.wikipedia.org/wiki/Search_Result_0"
"Ressortprinzips","ressortprinzips","COMPOUND_NOUN",0,800,1,"https://de.wikipedia.org/wiki/Search_Result_0"
"Mitarbeiterschaft","mitarbeiterschaft","COMPOUND_NOUN",0,800,1,"https://de.wikipedia.org/wiki/Search_Result_0"
"politisch eigenständig","politisch eigenständig","COLLOCATION",1,000,2,"https://de.wikipedia.org/wiki/Search_Result_0"
"jedoch nach","jedoch nach","COLLOCATION",0,600,2,"https://de.wikipedia.org/wiki/Search_Result_0"
"mit waren","mit waren","PHRASAL_VERB",0,750,2,"https://de.wikipedia.org/wiki/Search_Result_0"
"Bundestag","bundestag","COMPOUND_NOUN",0,800,1,"https://de.wikipedia.org/wiki/Search_Result_0"
"im Wahlkampf","im wahlkampf","COLLOCATION",0,644,2,"https://de.wikipedia.org/wiki/Search_Result_0"
"Wirtschaft )","wirtschaft )","COLLOCATION",0,559,2,"https://de.wikipedia.org/wiki/Search_Result_0"
"CDU/CSU und","cdu/csu und","COLLOCATION",0,584,2,"https://de.wikipedia.org/wiki/Search_Result_0"
"den längsten","den längsten","COLLOCATION",0,600,2,"https://de.wikipedia.org/wiki/Search_Result_0"
"Churchill","churchill","COMPOUND_NOUN",0,800,1,"https://de.wikipedia.org/wiki/Search_Result_0"
"Einführung","einführung","COMPOUND_NOUN",0,800,1,"https://de.wikipedia.org/wiki/Search_Result_0"
"Ansicht","ansicht","COMPOUND_NOUN",0,800,1,"https://de.wikipedia.org/wiki/Search_Result_0"
"gleichzeitig ein","gleichzeitig ein","COLLOCATION",0,564,2,"https://de.wikipedia.org/wiki/Search_Result_0"
